datetime,generator_1_t+15_pred,generator_1_t+30_pred,generator_1_t+45_pred,generator_1_t+60_pred,generator_1_t+75_pred,generator_1_t+90_pred,generator_1_t+105_pred,generator_1_t+120_pred,generator_1_t+135_pred,generator_1_t+150_pred,generator_1_t+165_pred,generator_1_t+180_pred,generator_1_t+195_pred,generator_1_t+210_pred,generator_1_t+225_pred,generator_1_t+240_pred,generator_1_t+255_pred,generator_1_t+270_pred,generator_1_t+285_pred,generator_1_t+300_pred,generator_1_t+315_pred,generator_1_t+330_pred,generator_1_t+345_pred,generator_1_t+360_pred,generator_1_t+375_pred,generator_1_t+390_pred,generator_1_t+405_pred,generator_1_t+420_pred,generator_1_t+435_pred,generator_1_t+450_pred,generator_1_t+465_pred,generator_1_t+480_pred,generator_1_t+495_pred,generator_1_t+510_pred,generator_1_t+525_pred,generator_1_t+540_pred,generator_1_t+555_pred,generator_1_t+570_pred,generator_1_t+585_pred,generator_1_t+600_pred,generator_1_t+615_pred,generator_1_t+630_pred,generator_1_t+645_pred,generator_1_t+660_pred,generator_1_t+675_pred,generator_1_t+690_pred,generator_1_t+705_pred,generator_1_t+720_pred,generator_1_t+735_pred,generator_1_t+750_pred,generator_1_t+765_pred,generator_1_t+780_pred,generator_1_t+795_pred,generator_1_t+810_pred,generator_1_t+825_pred,generator_1_t+840_pred,generator_1_t+855_pred,generator_1_t+870_pred,generator_1_t+885_pred,generator_1_t+900_pred,generator_1_t+915_pred,generator_1_t+930_pred,generator_1_t+945_pred,generator_1_t+960_pred,generator_1_t+975_pred,generator_1_t+990_pred,generator_1_t+1005_pred,generator_1_t+1020_pred,generator_1_t+1035_pred,generator_1_t+1050_pred,generator_1_t+1065_pred,generator_1_t+1080_pred,generator_1_t+1095_pred,generator_1_t+1110_pred,generator_1_t+1125_pred,generator_1_t+1140_pred,generator_1_t+1155_pred,generator_1_t+1170_pred,generator_1_t+1185_pred,generator_1_t+1200_pred,generator_1_t+1215_pred,generator_1_t+1230_pred,generator_1_t+1245_pred,generator_1_t+1260_pred,generator_1_t+1275_pred,generator_1_t+1290_pred,generator_1_t+1305_pred,generator_1_t+1320_pred,generator_1_t+1335_pred,generator_1_t+1350_pred,generator_1_t+1365_pred,generator_1_t+1380_pred,generator_1_t+1395_pred,generator_1_t+1410_pred,generator_1_t+1425_pred,generator_1_t+1440_pred,generator_all_t+15_pred,generator_all_t+30_pred,generator_all_t+45_pred,generator_all_t+60_pred,generator_all_t+75_pred,generator_all_t+90_pred,generator_all_t+105_pred,generator_all_t+120_pred,generator_all_t+135_pred,generator_all_t+150_pred,generator_all_t+165_pred,generator_all_t+180_pred,generator_all_t+195_pred,generator_all_t+210_pred,generator_all_t+225_pred,generator_all_t+240_pred,generator_all_t+255_pred,generator_all_t+270_pred,generator_all_t+285_pred,generator_all_t+300_pred,generator_all_t+315_pred,generator_all_t+330_pred,generator_all_t+345_pred,generator_all_t+360_pred,generator_all_t+375_pred,generator_all_t+390_pred,generator_all_t+405_pred,generator_all_t+420_pred,generator_all_t+435_pred,generator_all_t+450_pred,generator_all_t+465_pred,generator_all_t+480_pred,generator_all_t+495_pred,generator_all_t+510_pred,generator_all_t+525_pred,generator_all_t+540_pred,generator_all_t+555_pred,generator_all_t+570_pred,generator_all_t+585_pred,generator_all_t+600_pred,generator_all_t+615_pred,generator_all_t+630_pred,generator_all_t+645_pred,generator_all_t+660_pred,generator_all_t+675_pred,generator_all_t+690_pred,generator_all_t+705_pred,generator_all_t+720_pred,generator_all_t+735_pred,generator_all_t+750_pred,generator_all_t+765_pred,generator_all_t+780_pred,generator_all_t+795_pred,generator_all_t+810_pred,generator_all_t+825_pred,generator_all_t+840_pred,generator_all_t+855_pred,generator_all_t+870_pred,generator_all_t+885_pred,generator_all_t+900_pred,generator_all_t+915_pred,generator_all_t+930_pred,generator_all_t+945_pred,generator_all_t+960_pred,generator_all_t+975_pred,generator_all_t+990_pred,generator_all_t+1005_pred,generator_all_t+1020_pred,generator_all_t+1035_pred,generator_all_t+1050_pred,generator_all_t+1065_pred,generator_all_t+1080_pred,generator_all_t+1095_pred,generator_all_t+1110_pred,generator_all_t+1125_pred,generator_all_t+1140_pred,generator_all_t+1155_pred,generator_all_t+1170_pred,generator_all_t+1185_pred,generator_all_t+1200_pred,generator_all_t+1215_pred,generator_all_t+1230_pred,generator_all_t+1245_pred,generator_all_t+1260_pred,generator_all_t+1275_pred,generator_all_t+1290_pred,generator_all_t+1305_pred,generator_all_t+1320_pred,generator_all_t+1335_pred,generator_all_t+1350_pred,generator_all_t+1365_pred,generator_all_t+1380_pred,generator_all_t+1395_pred,generator_all_t+1410_pred,generator_all_t+1425_pred,generator_all_t+1440_pred
2025-05-01 00:00:00,102.894514,102.955311,102.317568,102.221511,102.600687,102.267866,102.630391,102.645361,103.113236,104.518636,104.195315,103.172174,103.234313,101.505423,101.593917,101.779161,99.787122,99.299148,99.740145,99.859272,99.576255,100.122862,101.012946,100.615481,99.632734,100.085973,99.913242,100.846350,99.869756,100.841982,100.932730,102.268186,101.423633,104.021057,105.092167,104.641148,105.090120,104.265138,101.363519,101.078398,101.027452,103.796968,103.110929,103.297136,103.085565,102.386705,105.390317,103.650749,105.897037,108.114952,107.566715,108.002355,108.628823,109.769817,111.737136,113.146902,113.572602,115.485292,116.053120,114.049907,113.055521,110.983158,113.327701,110.492034,109.448306,109.255603,107.566723,106.956174,108.680875,109.786958,111.728053,113.227469,108.413357,109.335264,104.408264,104.265349,102.289473,101.347529,100.376035,101.111882,99.444152,103.071353,101.499707,101.581949,101.962966,100.916493,101.266102,101.735046,102.175408,102.021288,101.891057,101.898752,101.775342,101.623039,102.755563,102.415142,316.653031,315.433193,315.315966,312.596819,313.318742,312.646330,312.508665,309.416700,310.760351,310.844264,310.387358,309.068156,305.327501,303.377977,302.733846,304.471676,299.872486,304.200751,303.726512,304.407454,303.865779,301.254559,305.750524,303.886596,306.317384,310.854753,312.976469,313.080380,312.408168,309.838231,310.091684,309.889293,310.684107,316.808249,322.946060,325.508538,326.979716,324.401031,320.682774,320.749729,313.109424,313.999690,314.426308,307.430065,309.144949,311.381743,313.396849,311.999665,305.717863,311.803947,309.447973,310.748513,315.613799,315.211543,315.555633,315.938636,316.713370,322.594890,326.046223,326.994300,322.905841,321.421804,325.518200,320.332547,317.198407,314.916946,318.969363,325.636694,329.250769,330.348110,331.893029,331.616395,332.720794,331.622457,329.345187,330.068639,329.096120,328.959804,327.652059,321.650557,314.918962,313.466722,311.612835,312.792280,313.274732,312.897468,316.716109,314.608334,315.429507,319.301638,321.203987,324.507030,327.066781,322.987271,318.906636,318.692742
2025-05-01 00:15:00,102.537130,102.626769,101.628189,102.054069,102.057072,102.442706,102.353522,103.357878,104.640987,104.552050,103.349318,103.486957,101.814225,101.569364,101.686211,99.690657,99.306734,99.589214,99.756659,99.489239,99.991473,100.977043,100.312179,100.970613,100.157558,99.591601,100.007470,99.807213,100.538177,100.460127,101.684929,100.949623,103.104200,104.352510,104.324775,104.850452,103.771805,101.380022,100.539545,101.053182,102.467801,103.601763,103.127421,103.104294,101.903959,104.803742,103.329579,104.800712,108.434995,108.079444,108.159003,108.475482,109.559239,111.955844,112.673640,113.149818,115.238258,115.920834,114.312025,113.743754,111.248497,113.343519,111.296410,109.480951,109.401166,108.056210,106.583628,108.586029,109.559393,112.260550,113.064348,108.671781,109.527712,104.338417,104.674356,102.699958,101.137893,100.649794,101.560061,99.374276,103.163397,101.752249,101.280769,102.278775,100.938642,101.253595,101.221298,102.063182,102.075600,101.817706,101.955726,101.781088,101.616628,102.784432,103.569909,102.419212,319.584910,320.482801,318.918131,318.052555,318.910279,317.318946,317.379190,313.845476,315.909450,313.128639,313.076612,310.879699,306.329632,305.945254,306.606181,305.266508,304.214397,307.585603,307.306728,306.244526,304.794844,306.497844,306.625622,309.326758,313.858942,309.426927,311.199346,311.167469,309.924222,310.639644,309.467934,309.839745,317.184421,320.265706,324.365006,325.784522,322.388152,321.103750,316.318176,313.306335,312.697422,313.599237,310.120051,308.177545,311.071680,314.247480,310.812977,311.586959,307.884109,308.852958,311.707805,310.068424,312.908429,314.173497,314.127682,316.479866,323.225336,325.759388,327.962991,325.893978,318.815287,323.037457,321.207763,317.460022,319.952232,319.124358,325.285079,331.483054,331.897694,335.086844,332.034851,330.709638,333.943071,330.066690,330.669463,328.903258,328.079272,330.965218,324.007148,316.492042,314.182561,312.162141,312.807382,310.033110,313.262011,315.288113,313.268550,316.008161,318.378811,322.202888,324.599160,324.082741,322.381527,323.872699,322.095871,320.706782
2025-05-01 00:30:00,102.752767,103.317429,102.412666,102.136628,102.599082,102.539781,103.356564,103.822249,104.442585,103.460602,103.379676,101.665146,101.834524,101.958334,99.877450,99.486822,99.852493,99.894749,99.524213,100.056156,101.089521,100.694731,101.089543,102.109982,99.924207,100.339180,99.731323,101.031667,101.064878,101.991821,101.130651,103.454643,104.288433,104.594273,105.342770,104.079120,101.230256,100.889450,100.927250,103.125582,102.822954,104.060553,103.315425,102.422624,104.804276,102.922886,104.703332,106.902065,107.533071,108.490003,108.336656,109.342451,111.912192,113.067476,112.746000,115.185777,115.754156,114.594278,113.761875,111.337287,112.957290,110.342417,109.517687,108.808930,108.059579,107.356135,108.458346,109.609282,112.234612,113.386567,108.243086,109.617811,104.410323,104.335004,102.523371,101.177261,100.067007,101.331927,99.325433,102.727821,101.455033,101.638985,102.246986,101.363042,101.778732,101.447216,101.792221,102.123546,101.748414,101.693550,101.439656,100.875145,102.296236,102.972204,102.448909,102.076417,319.490001,320.599030,320.396108,319.642047,322.642189,321.004622,320.162598,317.690441,316.656740,313.845090,314.835630,309.325125,308.711126,309.433588,306.359754,309.301319,305.738078,310.438463,309.021654,307.475262,308.259911,308.308852,308.604065,314.794264,314.691348,310.949622,310.347402,309.163829,313.777067,312.012897,310.923196,317.330680,321.714275,323.552796,325.825545,323.784349,321.869316,319.250353,311.441885,313.898037,312.892178,312.225218,310.286843,309.168425,313.592933,311.967882,309.178474,312.808850,306.123974,311.054707,311.864410,310.040285,316.109112,316.004333,315.617790,318.941761,325.104862,329.505720,328.363452,322.788356,322.997817,323.441048,319.676185,321.386573,323.119615,327.920206,330.870362,334.220485,336.316061,333.798672,329.811394,330.397792,329.830635,330.420360,330.211382,328.177764,328.871315,329.170957,319.785538,316.014751,313.367483,312.613010,311.784132,311.042537,316.044368,312.598361,315.758270,318.500024,320.084801,321.805431,321.891678,322.256519,321.998061,322.959805,322.083541,321.493406
2025-05-01 00:45:00,102.928557,103.515762,101.906095,102.363935,102.334432,103.254766,103.750651,103.581318,103.544183,103.715359,101.891138,102.083592,102.061366,100.081250,99.602378,100.116328,100.175757,99.782398,100.223614,101.301376,100.798351,101.405493,102.254087,101.955043,100.166511,99.576099,100.660309,101.077529,102.046001,101.238650,103.745844,104.262620,103.987580,104.919560,104.167739,101.421193,100.368567,101.270338,102.816732,102.909448,103.178351,104.073665,102.561722,105.188116,102.718028,104.266586,106.663431,106.132824,108.084938,108.536071,108.900151,111.205658,112.278134,112.983228,114.583360,115.452264,113.883231,113.903366,111.358200,112.952335,110.402021,109.206753,109.094132,107.401488,106.874958,108.674972,109.308826,111.636995,113.256939,108.414153,108.920811,104.484623,104.435993,102.214417,101.117104,100.340981,101.167753,99.434274,102.802051,100.987168,101.499504,102.376398,100.879566,101.984615,101.564645,101.401220,101.570047,101.354270,101.636728,101.345210,101.394716,102.206750,102.950964,102.565659,102.696101,102.392107,320.556644,321.534110,320.205872,320.310839,320.570020,318.889718,319.103999,315.284688,313.853774,311.656569,309.847668,308.546465,307.503884,306.502504,305.280393,307.781344,305.140201,308.521304,306.618153,307.622869,303.310365,307.724741,311.319270,314.047487,314.467543,312.876024,307.825221,309.419796,313.561660,311.484537,317.512775,320.844333,325.877881,325.896381,324.053702,323.404792,318.241470,314.551977,313.392242,313.794295,311.409045,311.606525,310.195950,311.627831,310.536182,310.432462,310.032545,313.182860,307.324865,309.872899,311.385162,315.560654,317.087378,317.642084,322.724344,322.643599,329.001943,327.219596,324.071791,323.892905,319.751232,320.090645,322.026450,324.515664,328.894878,329.021661,330.149239,333.568922,333.678615,331.396112,330.425119,327.630540,327.656613,328.561962,328.199553,328.446292,326.150882,322.849145,319.697692,317.338772,315.866264,313.574136,314.501536,312.313116,316.449722,316.490608,320.963496,322.949780,321.091058,323.341585,323.584521,321.919350,321.345046,321.474553,323.925016,319.457613
2025-05-01 01:00:00,103.494227,103.208320,102.824261,102.786460,103.782167,104.211333,103.992638,103.942400,103.751567,102.131507,102.153255,102.179428,100.150633,99.763762,100.147760,100.289791,99.851714,100.342389,101.310948,100.943516,101.405854,102.354845,101.961898,102.653540,100.216782,101.238468,101.075611,102.566160,101.710315,103.875705,105.054515,104.424298,105.008313,104.701210,102.060150,101.029873,100.997691,103.390191,102.993496,103.606740,103.628476,103.578127,105.489331,103.645378,104.579267,106.501830,106.384211,107.228207,108.452533,109.896704,111.814639,112.598413,113.228825,115.307384,115.469743,114.382350,113.409812,111.525560,113.465441,110.534566,109.429345,109.156592,108.074005,106.980251,108.882370,109.616678,112.025672,113.358781,108.905151,109.960206,104.317192,104.852394,102.945778,101.213827,100.617759,101.773550,99.655974,102.928040,101.739984,101.753530,102.497422,101.706412,102.003757,102.513727,102.127835,101.966906,101.884149,102.064877,102.022051,101.566132,102.927495,102.938324,102.535185,103.096096,102.929091,102.801344,320.217906,321.998051,322.960767,321.810630,323.733377,322.334470,320.512981,318.762487,314.909286,311.071934,311.300839,310.069037,307.283904,309.713924,307.834728,310.455600,307.024319,310.494339,311.166237,309.690331,311.254113,315.226598,315.020199,316.550242,315.523849,308.884517,309.875273,309.824470,314.202834,318.253578,323.148611,323.868214,327.751366,324.397980,324.526150,319.681608,313.381696,314.967885,312.640819,311.117855,309.352950,312.098196,312.220768,307.726846,307.648663,310.550861,310.644111,312.684125,308.346746,310.794545,314.056142,316.629683,317.065646,321.689597,323.328933,323.992898,324.271657,322.282858,325.189338,320.316558,315.922413,322.386112,326.184146,328.265079,334.067972,332.774481,335.191490,332.324430,332.964877,331.701718,327.058337,326.020437,327.713780,327.350708,329.252632,326.379018,320.011800,321.234392,317.927624,317.373830,314.746670,311.993387,315.255819,311.309869,316.466262,318.780939,322.007508,321.986756,321.792224,321.454186,322.890683,321.982690,321.472223,322.728876,322.969147,322.369059
2025-05-01 01:15:00,103.127524,104.137494,103.779575,104.484709,105.053445,104.843302,104.841691,105.026914,102.842924,102.989615,102.914671,100.842899,100.394075,100.856784,100.883160,100.709315,101.220479,102.224788,101.783870,102.280345,103.221078,102.868406,103.411639,102.757151,101.966406,101.918595,103.174781,102.595433,104.517497,105.780511,105.773203,105.983886,105.237723,102.225953,102.186356,102.551087,104.263003,104.459248,104.822948,104.924055,103.714674,107.092275,104.492616,106.005171,107.362394,106.596990,107.968658,108.324512,110.163658,112.797591,113.720960,113.883341,115.964052,116.798307,114.824547,114.773114,111.882654,114.596446,111.937341,110.248018,109.884960,108.613464,108.329726,109.092758,110.927560,112.907473,114.224240,109.281355,110.828358,105.700605,105.180001,103.922169,102.406172,100.958939,102.563456,100.425632,104.023245,102.163459,102.589553,103.057525,101.996537,102.518080,102.670780,103.778032,103.146599,102.670525,103.043969,102.887976,102.539533,103.345615,103.884103,103.435327,103.855828,103.501550,104.093334,103.072806,323.432904,324.694359,327.767236,327.087011,327.985013,324.853121,324.032979,320.674885,315.245260,313.939154,314.169897,309.986736,310.203016,312.012537,309.774750,311.619252,308.380629,311.951314,312.180578,312.697423,316.086717,315.178003,315.439356,315.771059,313.981805,311.811260,312.326612,310.099576,322.511245,324.279270,326.706626,326.094728,327.283827,325.583953,320.461531,314.059040,315.352927,315.138495,311.147664,311.001949,310.835370,314.777848,309.000537,306.729353,310.477952,312.944232,311.568822,313.059087,306.880440,312.692482,313.883181,315.925069,320.101254,324.565365,325.828918,320.429378,319.570276,324.867790,322.056498,319.231015,319.356516,324.788726,331.781590,333.782147,334.918678,334.291915,334.031956,331.145786,331.340277,328.541844,326.731892,325.934297,324.043534,327.198482,326.600961,319.233295,317.874228,316.370116,316.310058,316.934309,310.762375,315.156057,311.965114,313.819891,320.110085,320.542396,324.705942,323.355708,320.414923,322.014266,324.152618,322.982908,324.469524,319.260756,323.973845,322.117803
2025-05-01 01:30:00,110.908766,111.039014,107.407867,108.216643,108.371024,108.793990,108.911898,108.307971,106.164700,105.851496,103.812842,103.417119,103.680855,103.330484,102.805435,103.833244,104.667591,104.197561,104.704056,105.447241,105.172101,105.771416,105.160144,105.723439,104.588382,105.692397,104.669373,107.378492,108.129762,107.828015,108.574567,107.457594,104.347258,103.390951,104.072873,105.547991,105.468869,105.737531,105.772467,105.358372,107.975765,106.603986,107.849780,109.546348,108.917616,109.447156,109.261518,111.021157,113.674263,114.819435,115.086580,117.089322,117.381957,116.236944,115.304500,113.229047,114.886071,112.450197,111.274891,111.048053,110.040324,108.828724,110.613625,111.412571,114.471484,115.570215,110.381835,111.421769,106.397680,106.756645,104.932370,103.536623,102.645061,103.647262,102.132180,105.221804,104.174033,104.296117,104.330755,102.941957,103.313268,103.363733,104.010051,103.692126,103.814179,104.138352,103.134631,103.275814,104.346483,104.587555,104.132374,104.282436,104.305207,104.909117,104.241445,106.645904,343.730632,342.555064,341.865945,340.082572,338.028866,336.316321,336.268958,331.491070,320.437094,320.114904,318.658837,317.361173,316.109211,317.678096,314.481074,314.258449,312.250387,313.970524,315.822979,320.979512,320.398996,319.862525,316.819595,319.445904,315.877075,315.669292,313.746190,319.308440,325.803410,328.420882,327.435379,325.854520,327.382212,321.784633,316.886049,318.522035,318.768269,317.345978,314.791359,315.976073,317.701591,315.463033,313.251477,311.591979,313.105110,314.189323,311.273962,312.869889,311.798855,316.646151,313.254893,320.120438,323.833153,325.608605,324.054123,318.681325,323.256224,323.312720,319.529573,322.441882,322.732349,331.477193,337.675507,339.932206,341.823130,335.706524,330.114398,328.838140,331.974185,328.282832,328.551159,327.293045,330.125021,328.976412,321.698967,319.578413,317.163735,319.087424,319.046704,317.164692,314.326308,314.013406,314.413745,314.065197,321.361844,320.088684,322.362645,317.828250,322.776968,324.579160,325.969237,326.767217,323.353227,323.347038,325.728379,325.983575
2025-05-01 01:45:00,116.810432,116.874370,110.483475,110.195422,110.858042,110.873897,110.289805,109.770933,107.148198,104.959725,104.814057,105.039577,103.916124,103.766466,104.675206,105.989004,105.374677,105.904086,106.786768,106.147821,107.066633,106.327968,106.937875,107.160634,108.339167,107.719916,109.771591,111.248371,110.453269,110.810692,109.503026,106.654973,105.033731,105.046602,107.740664,107.676773,107.900092,108.625705,108.084343,110.962824,108.910052,111.084266,113.002753,112.007956,112.462330,112.626570,113.378795,116.391504,115.146708,115.176353,117.368418,117.872490,116.429257,116.310139,113.513334,115.844266,112.814807,111.708559,111.782307,110.771311,109.960317,111.651562,112.119550,115.290077,116.874674,112.072620,112.283043,107.615394,107.457977,106.607677,104.829600,103.679527,104.986633,103.001113,106.546095,105.186264,105.198023,105.269452,104.043563,105.090968,104.412674,104.435041,104.801172,104.336671,104.577985,103.942312,104.367045,105.330372,105.527302,105.226068,105.111328,105.037748,105.324337,104.997918,107.684182,109.511976,348.532010,347.198813,346.636679,344.227064,343.476527,340.378325,339.422896,335.378282,325.015205,322.090679,322.753961,321.880055,321.322245,321.651661,320.296879,320.750544,320.360903,321.874695,325.633086,324.971427,325.698969,323.949835,322.622784,326.724975,318.626868,319.069665,325.462747,328.426123,332.782453,333.853546,329.222070,330.427482,326.940505,320.975980,321.430205,322.444243,321.044977,319.474616,319.556078,320.691007,317.304827,317.221765,316.526392,316.567987,316.283991,316.304549,314.661420,318.594475,312.797705,314.640152,317.292693,323.050571,325.176425,324.113241,321.152624,321.364491,319.406997,320.611681,320.768000,325.867821,330.573362,334.107910,335.913562,340.634689,336.073344,331.073957,331.449447,323.906191,329.787072,324.895401,325.948704,328.653324,325.716476,321.838462,320.763568,319.479641,318.102499,319.462563,317.854560,317.997887,315.790157,315.455911,318.084850,317.430864,320.655061,321.876114,318.921933,318.484140,324.049254,324.036419,324.420388,322.269231,323.744895,325.913728,324.659217,331.125127
2025-05-01 02:00:00,116.053435,116.814491,109.515312,110.183825,110.411042,109.495940,109.328739,109.159249,104.618262,104.514578,104.615190,103.627337,103.293316,104.266524,105.449085,105.001722,105.499698,106.434051,105.830159,106.333992,105.711839,106.204236,106.480375,107.133243,106.873700,109.079878,109.743719,110.024953,110.206830,109.191811,105.914524,104.824474,104.660541,106.125649,106.950214,107.219093,107.095944,107.286806,110.021537,108.053577,109.398887,111.812259,111.509780,111.734654,111.385000,112.567726,114.775106,115.976122,114.464287,115.819380,116.806773,115.360380,115.508021,113.206178,115.226515,112.246078,110.858227,110.575083,109.589581,109.200493,110.531728,111.644499,114.373891,115.653348,111.041524,111.714472,106.063750,106.544228,105.295507,104.212662,103.305678,103.653849,102.286758,105.883945,104.073100,104.345476,104.501049,102.873820,103.595912,103.495363,103.770470,103.445611,103.368298,103.481266,103.268936,102.762480,104.800578,104.744362,104.470112,104.282890,104.267030,104.285533,104.003056,106.616508,108.335681,108.115767,348.018247,348.737703,345.708158,344.187679,343.763152,340.416689,340.067699,337.525062,323.526665,323.535280,323.605898,322.038911,321.463367,321.988355,321.802713,321.977989,320.938278,326.494260,325.157435,326.253347,324.560117,323.232417,321.658450,326.742454,318.882448,325.627207,328.522385,330.532063,334.674109,331.336200,329.890850,325.736644,321.838798,321.364658,322.002068,320.936153,319.602475,319.702534,321.751093,317.163905,315.609990,318.534568,316.803056,316.659509,314.662267,317.078877,317.629822,319.393150,311.258883,321.886207,321.337509,325.179727,324.252935,321.484648,322.591984,317.647519,318.798211,323.460469,325.181486,330.160006,334.963832,335.061107,338.739669,337.841917,333.211320,330.180359,328.676679,324.491609,329.535984,325.550817,328.999896,325.448076,320.341621,321.618665,318.336452,319.175187,317.277237,320.046380,320.390367,317.982902,317.802040,319.414248,321.155427,320.298451,321.950771,319.025194,321.223525,319.777995,321.481352,323.922918,321.830658,323.990634,324.489225,325.875000,328.951362,330.724084
2025-05-01 02:15:00,114.811456,114.656520,110.237026,110.491293,109.813499,109.302536,109.403483,108.588236,105.063237,105.045514,104.495225,104.066800,105.285591,106.464999,106.143311,106.866527,107.624688,107.145352,107.737107,106.930619,107.494025,107.720160,108.405655,107.600042,107.896965,109.193950,108.728542,110.118346,108.652648,105.956144,105.721243,105.539464,106.722027,107.038256,107.194109,107.574780,106.520840,109.627925,107.647596,108.911272,110.762934,110.749880,111.778036,111.323129,112.119310,114.527975,115.184548,116.369136,117.160117,117.752195,115.863370,115.881435,113.790885,115.752465,113.229193,111.533807,111.166223,110.133630,109.787104,111.192788,112.363121,115.073410,116.399335,111.091986,111.828039,106.948140,106.974929,105.459905,103.644304,103.154048,104.358430,101.973835,106.151882,104.401202,104.146229,104.264557,103.224653,103.066857,102.322945,102.891665,103.200773,102.734697,103.017854,102.726490,103.072095,103.859615,104.685504,103.853549,104.191625,103.877881,104.143535,103.612089,106.071526,107.955667,107.755329,107.533141,345.337231,344.386714,341.277878,339.062825,337.449199,335.579875,335.442848,331.162400,320.490563,320.845963,320.975372,318.684755,318.427977,320.722855,319.048260,319.241979,324.173461,324.054479,323.097044,323.121384,321.208002,320.810262,323.853033,325.585386,323.191916,327.909476,330.423979,330.096161,330.068713,328.724302,324.006418,318.954440,321.079081,320.031031,317.947349,318.158816,318.198417,320.818155,317.309659,313.371879,314.910771,318.232119,314.802947,313.935024,312.742538,317.035521,315.804233,317.374340,313.978170,320.473882,322.362644,322.293036,318.192821,321.157750,319.097427,315.913445,319.104952,324.782453,328.649441,333.453283,335.413069,336.851484,334.767742,334.789760,332.786051,326.712395,325.372620,322.465610,325.753525,325.127218,323.196892,318.443751,319.626083,319.046062,319.203365,319.256690,318.318040,321.020001,319.771301,318.342836,319.146266,321.715798,319.634264,319.836412,322.107777,318.906034,321.219612,318.212764,320.902893,321.909314,323.210041,322.243663,323.534814,327.940436,326.585647,325.871606
2025-05-01 02:30:00,115.225861,115.224612,110.818017,110.112173,109.699254,109.502661,108.633286,108.500059,105.141880,104.492787,103.974216,105.286468,106.399392,106.183154,106.653149,107.721217,106.973625,107.794776,107.095635,107.376574,107.665129,108.425723,107.656644,109.432041,109.143012,109.014845,109.975932,109.572608,106.549670,105.817386,106.123815,108.028801,107.233078,107.836938,107.571291,107.168039,109.755861,107.866170,109.217940,111.310496,110.714483,111.881061,112.102727,112.999497,115.159342,116.011659,116.400337,118.274456,118.430430,116.050619,115.852617,113.930423,115.850956,113.522457,112.050510,111.918729,110.050890,109.899830,111.619467,112.861123,115.446289,116.524736,111.966133,112.232536,107.344268,107.645981,105.434456,104.299051,103.127638,104.490015,102.833925,105.912256,104.569294,104.670173,104.527498,103.022319,103.844688,103.145823,103.319292,103.568346,103.449586,103.145022,103.127458,102.580471,104.143273,104.398397,104.236368,103.894469,104.636810,104.453595,103.748156,106.079578,107.762392,107.663451,107.825438,108.374919,344.121984,343.299086,340.569730,337.151726,337.205255,335.228767,335.389799,331.748611,321.378278,320.393056,320.171563,318.323548,318.704509,320.118291,320.175000,324.790166,324.119198,324.568586,324.301568,322.882097,324.040475,325.058731,324.963434,330.514710,326.194025,330.608242,332.145229,328.646984,331.316273,325.091170,318.571068,318.799855,320.002852,317.099421,316.199577,318.272098,320.856854,316.831308,313.783457,314.792550,315.756903,317.856866,314.103528,314.003127,314.647863,316.961305,315.984727,320.862593,316.868113,322.460987,319.430094,315.684850,317.540043,315.239519,316.834970,317.162307,321.332215,330.117832,332.148862,333.450191,336.990918,334.649317,332.936771,335.076728,329.910787,325.813920,325.275469,319.672562,327.274255,322.192050,317.392091,318.001815,316.789467,319.128384,319.698888,319.090759,319.840072,317.926204,319.000812,320.172797,319.500796,320.118857,319.441318,317.583776,321.336096,319.013978,319.264506,318.007880,320.244805,321.786245,323.405082,320.901051,327.440375,327.480883,320.639905,323.357458
2025-05-01 02:45:00,116.309395,116.390000,109.357050,109.016730,108.821433,107.991946,107.840228,107.867181,103.238568,102.954848,103.879002,105.096296,104.704981,105.207847,106.035439,105.669041,106.274073,105.617984,106.134094,106.060223,106.752717,106.031970,107.916785,108.195680,108.126813,109.057325,108.649701,106.453840,105.157035,105.759903,106.435276,106.753164,106.409496,106.373261,105.917346,108.703549,106.302819,108.820144,110.502086,110.102937,110.925833,111.288079,112.689095,114.654864,115.274757,115.728856,117.040350,117.554521,114.818471,113.543990,111.852277,114.229174,111.489234,110.371332,109.969853,108.372859,107.527489,109.269239,110.685938,113.706273,115.081108,109.879323,110.512183,105.479159,106.167980,103.981285,102.685698,102.084285,102.984720,101.764404,105.071732,103.129388,103.221875,103.484462,102.616120,103.122133,102.799423,102.982874,103.354026,103.453338,103.546843,102.522787,102.664337,103.403816,104.581144,103.712357,104.444294,104.088945,104.981934,103.800381,105.881403,107.438344,107.423834,107.012490,107.829629,109.275915,348.340147,347.886372,344.941416,340.940039,339.021730,336.117636,334.460518,332.973218,319.871138,319.380544,319.637988,319.062970,319.697026,320.340603,322.823174,323.432000,323.484500,319.864750,319.900531,321.848264,323.741645,322.396043,327.801191,333.963189,328.072797,330.975906,329.026530,328.970693,326.155195,320.824966,320.173407,320.140552,319.330935,317.267183,317.361026,320.878394,317.980829,316.596998,315.889693,317.229566,316.306519,318.194059,315.822494,317.246907,315.285638,319.586502,321.843368,324.666871,318.373065,321.108116,317.212872,317.623583,314.985957,313.807148,318.632230,320.870162,326.530124,332.421275,332.971883,336.437908,336.007926,332.180766,333.226232,331.082035,327.356352,324.844370,324.824559,323.079957,326.453241,317.487866,318.533006,317.528431,316.643902,318.243140,320.123060,320.392784,318.667518,320.330137,324.271430,322.479782,322.194773,321.663771,318.975784,319.320143,320.190761,321.231562,321.779885,315.257570,318.754053,319.655030,321.041880,325.227897,326.399259,323.799321,320.695929,324.718758
2025-05-01 03:00:00,117.162601,116.765421,110.239102,110.145925,109.511296,109.306349,109.213283,108.561798,104.216976,105.187830,106.339156,105.970845,106.682965,107.269663,106.809311,107.671731,106.731314,107.294463,107.422598,107.955224,107.279773,108.840785,109.196841,109.055402,110.080137,109.376733,106.747849,106.488417,106.114447,108.197338,107.248421,107.474732,107.110623,106.748621,109.750418,107.888550,108.554393,111.634640,110.783627,111.715939,111.629866,113.737463,115.825453,116.299488,116.746225,117.968540,118.557366,117.398151,115.029985,112.418424,114.751467,112.607202,110.997364,110.542305,109.221235,108.563634,110.229801,111.462644,114.134005,115.723776,111.140309,111.668722,106.362676,106.522563,105.102753,103.910585,102.882650,104.072588,101.881039,105.754652,104.338331,103.848459,104.076056,103.412672,103.687292,103.196522,104.226109,103.868540,103.811148,104.191128,103.513825,103.075062,104.257259,104.758712,104.722726,104.449201,105.337725,104.907750,104.835278,106.642729,107.722647,108.055465,107.508280,108.277900,109.349293,110.257488,333.491615,331.394650,328.994944,327.592887,330.320153,327.204356,327.602252,324.525616,316.430159,315.933365,316.772849,314.722897,315.804825,320.172239,317.047151,319.999487,317.544351,316.469210,316.727467,318.220911,318.285146,324.136639,326.545411,333.189682,328.639695,327.403785,325.812085,321.771525,320.850128,319.132221,319.314787,316.169971,317.817033,317.931148,320.944536,317.101629,312.496940,313.259959,314.604473,313.012561,311.953908,313.941129,313.087122,314.301992,313.236757,320.761630,323.188734,327.989323,317.752335,317.706116,318.469608,314.770795,312.959994,318.422944,321.767294,326.098202,331.442912,335.659241,335.704600,336.854426,335.934460,333.604307,330.711022,328.037851,326.355396,323.631101,323.358411,318.343059,316.619484,314.548085,311.339754,314.318211,314.773785,315.025564,319.085657,317.483607,318.200653,321.731270,321.288859,322.082450,320.664666,320.492503,323.238466,321.900758,321.545462,324.027387,320.342262,319.792024,322.544396,321.409411,326.043259,324.697257,322.178057,320.380331,316.546302,318.202567
2025-05-01 03:15:00,115.019725,114.995783,110.367055,109.758848,109.489164,109.480224,109.234923,109.141010,106.001230,107.076240,106.802315,107.376319,108.487240,107.817620,108.628145,107.918056,108.184155,108.424669,109.082935,108.162987,109.911299,110.128370,110.054971,110.438947,108.579819,106.206209,105.442054,106.446394,107.511720,107.792082,108.245210,108.338140,106.971251,110.332047,108.127551,109.529755,110.679730,111.102339,111.551243,111.162245,112.266394,115.661274,115.987308,116.158505,117.735093,118.292135,116.707028,116.448762,113.813215,115.206126,112.777333,112.226352,111.225941,110.273113,109.389589,110.972151,112.237196,114.834290,116.022434,111.568142,112.018847,107.022491,106.692496,105.146159,103.784177,102.976017,104.227792,102.065477,105.621011,104.203222,104.424138,104.160011,102.575617,103.634811,102.732690,102.833648,103.440936,102.748154,103.494169,103.340240,103.013042,103.916369,104.781410,104.168019,104.737695,104.576961,105.213683,104.706843,107.163233,108.347337,108.086472,107.347731,108.540364,109.807176,110.566027,110.059086,330.509796,329.843744,327.059831,321.625508,317.890432,315.073335,312.991819,308.663285,305.375993,307.890553,307.756606,307.947852,313.089801,313.194408,311.610477,311.491873,309.838208,311.489807,310.631130,311.623625,316.038472,321.450487,324.972950,328.070055,323.369181,324.857405,318.861959,313.676842,319.048190,317.063996,314.721803,313.545860,316.383322,317.630688,315.472522,312.387115,311.619598,311.478561,312.302258,310.321033,310.915359,314.271516,312.268312,312.496821,315.555204,321.140659,323.173905,323.625557,311.499579,317.717179,314.335318,312.038558,316.923854,321.924756,328.591165,332.245188,333.482379,338.779261,337.128892,336.220302,335.700509,330.592806,331.047774,328.373752,323.089769,325.140346,323.095638,313.131999,317.669079,314.054987,314.160343,313.880799,316.288316,318.007868,315.476186,319.780233,319.770984,323.102033,321.111750,319.655462,319.739917,321.238832,322.647682,320.693747,325.405327,323.568298,321.965035,324.169592,321.183295,325.306012,326.640794,320.704030,322.645639,318.331754,315.503773,316.465700
2025-05-01 03:30:00,116.116354,115.536963,110.612958,110.417832,110.438206,110.256980,110.021035,110.615044,108.103095,107.874598,108.402827,109.457171,108.820031,109.467426,108.736996,109.295199,109.245662,109.889991,109.157466,110.635950,111.008128,110.839363,111.339173,110.423170,106.910903,106.192056,106.684096,108.966458,108.520652,108.950082,108.454777,107.540477,109.707048,109.212467,109.903439,112.423708,110.980710,112.277893,112.381889,113.401475,115.469682,117.371530,117.493383,118.725598,119.255400,118.040870,117.007273,115.029523,116.432539,113.529297,112.342967,112.264382,110.518525,110.429679,111.516854,112.965456,115.665248,116.747619,111.763736,112.660636,107.837651,108.121842,105.815384,104.581845,103.995704,104.927362,103.246905,106.376030,104.474150,105.025259,105.531156,103.676646,104.076631,103.873902,104.180032,103.923522,103.998001,103.861550,103.818762,103.922467,104.661170,105.334930,104.948704,104.995510,105.684053,105.732981,105.360077,107.578395,109.740805,109.117094,108.034685,108.999343,110.980182,111.672722,110.214897,111.292843,331.711461,331.119561,328.377896,325.295757,324.271505,322.018643,320.486804,319.696215,312.498250,312.710711,313.144542,316.221694,316.112631,316.812876,313.173830,312.190178,313.295185,314.692152,314.452657,318.730908,322.104021,326.386594,326.034461,328.105980,322.365321,321.686162,314.271877,314.065785,319.410106,316.684419,316.470143,315.798174,319.038088,314.443471,313.011293,314.124860,312.257268,311.990632,311.161677,310.728120,315.517911,316.253913,312.867010,316.807446,318.054142,322.572292,321.453771,319.660773,314.996083,315.337933,314.115512,317.094964,323.454067,331.135820,332.113711,331.240629,337.546005,338.263856,335.063412,338.376263,333.146965,332.267513,331.144752,327.539833,327.970319,326.753967,318.096994,315.251781,318.757733,315.488828,317.113084,316.576258,320.935408,319.508323,319.325912,322.649444,321.951406,326.760894,323.854318,320.819454,320.958179,322.902399,324.194910,323.185166,324.194906,324.613398,322.417872,323.650186,327.602632,327.959434,324.863103,322.328221,323.088866,318.455973,313.376137,314.785661
2025-05-01 03:45:00,116.003805,115.609149,108.944939,108.919125,108.430906,108.048928,108.436960,109.268142,105.888214,106.522459,107.441597,107.073538,107.744746,106.859392,107.278998,107.527006,107.954962,107.199411,108.932317,109.042939,108.991043,109.325512,108.421934,106.908764,105.492584,105.872898,107.712478,108.226073,107.950471,108.274541,106.451205,109.091866,106.708584,108.388008,110.485924,110.143716,109.868491,111.321802,112.680211,114.799354,115.505557,117.063294,118.028911,118.388373,117.142822,116.585180,113.984241,116.275484,112.118051,110.521974,109.951235,109.084021,108.004813,109.776113,110.867712,113.640397,115.159232,109.983251,110.681503,105.935820,106.334344,105.024856,103.179105,102.443568,103.768172,102.078234,105.443118,103.450125,103.030422,104.046024,103.051186,103.314589,102.574664,103.483203,103.197596,103.144893,103.392530,102.245217,102.606153,104.167803,104.597685,104.007464,104.093823,104.165594,104.726640,104.136806,106.508055,108.098725,108.203877,107.309665,107.707902,108.935740,110.132054,108.440599,109.354517,110.580715,331.690023,331.244201,328.462103,325.921886,326.047041,323.581107,321.212205,321.379069,312.841964,313.600520,317.145179,316.035018,317.460668,314.500271,312.978079,313.759901,315.533033,315.861029,320.263304,322.517230,326.197861,327.276981,326.681379,327.201928,320.059231,315.557901,315.046496,314.965802,317.320014,316.499750,317.402661,318.198018,315.525910,313.257237,314.577438,314.552171,312.615062,311.423200,311.492663,313.448414,316.064182,317.345518,317.663517,320.219321,321.092680,320.064675,317.382439,322.706252,312.072344,315.447748,317.426424,321.927506,329.317230,334.877649,332.952600,333.922052,335.392426,336.452215,334.132564,332.341705,330.352867,332.212054,330.535596,330.719899,326.883981,320.868796,318.677109,314.010225,317.076522,313.366495,316.235580,316.824159,318.880875,322.062957,322.591255,325.563074,325.189949,329.291060,323.738358,322.007450,322.269528,323.284590,325.203212,322.353958,327.047770,326.068049,322.188956,329.532835,328.455982,326.417796,323.025645,322.013046,320.727708,319.058566,310.623439,316.345516
2025-05-01 04:00:00,116.571058,116.693258,109.678755,109.052620,108.952961,109.211901,109.937195,110.105326,107.272803,108.184266,107.818217,108.813702,107.995583,108.219883,108.357117,109.134700,108.077253,109.716590,110.104047,109.717429,110.256358,109.244327,107.675619,107.112546,106.289163,108.358996,108.344647,109.185979,108.880165,108.210889,109.904892,107.861147,108.519132,111.081593,110.431427,111.361180,110.719900,113.287122,115.583597,116.267140,116.626840,119.175741,119.169611,117.804197,117.199658,114.897619,116.635620,114.198907,111.359354,110.290516,109.047093,108.880397,109.890855,111.574848,114.143803,115.392456,110.717890,111.189164,106.360881,106.604883,105.351217,103.992913,102.769185,103.964407,102.766383,105.815197,104.202758,103.851543,103.941740,103.464203,103.951144,103.410894,103.820993,103.787800,103.757450,103.835911,103.132498,102.913553,104.270333,105.127404,104.605541,104.551692,104.700637,104.784058,104.506287,107.009602,108.623599,108.468756,107.839193,108.561113,109.155280,110.194551,109.144713,109.428485,110.380651,111.514796,329.106238,328.838643,327.270598,324.665887,325.266392,323.200950,323.595641,324.419781,314.666508,319.592987,319.791912,320.374563,319.043293,315.868414,316.753727,317.843575,316.144403,323.017845,326.746589,325.529485,326.686987,325.938569,326.125339,325.304952,317.382262,317.537225,319.094876,316.239485,317.630057,316.937173,319.293930,314.706808,313.832389,314.656022,315.492323,313.669073,313.773870,314.217356,315.644712,316.847724,314.783978,319.359095,319.976421,320.424228,316.847445,313.874149,317.683108,316.779048,311.076392,318.080945,320.559427,326.779953,334.215588,335.903208,337.715501,334.369484,335.454176,339.230469,332.079101,331.517016,329.214794,328.865717,330.094509,329.220494,318.779879,316.799927,317.050484,312.577148,317.135717,315.649605,316.291837,316.872794,319.750380,322.114775,324.310748,326.186955,326.689312,326.007623,323.468848,322.705244,323.425838,324.182533,323.905087,322.790884,326.203369,324.845915,325.899549,330.045740,326.000494,325.142335,324.637140,320.847965,318.228729,314.416177,310.907739,314.289529
2025-05-01 04:15:00,115.078701,114.595776,109.273681,108.970058,109.606598,110.296664,110.195352,110.495465,108.793852,108.327226,109.175549,108.568527,108.948888,109.046415,109.750302,108.986844,110.296646,110.664435,110.538064,110.782611,109.952324,108.280379,107.765111,107.665350,107.810039,107.652603,107.743747,108.373640,107.298261,110.008601,108.332344,109.523979,110.794177,111.297062,111.476252,111.616630,112.064085,114.925377,115.796960,115.752334,116.984350,118.754366,117.105441,116.152006,113.828091,116.000505,112.861494,112.342640,111.124747,109.725267,109.028182,110.941175,111.588600,114.607810,115.654333,110.629461,111.104193,106.394847,106.509346,104.745175,103.211194,102.857392,103.649667,101.583097,105.608433,103.786469,103.721937,103.738870,101.891143,102.789415,102.053691,102.468982,102.574760,102.710089,102.730985,102.294423,102.386160,103.251764,104.116058,103.994633,103.844135,103.936428,104.418601,103.985110,106.598454,108.039379,107.865905,107.361489,108.426739,109.873163,110.590119,109.346439,109.843952,110.710895,111.230744,109.938002,323.878801,322.390749,319.134213,314.233257,317.751245,316.751596,315.687333,313.158763,314.495776,314.944808,314.955323,314.477038,312.919249,314.578293,314.789853,313.719757,315.734284,321.188174,324.342247,321.808176,322.620162,319.928663,318.568718,317.272840,313.113026,314.220064,313.498638,312.103212,313.784424,316.057636,312.866805,310.126816,313.185154,313.053820,312.733562,311.539201,312.073055,315.820057,313.336217,314.851090,315.881900,319.490127,319.088434,315.098848,310.297157,312.705578,312.279408,311.580465,314.268335,319.473247,325.238995,330.053303,335.443338,337.967543,335.830405,331.789283,333.655773,333.804530,329.688552,329.725764,326.863215,328.940229,328.015496,323.849219,319.643418,318.218207,317.882012,315.522789,317.517071,317.108717,316.773820,319.592282,324.485585,326.090367,326.005205,328.756498,326.491472,327.482269,325.350441,324.399944,321.903062,320.401264,322.359802,319.585326,323.994656,327.880871,326.241907,325.372174,324.817858,322.726249,320.505652,317.513319,313.251045,311.543627,309.558917,309.882537
2025-05-01 04:30:00,111.098273,110.994874,107.445354,107.802653,108.538945,108.424284,108.587399,108.784095,106.676378,107.361364,106.749616,107.243988,107.321947,108.001006,107.365916,108.949613,109.258872,109.062968,109.477396,108.240374,106.625172,105.992203,105.905316,107.299045,105.862485,106.326697,106.336572,105.751238,108.299045,106.323011,107.963555,109.625020,108.981822,110.091402,110.240840,111.179030,112.717106,113.999336,114.388709,115.521806,115.975179,115.570799,114.658568,112.069642,114.169223,111.348137,110.034478,109.673127,108.632825,107.692404,109.623989,110.980153,113.153803,114.717377,109.953892,110.632268,105.245740,105.683451,103.440846,102.080358,101.290650,102.893204,100.889832,104.071527,102.607918,102.932564,102.972890,101.141472,101.232840,101.313766,102.088463,102.126307,101.869660,102.407217,101.972121,101.655189,103.020659,103.682769,103.300167,103.503479,103.484369,103.798779,103.389442,105.237147,106.924914,107.071022,106.555178,107.396979,109.107320,109.587224,108.527460,108.941217,110.072562,110.696181,109.001253,107.740288,320.891099,319.853893,317.980569,316.400179,319.124380,318.562915,320.375436,318.948525,316.630853,318.352976,316.091568,314.160036,317.195909,316.596190,315.031725,320.955136,320.379262,323.834690,324.701986,319.752521,319.880206,316.089378,314.096783,316.523957,313.387573,313.425081,312.517061,312.145552,316.347722,311.885213,309.840779,309.859007,312.468851,311.011030,310.548280,309.872896,312.641481,313.341359,311.468203,316.093170,316.168908,319.312596,314.550409,309.400457,309.780091,308.368894,308.220452,311.452743,315.155055,323.352411,328.783472,330.418487,336.525728,333.720292,332.693771,331.019726,328.380987,332.512474,327.404036,326.226817,326.529267,325.933192,320.986190,322.589741,318.646650,318.356883,316.834005,314.357060,318.414115,316.658475,319.545033,323.207662,324.769428,325.922239,324.763023,325.825179,325.807778,326.641914,324.357790,323.809085,319.152274,320.721250,320.597190,316.565088,324.611432,327.471388,320.991701,323.488251,322.305296,320.975241,317.712216,313.050982,313.236627,312.064382,305.099207,312.346063
2025-05-01 04:45:00,110.918088,110.684763,108.045882,108.580322,108.717783,108.832639,108.944212,108.962791,107.729437,106.930478,107.370133,107.679645,108.308673,107.587338,108.951137,109.550808,109.183661,109.574850,108.536315,106.706674,106.150603,105.949447,107.389747,107.338657,106.382892,106.261075,105.702574,108.703219,106.385244,107.909661,109.764106,109.144323,109.742882,110.455662,111.718038,113.598999,113.842092,114.575615,115.940771,116.446268,115.043392,115.271071,112.717374,114.383729,111.616446,110.507666,109.535613,108.006903,108.227189,109.290820,110.989537,113.630995,114.725886,110.005332,110.533075,105.914087,105.674580,104.539152,102.629287,101.475215,102.488566,101.366449,104.416157,102.813370,102.918668,103.293927,102.043923,101.948832,101.186326,102.482073,102.362790,102.150309,102.421957,102.381689,102.290395,103.238932,103.802102,103.332239,103.685174,103.938508,103.907409,103.121997,105.683752,107.084820,106.983193,106.634955,107.634265,109.542690,110.017997,108.571660,109.347419,110.449186,110.684049,109.168074,108.333827,108.823602,321.477481,321.211866,320.300060,319.665949,321.356005,321.332132,323.704916,320.352536,319.136988,319.259735,316.405206,317.767952,320.294312,320.104433,322.581188,325.443519,322.482466,325.134383,323.560591,318.960952,316.945206,312.297354,314.191509,317.284910,312.039936,313.001330,312.843263,314.882377,312.716114,309.859403,310.254710,310.701804,312.348822,310.011005,311.910178,312.001797,312.809381,313.211229,313.921724,318.363935,318.863799,317.390236,313.253212,312.169523,306.799358,307.560149,310.837456,314.944247,322.030415,329.091022,332.238641,332.877510,334.723527,332.773917,333.384477,328.191102,328.222300,332.060110,328.543111,329.645120,327.650193,322.321068,322.184236,321.450471,321.320523,320.358546,319.252771,318.600565,318.494435,318.933914,322.190784,324.576988,325.038763,325.925907,323.570818,325.714248,327.213758,325.952911,327.246360,324.299938,320.179280,323.147399,319.711145,323.015733,327.729635,323.724259,321.377816,321.446577,320.681440,319.774772,314.692807,315.688445,310.385112,310.484486,308.569526,313.561219
2025-05-01 05:00:00,107.638449,107.885342,106.498431,106.370083,106.395079,106.666450,106.642673,106.791083,104.831855,105.213314,105.387815,106.183765,105.609789,107.148335,107.652267,107.419750,107.836718,106.871206,105.307532,104.798097,104.673139,105.999768,105.828185,106.241404,104.928680,103.941635,106.413400,104.695612,105.871413,107.844569,107.517498,107.865584,107.531876,110.199874,112.247445,113.114370,112.730351,115.300911,115.266505,113.719361,113.136528,111.789737,113.153268,109.697004,108.709571,107.792016,106.537839,105.757259,108.422144,109.433300,112.154383,113.696862,108.711263,109.705163,104.563734,104.721537,103.056841,101.678769,100.177770,101.347556,99.429182,103.571024,101.237224,101.314151,102.195131,101.222512,101.561709,101.012349,100.965792,101.350237,100.928379,101.106229,100.895682,101.206975,102.071302,102.785938,102.371080,102.239597,102.629312,102.843727,102.009866,104.740274,106.208101,106.353098,105.463594,106.365866,108.352410,108.720035,107.386461,108.173638,109.032831,109.204654,107.359961,106.559866,107.635372,106.471646,317.874083,318.368712,316.576329,314.784305,313.411135,316.549173,316.399242,309.285773,312.382342,310.611529,314.077433,314.000208,314.497370,318.816816,320.216958,322.461532,320.525109,318.270238,317.278883,311.435222,308.498781,307.542220,309.187866,311.442979,307.871850,311.853979,313.096650,308.589871,306.952918,308.560027,308.959952,308.272151,309.795656,309.025358,313.470573,311.143991,311.828000,316.694315,316.352148,319.158090,314.605114,313.503554,312.828355,306.882920,303.581004,308.658249,312.610394,318.469463,326.932073,331.561976,336.200129,332.415582,332.640970,333.233212,330.967907,329.287234,327.172342,330.389699,330.691784,325.959218,319.273025,322.328830,318.511824,319.765754,320.595630,318.534113,320.464807,317.147451,319.087990,321.417902,323.016068,326.480228,325.806438,323.551695,323.468102,327.319756,326.342176,329.397443,325.964659,325.064009,326.560019,323.481455,329.432195,325.014757,324.602551,323.060173,319.173427,319.706886,319.895591,314.871086,312.319024,313.505749,309.017526,313.912266,308.312641,313.323471
2025-05-01 05:15:00,118.327583,118.389971,111.271390,112.970861,112.406240,112.230746,112.744738,112.545928,110.343125,110.535875,111.317738,110.482585,112.142854,112.491941,112.219480,112.704363,111.272288,109.754484,109.244868,108.717109,110.257876,109.929636,110.374868,110.399940,109.102575,111.558421,109.766484,111.175969,112.472268,111.625428,111.447219,112.332580,112.681567,114.825490,115.792286,116.776575,117.773054,119.450508,117.894005,117.733740,114.353580,117.980572,115.213149,113.886393,113.462995,110.585202,110.035371,111.746214,113.677260,115.945405,117.592451,112.894674,113.642092,108.800409,108.944397,107.001151,105.804550,104.305803,105.280281,102.918914,107.317714,105.518664,105.811440,107.227036,106.148880,106.628418,106.215802,105.666944,105.751124,105.501788,105.218728,104.677979,104.319827,104.781554,106.039450,105.052839,105.592590,105.844470,105.815730,106.041337,107.858370,109.583794,109.628524,108.330904,109.431999,110.978010,112.603464,111.301104,111.728670,112.667514,113.178205,111.823747,110.643178,111.344856,109.596915,112.363528,331.831144,333.533440,333.399566,335.285513,334.705039,333.304087,332.136111,332.944395,324.033082,327.163358,329.778454,329.471651,331.461153,334.447761,334.968310,333.180740,330.403663,326.714913,324.330424,316.361596,317.705579,316.906469,316.664884,316.697653,312.239811,313.833803,309.306074,307.246726,311.425330,311.601614,311.072492,308.977123,308.433509,310.645709,312.499284,309.994813,314.977420,319.620637,317.842728,317.530836,312.902286,316.809584,312.971212,308.347553,308.198681,312.242237,321.034477,325.164914,331.115631,336.351376,336.969819,335.171746,336.191445,331.859292,332.749165,331.540836,326.523145,329.756575,326.782297,321.702858,323.393593,322.885111,322.976848,324.384168,323.060428,320.562950,321.252241,321.863122,322.330829,322.940415,322.881105,325.644834,322.737649,321.502339,323.877560,323.900420,324.718199,323.020191,323.657441,322.871738,323.417964,326.002574,328.866453,325.417818,325.938625,325.701238,320.468070,322.833417,317.182143,316.446931,317.968422,315.307664,313.633831,314.768422,310.144985,315.917172
2025-05-01 05:30:00,120.579823,120.643067,115.446053,114.656424,114.725257,115.076240,115.257147,115.113490,112.375652,112.944605,112.211130,113.628803,114.128162,113.685808,114.105124,113.312192,111.097378,110.491743,110.443728,111.409614,111.428226,112.010401,112.006830,111.223746,113.164632,111.051908,112.441617,114.177000,112.936889,113.166186,112.324555,114.303182,115.222135,116.224624,117.131366,119.254772,119.472461,119.490783,118.554953,116.302501,117.319575,116.174830,115.242971,113.321088,111.984593,110.963518,112.405410,114.033851,117.002349,117.990593,113.874192,114.158017,108.992476,109.400784,107.735659,106.081056,105.365135,105.896114,103.911702,107.972159,105.827254,106.324789,107.424198,106.400207,107.497258,106.375269,107.043103,106.361419,105.902571,106.006724,105.409242,105.106921,106.166880,106.336021,106.011114,105.633084,106.135148,106.091617,105.873659,108.947513,109.966666,110.556702,109.810550,110.089027,111.548852,112.292292,111.663749,112.256938,113.398007,114.156441,112.513029,111.682013,111.941020,109.654952,113.586387,113.940743,335.355739,334.522027,332.383278,336.757330,338.725140,335.304121,337.047378,335.869386,325.679068,328.866121,330.789798,334.837484,334.582385,337.921092,334.941581,332.140078,328.182666,324.675663,321.136441,318.074454,318.598459,317.383977,316.823790,318.218284,314.033774,309.423602,307.116469,307.479280,312.755863,310.325161,309.114844,308.926211,311.453613,309.821558,311.817033,314.746020,318.936651,321.112152,315.633279,314.351595,313.932404,310.986020,308.057879,306.433167,310.025941,316.992915,323.072490,325.603290,335.336328,335.971069,336.973725,337.854686,335.656292,334.268380,332.136949,328.659582,329.236263,328.976296,323.225443,322.405108,320.241713,322.891396,322.544401,325.017347,325.618155,321.715746,324.134846,324.612214,322.769096,323.050471,323.523175,323.918353,321.856008,322.619638,322.217238,323.833277,321.653729,323.597958,322.420746,322.176268,329.898302,330.143613,330.708946,324.381139,326.410907,323.414529,320.240241,318.234543,318.389733,317.370516,313.856410,315.796747,312.069472,313.323924,310.532013,312.753133
2025-05-01 05:45:00,120.681208,121.200433,115.208845,115.070564,115.687912,115.738543,116.016682,115.738092,113.361042,112.566242,114.017809,114.419289,114.125515,114.450687,113.491482,111.885015,110.822153,110.683294,112.215215,111.643514,112.519259,112.359718,111.458269,113.707677,111.250670,112.713087,114.070863,113.177421,113.893003,113.296745,113.809003,116.372148,115.936340,116.691355,118.641515,119.688393,118.246800,119.189699,116.361220,118.517871,114.373621,115.141450,113.625676,111.322318,111.270797,112.132440,113.475174,116.763821,118.354103,113.114757,113.991120,108.747700,109.020253,107.283817,106.199314,104.975477,105.588304,103.635431,108.008727,106.051847,106.076259,107.796499,106.195937,106.950039,106.126820,106.334805,106.630663,105.785684,105.784069,105.393452,105.056791,106.096538,106.674158,105.948561,106.011948,105.295724,105.895250,105.543039,108.304331,110.362783,109.879362,109.723242,110.542506,111.214987,112.672518,110.977312,112.430419,112.700164,114.381884,112.608830,111.069139,112.008544,109.804196,113.484437,114.151726,114.405615,334.680293,337.570755,339.238380,338.170510,337.583312,333.915822,336.708870,335.286646,326.241271,328.223086,335.146703,337.292423,335.372156,338.451271,333.831217,330.386424,327.667383,322.955950,320.687787,318.289073,317.322833,317.801306,316.523581,319.672491,311.429279,307.042562,308.106783,307.288980,311.061432,308.048606,306.361495,309.848038,309.897282,308.586142,315.067323,316.775084,319.076102,316.935023,310.632391,315.302504,309.097489,307.900384,307.136158,307.745637,313.394845,320.353449,322.581176,326.646279,336.321216,333.875602,336.356628,332.295777,334.523615,333.040174,329.031431,331.263918,327.827360,323.940715,323.444793,323.686331,325.134932,327.873411,327.347709,329.126210,326.033463,323.557289,328.064470,324.406843,323.449622,324.944333,323.167843,324.798523,322.726598,322.610617,322.988737,322.540435,321.698524,324.326422,321.287892,327.004976,331.957791,325.804399,330.554272,325.717625,323.759833,324.011984,318.673940,321.261354,318.682441,315.104046,317.049028,316.812472,313.333612,314.356314,309.552701,314.197768
2025-05-01 06:00:00,124.425283,124.269674,115.266168,115.358487,115.959475,116.035033,116.105392,115.854669,112.651792,113.893024,114.190419,113.991513,114.444144,113.321173,111.590755,111.085033,110.524974,111.914661,111.771236,112.279018,112.363246,111.283277,113.567752,111.644994,113.491625,114.767181,113.986340,114.695845,113.853266,115.072860,116.187917,118.079141,117.572898,119.252452,120.226525,119.832539,119.097683,117.818706,119.460967,116.473883,113.996242,114.255782,113.030919,112.132360,113.467168,113.731024,117.356140,118.324294,113.055569,113.581348,109.404975,109.346198,107.329937,106.241181,105.212831,105.759829,104.220363,108.419717,106.116775,106.888883,108.115664,106.749590,107.399739,106.298054,107.117778,107.520910,107.338521,107.267177,106.087462,105.775921,106.869136,107.675280,106.722267,106.718839,106.632536,106.336827,106.296371,108.898403,110.655178,110.971652,109.656010,109.956417,111.555434,111.929918,111.072233,111.624944,112.684752,113.080647,112.038255,110.963898,110.803937,109.300400,113.369539,113.869266,113.044637,114.637607,342.731321,346.133431,349.115717,351.296943,347.552315,342.784413,344.001817,343.009575,330.080671,335.746495,341.368398,341.698339,339.983132,338.239456,335.444188,328.947434,328.366191,324.832571,323.727093,319.719184,320.425754,317.994394,320.397123,321.745774,311.897959,310.485513,311.985499,311.118992,313.879530,310.450780,310.688852,312.887610,312.297092,316.096234,321.160411,322.182413,319.409074,316.402257,316.019353,316.053290,309.662195,312.546108,316.052926,318.219401,322.672852,324.647342,328.290404,327.397353,333.956572,334.887754,331.190716,327.952108,329.472641,326.749594,327.507211,327.059157,317.816338,320.530312,318.644110,318.662960,320.730696,324.016753,323.518375,325.335987,325.936951,324.895049,327.134767,321.313773,324.000508,321.283578,319.108684,322.810247,324.077327,321.570848,322.295598,318.552736,320.568085,321.933044,324.139915,321.648805,322.213411,317.628784,321.973510,313.896717,318.692070,315.284970,312.895753,318.445750,313.157883,316.586069,316.254597,315.201704,309.673917,310.443010,310.741053,313.361978
2025-05-01 06:15:00,125.203625,125.123735,114.023535,113.566043,113.803843,113.762808,113.634024,113.601828,112.234224,112.566459,112.180511,112.821070,111.851000,110.149540,109.572942,109.496369,110.630126,110.465633,111.181726,110.965867,110.143164,112.179981,110.305777,111.251566,114.758037,113.658472,114.733368,115.261878,115.432971,117.853979,117.557543,118.642446,118.999313,120.193706,119.526570,119.261476,116.767882,119.549273,116.781682,115.445440,114.132086,112.600298,112.376601,113.451401,114.342845,117.141223,118.303495,113.189584,112.132834,106.460793,107.256923,106.001935,104.321524,103.766407,104.770324,103.237463,107.029598,105.692694,104.904546,106.842180,105.729163,106.031615,105.354866,105.715864,106.887781,106.087653,106.373049,105.678127,105.083381,105.882037,107.065495,106.546926,106.181754,105.824784,106.120576,104.828771,107.732520,109.367379,109.274074,108.670120,108.657036,110.033915,110.962270,109.796335,110.100470,110.904532,112.048368,110.134668,109.444166,109.952853,107.648270,111.504169,112.118053,112.156053,113.272681,114.629887,356.464782,355.000377,352.113697,351.345613,347.531501,347.050209,345.732035,345.177675,339.357955,342.178497,345.676945,345.104838,343.395747,343.250188,339.077192,333.339713,333.901765,332.545933,329.442779,326.790444,328.292237,329.742926,327.009101,329.732827,316.702776,317.200846,316.579179,315.203270,318.632419,320.015501,315.596398,318.693197,323.092464,323.903554,328.555478,326.073306,321.240649,321.804630,317.137884,315.306135,313.207184,318.441932,323.558300,325.755714,328.548379,332.026977,329.248570,328.513378,333.567439,330.343384,333.928797,327.302539,327.142967,327.737726,325.919243,320.388690,316.223823,320.090667,321.745859,321.520870,324.933426,328.680247,324.963234,328.709175,330.748122,326.877532,331.241596,327.958025,327.882680,326.999343,323.754039,324.033807,326.465823,320.390444,326.426128,324.457331,322.742160,330.876826,326.552368,315.708017,316.271850,313.282135,317.022699,311.504499,310.244394,314.117675,313.193485,311.565183,314.444602,317.979631,318.514911,315.729436,310.919420,313.533557,311.060813,314.917497
2025-05-01 06:30:00,120.176070,120.351616,112.740643,112.860883,113.026060,113.335020,113.244780,113.575810,112.322707,112.173721,112.737079,111.985860,110.348223,109.752527,109.612648,110.985838,110.629228,111.059188,111.156024,110.015248,112.233082,110.098219,111.045303,112.479080,112.556043,113.436167,113.041089,114.392373,116.266741,117.263124,116.555551,118.434235,118.523416,117.990082,117.638418,114.986960,116.796778,115.037529,114.525454,112.906729,111.106217,111.331477,112.215563,113.130760,116.190994,117.486329,111.439100,112.285602,106.835918,106.275569,105.288052,103.878537,102.872752,104.743055,102.215891,105.588869,104.659946,104.500539,104.242173,104.028881,104.375977,103.088168,103.288124,103.318746,103.618572,103.548055,102.832290,102.532809,103.186383,104.120632,103.712309,103.404075,103.799762,103.655189,103.344397,104.792531,106.984074,107.102439,106.271978,107.266706,107.994125,109.036761,108.106708,108.556965,109.399315,109.960180,108.670366,106.987057,107.970396,106.312504,110.411312,110.417712,110.774471,112.252805,113.832003,112.457916,347.634528,347.987510,343.953603,342.645745,341.653214,341.103213,337.668631,337.893007,336.439209,337.291364,340.114406,336.473439,336.470871,334.663691,330.079163,330.611087,328.715218,328.985287,326.032990,323.490978,326.027511,322.545808,322.154459,325.574989,315.199316,315.670796,312.936875,315.499868,318.487434,317.702379,315.186266,319.880042,324.489446,324.898990,324.666049,319.794981,321.120587,317.181522,313.000292,313.441521,314.723972,321.896390,325.435135,325.802146,329.895871,328.933480,325.191500,326.806451,325.197663,326.599935,328.552239,323.678517,323.180306,321.450887,317.425131,317.391144,316.156356,319.204781,316.919908,319.272659,324.145414,323.836649,325.569498,329.698486,330.997597,327.069105,329.542987,324.489580,325.906724,327.501877,323.016328,321.775847,320.921245,321.050254,323.364498,321.240604,323.490522,329.815106,323.181587,314.180524,313.044341,308.856912,311.634869,308.732309,309.724177,313.347291,305.495309,310.476549,314.204304,315.678907,311.539745,307.991534,307.652656,309.262053,306.198024,312.577815
2025-05-01 06:45:00,114.980270,114.498301,109.699170,109.924724,110.409791,110.153735,110.519303,110.486378,109.759641,110.362669,109.549795,108.073453,107.523419,107.333200,108.888335,108.725456,108.966116,108.951190,108.147687,110.147845,108.085563,108.781864,110.877275,110.447417,110.535434,110.977410,111.531058,114.386761,115.295121,115.849504,117.985845,117.290508,115.608554,115.658714,113.136489,115.191595,112.075698,111.372197,111.105097,108.487437,107.933100,110.357112,111.062899,114.092797,115.362569,110.459312,110.067972,104.838689,105.520867,103.278422,102.378995,101.383523,102.069077,100.471604,103.698092,102.236723,102.520539,102.301790,100.483594,101.255321,99.941032,100.366604,100.447198,100.162736,100.851589,100.157291,100.502638,101.234024,101.360325,101.546883,101.353606,101.787551,101.959380,101.785479,103.982390,104.927294,104.959323,104.559534,105.041758,106.911826,107.598344,106.443855,107.350398,108.256848,108.749730,106.818907,105.538640,105.763094,104.956546,109.605783,109.838141,109.299707,110.040774,111.184390,110.019253,109.011410,336.685358,333.660492,329.961403,331.494804,332.117474,331.409946,330.919908,328.672201,332.110819,333.501497,333.451403,328.588408,328.133107,325.248583,324.959531,324.516533,320.659056,322.178768,318.480575,320.766280,314.197112,316.208587,318.051806,321.208670,311.183800,314.067958,312.140801,315.391464,314.734224,313.294809,316.137413,318.898127,322.226613,318.452667,315.714410,317.380384,313.396564,310.743893,311.047667,311.230637,315.826321,322.068514,322.246238,324.429504,324.254817,321.663897,321.774805,319.766909,320.500079,322.393520,323.349608,322.626163,317.171220,312.951714,315.981265,313.832426,316.795833,317.962811,319.173245,321.394382,322.792270,324.484285,325.172751,327.255329,329.351038,327.718230,325.914245,321.846053,323.536371,321.858642,322.978644,320.248855,323.306713,323.528039,322.986262,326.007021,324.668190,323.944316,320.051767,313.205866,310.775720,307.291791,307.731135,308.585951,307.712978,305.403274,306.450908,307.023048,312.164991,309.913396,305.376756,308.720539,305.854404,304.459904,307.618274,308.707525
2025-05-01 07:00:00,108.632924,108.255897,106.285698,106.801828,107.046702,107.207259,107.483383,107.350922,107.431675,106.390824,104.873186,104.341041,104.297678,105.751922,105.577463,106.112697,105.881276,105.138497,107.444244,105.142076,105.814069,107.957896,107.573413,108.031884,107.825808,109.308107,111.095856,112.302257,113.216198,114.384172,115.588315,112.999752,112.458332,110.835529,112.733445,109.306127,108.054186,108.125698,106.592683,105.781792,107.380069,108.932401,111.390720,111.932773,107.063100,107.632813,101.486001,102.871978,101.448469,99.558297,99.235249,100.210333,98.655570,101.615691,100.532780,100.252516,100.724605,100.391631,99.429964,98.929544,99.187455,99.312749,98.953831,98.872925,98.881678,98.930813,100.135173,100.808137,99.824204,100.001934,100.361543,100.747581,100.119533,102.371037,104.298157,103.363690,103.150512,104.087825,105.080271,106.139840,104.902395,105.438842,106.314361,107.764325,105.177596,103.859462,104.494405,103.213591,108.052977,108.885768,107.830592,107.811993,108.657225,107.879685,106.404136,105.174880,330.841433,328.785565,323.919544,321.724235,322.194537,324.857266,324.223736,322.681111,326.789414,326.764782,327.020361,321.895304,319.293452,322.169760,321.442451,319.818056,316.730676,316.608691,316.590797,314.959429,310.744129,313.443356,316.191003,317.334781,308.262453,310.589542,312.342492,312.419587,311.410298,313.472799,316.146739,315.825318,315.857192,309.512731,313.496073,309.301319,306.405045,308.142294,309.761357,312.106986,316.983124,320.263881,322.335390,320.878522,319.640825,319.074700,315.578680,318.210024,318.388878,320.814695,322.586373,318.523956,315.281636,316.943716,316.302102,314.555700,313.601194,318.591483,321.217268,321.913278,322.435428,324.755006,326.168369,329.129520,329.268357,326.923689,325.683972,323.008513,324.048611,322.791411,322.708201,320.829571,324.132462,323.682567,327.661237,326.819398,320.038940,323.615748,322.008578,311.197643,309.570830,308.010035,308.963397,307.076842,304.797731,309.601475,306.936242,306.877300,308.886706,306.419384,303.437564,305.971958,302.780851,309.754934,305.101336,308.205450
2025-05-01 07:15:00,107.465384,107.684493,106.451328,106.725476,106.978091,107.169391,107.311705,106.999749,106.263649,104.641836,104.177659,104.135876,105.546119,105.336425,105.755929,105.831927,104.890770,107.166232,105.155325,105.642177,107.735256,107.337595,107.815888,108.073399,109.397436,111.674122,112.330876,112.819799,114.861479,115.025761,113.967120,112.789358,110.463085,113.425074,110.224084,109.004373,107.930721,106.405982,106.171903,107.540518,108.504868,111.805420,112.383931,106.627122,107.707892,102.073412,102.080794,101.573625,99.722883,98.784257,100.376356,98.482012,102.053588,100.299913,100.473761,100.846365,100.147064,100.340603,98.665257,99.493870,99.176689,98.852001,99.235962,98.788848,98.834639,99.859082,100.765184,100.020904,99.981930,100.451639,100.678032,99.908530,102.133169,103.950595,103.913435,103.201714,104.110593,105.448953,106.208107,105.021820,105.763247,106.747886,106.951010,105.564571,104.023239,105.142685,103.581261,107.617952,108.482872,107.949251,108.824972,109.042423,107.325004,106.260012,104.736939,106.840394,321.188743,318.536423,315.662394,316.636155,316.300295,317.135793,316.845228,313.178877,319.421011,318.927596,316.256546,310.368193,313.501042,313.810467,314.289091,313.456072,309.744566,313.491568,310.173053,307.889866,309.203992,309.330485,313.202560,314.960296,308.470435,311.776429,310.844129,311.464002,316.446883,317.315504,319.305387,314.713514,312.940108,312.918703,310.452472,307.334415,307.055055,308.971901,313.568106,315.024882,317.304849,321.870023,319.288919,317.955118,317.299078,315.504227,317.275193,318.157281,317.895670,319.828903,319.902678,311.752446,314.709959,314.782977,313.112342,313.454073,314.884682,320.627719,321.968952,323.559331,325.356434,328.437291,327.454437,326.432026,324.668933,326.707039,323.342753,321.574588,323.999502,320.749876,324.459485,323.437788,322.633602,327.452952,328.847861,325.248570,322.312973,322.451973,318.669521,310.659879,309.075809,309.659506,310.288231,306.410740,311.377729,311.071749,307.515277,307.051500,307.312670,306.278821,305.609367,305.151389,308.793017,307.852313,307.010921,309.525272
2025-05-01 07:30:00,99.744821,99.807155,101.508163,101.788480,102.124135,102.031308,101.848191,101.319570,100.501918,100.046657,100.121780,101.559506,101.496014,102.046790,102.003395,101.394647,103.551872,101.407048,102.243343,103.988339,103.513963,104.090868,104.092452,105.060832,107.032774,108.029566,108.365107,110.164101,110.730186,109.422263,109.563969,106.718420,108.743821,106.637515,105.688983,104.823134,102.825817,102.202997,103.745685,104.994580,107.412724,109.158353,103.341500,103.675727,97.894241,98.124457,97.249583,96.807945,97.906587,98.692483,97.146968,101.136605,100.087393,99.876138,99.858509,99.305857,99.857723,99.607664,99.187108,99.531160,99.189608,99.533071,98.979073,98.333222,99.507854,100.289167,99.995789,100.539277,99.979208,100.502051,99.503933,102.031556,104.431428,104.123853,103.049696,103.406760,104.664007,105.013760,103.785164,104.386811,105.555743,106.377275,104.487374,103.764225,103.700092,102.986847,106.251430,106.779643,106.873354,107.712017,109.207290,107.083364,105.675691,103.919958,105.099861,102.695135,297.260718,295.031768,293.322710,296.637481,301.898738,302.419375,301.121064,299.823658,309.741090,308.542001,302.638288,300.403953,304.192229,300.334330,299.429965,298.290907,297.703494,294.850809,295.020045,297.253267,298.283905,298.587432,297.634361,302.384360,302.283521,305.065285,304.973630,309.511239,309.960091,310.218968,306.767324,301.376800,303.320290,298.727943,297.886688,299.556190,300.000338,305.070721,308.389903,309.406968,310.893527,309.829927,310.504024,310.204967,306.042326,305.540795,307.424844,304.466455,317.000228,314.590666,310.540741,307.742174,307.830389,309.289853,306.443526,306.666403,310.235981,313.783027,316.765232,320.309968,320.625529,321.875645,321.186150,318.690155,316.461844,315.311768,315.973053,315.615541,318.873183,316.307621,318.169813,320.164681,325.145599,324.869071,322.479582,321.963072,316.989749,317.047498,315.383550,312.614726,313.965086,311.922447,313.269015,311.491929,308.164438,307.400930,302.668229,295.701811,301.125227,297.937296,298.681946,305.405965,306.030775,308.542232,303.826685,303.927552
2025-05-01 07:45:00,96.537962,96.520806,97.583581,97.835447,98.094713,97.873973,97.333221,97.452237,96.403525,96.306187,97.745665,97.666390,98.115661,98.093257,97.243322,99.495559,97.457177,98.089681,99.743082,99.171883,99.560675,99.514914,100.234581,102.156857,104.361618,104.836460,106.404419,106.836287,105.911346,105.608538,103.584049,105.640378,103.012785,102.563734,101.737661,99.451475,98.884279,100.401715,101.180762,104.509595,106.042865,100.910878,101.103705,94.904573,95.104072,93.783090,92.968113,92.618840,95.841245,94.246410,98.383137,96.903275,97.101758,97.391346,96.678085,97.605987,97.687706,98.542832,97.626344,97.363394,97.654238,97.948125,97.302156,98.141019,98.544610,98.172070,98.487193,98.426490,98.633103,97.782519,100.014552,101.839709,102.677662,100.520194,101.607279,102.299396,102.930333,101.746822,102.070225,102.706476,103.298823,102.551787,101.018293,101.619388,100.814204,104.854237,104.446830,104.639419,105.773921,106.378233,105.427415,102.967682,101.501491,102.561509,99.363666,98.615870,298.540439,298.769622,300.422674,302.923615,308.485102,307.587659,309.528758,310.977040,311.177591,310.209818,306.900083,303.658445,302.215428,300.558525,301.572271,301.282660,295.579296,296.141492,297.388108,297.539950,298.315717,297.234301,299.004617,303.327046,301.703642,303.384074,304.100901,308.995926,309.957284,304.287401,299.418328,299.659513,296.794458,294.482750,297.437781,300.329053,303.496110,308.467450,308.406961,310.011866,307.327796,306.284143,309.402711,305.560919,303.122615,302.529007,302.151473,303.286306,312.383214,308.077845,307.428185,300.592989,307.142629,307.550744,306.298988,308.180366,308.440815,315.143442,317.758277,319.477129,320.273037,319.861820,319.525208,317.675794,315.635869,315.809173,317.622482,315.696365,320.995109,319.014082,319.573278,325.959550,328.444397,324.903564,323.825503,320.452669,319.289803,319.560529,315.608951,314.909699,315.770390,312.358117,316.003026,311.527343,308.236212,305.764038,303.919519,303.263287,302.769111,301.586143,307.217693,305.257460,306.765316,306.716148,305.635618,306.515456
2025-05-01 08:00:00,100.088332,100.306206,99.348973,99.461900,99.281519,98.612576,98.740028,98.488070,97.144456,98.454586,98.366380,98.808221,98.747878,97.909652,100.153301,98.124874,98.563388,100.234553,99.769035,100.184233,100.443588,101.107744,102.897519,103.623779,105.877109,107.624916,108.220431,106.965365,106.487923,104.332242,106.394366,103.582821,102.882131,102.302115,100.225795,99.998098,101.581711,102.652061,104.740487,106.656693,101.986007,102.251992,96.145823,96.701291,95.789450,93.308007,93.064356,94.749805,95.095871,98.236131,97.793553,97.732658,97.996453,97.782979,98.563179,99.230910,99.613831,99.643815,98.783551,99.135955,98.637985,98.854522,99.523544,99.979166,99.244246,99.850089,99.943650,100.222251,99.203806,101.721424,102.785664,102.987199,102.430528,101.384655,103.019909,102.958221,101.698999,102.711162,103.915578,104.205564,102.439445,101.755504,101.993134,101.147875,105.035636,105.188107,104.623341,105.663141,106.191742,105.295817,104.217159,101.940349,103.457517,100.514266,99.147714,100.007639,326.482948,327.832990,325.781145,325.932832,323.957634,320.445785,316.502067,313.237054,311.641978,312.987083,312.413538,307.352038,307.788687,305.955041,307.990473,305.711439,303.493604,304.882728,305.390452,303.843168,303.290259,303.966893,306.164791,308.180015,303.182605,309.066085,309.849349,312.430133,310.250823,301.152033,305.368327,297.007728,297.085854,298.517513,301.969277,307.108171,311.840371,315.037515,316.522955,312.891030,310.157748,311.625030,308.822071,309.412382,308.924162,304.389528,306.456907,307.614755,309.371353,311.660804,311.991100,310.281534,311.581877,313.498054,314.392129,313.096705,315.031434,322.609479,327.812262,326.070848,329.113107,328.202150,328.016648,327.864914,325.321294,324.707790,325.924810,326.286762,326.761026,326.843663,333.782127,336.219263,330.746274,329.372787,327.539851,328.728551,327.344955,320.274944,320.564813,318.604787,313.559455,315.056965,317.590586,312.783831,309.923153,308.221435,311.416461,308.866141,306.930432,312.519435,315.742591,316.514065,314.579392,311.727219,316.247811,310.853302
2025-05-01 08:15:00,100.340938,100.254365,99.005229,98.738382,98.227560,98.260751,98.262113,97.811307,98.212219,98.017632,98.415856,98.389548,97.532392,99.719560,97.748517,98.498014,99.869320,99.345290,99.833094,99.827768,100.823437,102.491265,103.194566,102.938892,107.218916,107.985316,106.268192,106.025598,103.651040,105.782987,103.036697,102.012027,101.332515,99.787493,98.851019,100.409195,101.810652,104.641467,105.401830,101.101055,102.121469,95.812970,95.417663,94.742012,93.737182,92.260243,93.962967,92.492951,98.181608,96.575155,97.436332,97.605945,96.727118,98.089329,98.275508,98.911775,98.834891,98.703877,98.480720,98.355259,98.042350,99.582578,99.917764,98.931364,99.022013,99.709486,99.333127,98.776927,100.944727,103.043677,102.011222,101.365969,101.688559,102.437994,102.946824,101.502489,101.993142,103.633835,103.715782,102.268596,101.326266,102.206983,100.517650,104.729248,104.678376,104.166577,104.886664,105.994704,104.575035,103.652498,102.202276,102.663786,100.329553,98.747175,99.430878,100.104275,327.188690,327.566884,327.190001,326.412537,324.577632,321.743496,316.678223,313.150528,311.828515,311.518185,310.384070,306.400284,307.647159,308.136979,304.942413,305.042108,306.498620,306.359086,306.590144,304.395767,306.431079,307.899068,307.720656,309.098636,305.559357,309.765570,309.582109,308.690943,302.846405,303.674873,300.156400,295.235390,300.451573,302.939583,310.187813,313.701262,314.965739,318.209108,316.482478,309.199448,310.076310,308.019175,307.406374,306.496082,306.335394,305.977578,303.926369,301.883852,309.966723,311.396483,312.530487,311.545207,313.580454,316.691004,315.259675,317.246859,320.781861,325.778850,330.931643,330.042376,329.477164,329.379066,330.332018,329.792704,327.724414,324.665406,327.649311,325.129419,326.696516,333.190082,333.319244,332.014986,333.171335,329.841281,328.040744,327.791976,323.549116,319.471942,321.811596,315.786649,315.894914,314.210843,319.116466,314.410755,306.718734,311.476187,311.029263,304.885372,310.360082,312.397532,313.133359,317.378425,308.843504,310.097580,312.170947,305.604587
2025-05-01 08:30:00,98.771821,98.910205,97.193599,96.659458,97.147130,97.052850,97.018179,96.864973,96.963110,97.274991,97.201951,96.427207,98.680653,96.579025,97.385260,99.248454,98.578747,98.991779,99.216773,99.953490,101.831349,102.423484,102.097055,104.057579,107.420745,106.011359,105.478920,103.513689,105.149846,102.616409,102.120098,101.316603,99.315955,98.975262,100.290792,101.822083,104.563611,105.318453,100.646747,101.399040,96.065710,95.399186,94.278741,93.583982,93.041284,93.669824,92.650327,96.725739,96.788623,96.806225,97.948556,96.820299,97.539613,98.217105,98.415929,98.827628,98.371385,98.902076,97.873835,97.862700,99.012993,99.412333,99.015736,98.647327,98.925392,99.905609,98.709550,101.015696,102.416378,102.270241,100.796141,101.542716,102.651686,102.227341,101.233167,102.264151,102.864510,103.293987,101.945353,100.834014,101.443165,100.497743,104.059831,104.717712,104.239304,104.782647,105.191124,104.327223,102.823378,101.138608,102.617870,99.709237,98.546770,98.900834,99.443202,98.931198,330.698115,330.778336,329.834398,330.243619,329.494635,327.065842,322.807756,321.300797,317.968436,317.352569,316.231806,312.923287,315.169690,311.057356,309.705660,310.512050,311.033081,311.214548,310.290623,309.899993,313.184776,311.815926,311.167146,315.348352,310.127918,314.151043,309.291307,305.674911,306.521248,300.422483,299.689326,298.756308,304.826175,309.595660,317.038174,317.880546,319.603852,318.227498,315.543737,311.971240,308.984831,308.934774,310.284076,306.756687,310.232767,307.570271,300.126416,301.020092,313.390523,314.332646,314.308984,313.202317,316.208059,316.776203,319.130750,320.707848,321.662773,327.766551,329.285156,328.895697,330.022034,332.266937,332.402679,335.020456,330.458605,329.850017,331.973075,329.246734,331.847337,331.971688,330.890957,330.373557,329.487474,327.117503,324.232872,322.138053,318.563238,315.351063,315.327765,315.179906,315.866046,314.023878,317.626170,312.665136,310.957078,310.076229,309.347197,309.912135,310.389708,313.273839,310.241374,309.960598,309.782765,308.790536,311.578688,317.023030
2025-05-01 08:45:00,107.955513,107.856545,104.389305,104.463963,104.510324,104.330530,104.503926,104.118475,103.782962,103.598625,102.774052,105.104499,102.980025,103.741678,105.657151,105.272209,105.349219,105.539961,106.416903,107.771704,108.519299,108.032632,109.972029,110.769625,111.743542,111.007324,109.002152,110.582509,107.767219,106.880738,106.243265,104.590277,104.120961,105.205545,106.752403,109.239576,110.433773,105.218754,105.568920,100.121272,100.734373,99.236509,97.461368,96.820552,98.741550,96.518308,100.164787,99.409013,99.514747,99.877990,99.082390,99.274920,98.879607,99.849807,99.268429,99.686167,99.742089,99.570863,98.549888,100.396712,100.577656,99.932155,100.333004,100.606978,101.133507,100.120401,102.946022,103.985888,103.496737,102.816108,102.423035,104.761407,104.686787,102.923513,104.080903,104.879832,105.626797,104.381821,103.369013,104.185022,102.395328,107.054400,107.204720,106.596150,107.486340,108.311254,106.552077,104.956524,103.651121,105.144876,102.295491,101.219507,101.912734,102.312107,100.916119,104.827209,343.575514,343.002099,342.932921,341.929291,337.292291,334.130723,333.008553,326.859051,319.750937,319.905546,319.632710,318.359819,317.513011,315.466855,317.137627,316.459440,317.984384,318.001870,318.182495,318.412307,319.233782,319.577585,320.350617,322.545407,318.010907,315.373074,308.104494,310.862427,308.064421,304.987690,307.978781,307.034608,316.213044,320.324526,324.473767,326.221055,322.069670,321.557551,319.794144,313.488953,310.451474,313.235904,314.777470,313.929481,313.759987,306.206554,304.775195,304.598773,313.820341,318.822797,315.412206,316.357925,315.529334,318.163126,320.307799,322.342488,323.187382,325.971469,328.938721,326.169637,328.324044,331.270431,330.056356,331.747977,332.483889,331.870090,330.095671,332.726087,335.387525,329.204238,330.331862,328.290464,326.947841,325.012587,319.583017,319.187679,318.393195,310.718739,318.579324,316.484047,318.209336,312.442453,311.733589,314.127971,309.051803,309.494486,313.768151,310.043208,313.632773,311.464912,308.166861,309.754493,307.472438,305.914101,316.555807,321.796989
2025-05-01 09:00:00,115.882139,115.374443,109.908625,109.997112,109.907843,109.862846,109.760933,109.477583,107.990075,107.061947,109.269033,107.335222,108.028653,109.958665,109.488370,109.957281,109.639429,110.231251,112.060229,112.267616,112.099533,113.873172,114.448933,112.939217,115.559620,112.882510,115.512763,112.794536,111.712583,111.204192,108.088060,107.952193,109.133456,109.891093,113.035628,114.109144,109.013826,110.093836,104.476243,104.564431,103.574181,102.077806,101.060139,102.624276,101.503278,104.984649,103.587856,103.494796,102.528699,101.537885,101.475438,101.147940,101.625785,102.104413,101.088158,101.669322,100.970029,100.442326,100.933541,102.381425,101.612767,101.209391,101.969510,102.217282,102.589271,104.253758,106.723233,105.708196,104.853976,105.775054,106.882375,107.618074,105.873823,105.940604,107.416824,107.755005,106.953012,105.724420,106.001019,105.654460,109.116809,109.751167,109.401266,110.367164,111.143776,109.832885,108.689050,106.889842,108.010513,105.683377,104.357500,105.840012,106.235070,105.557094,108.764194,111.077379,355.535027,354.679334,354.891373,352.839034,348.798903,348.761850,346.218691,342.396567,332.998457,332.948805,333.777317,329.105546,328.650128,329.800930,328.508948,328.047257,327.748210,328.767767,331.169583,329.683052,329.478522,331.564503,333.024708,334.238732,321.079844,318.277078,315.806497,312.919068,312.227629,312.834193,315.008716,318.192247,326.752611,328.177169,333.773588,329.220286,325.442106,326.149577,321.143027,319.697889,316.384770,316.272618,321.140579,316.964519,314.254590,310.802013,307.776659,309.808967,317.146770,318.775407,320.737410,316.148877,320.816705,322.157535,322.924254,324.387668,325.147750,325.587964,333.131033,329.383158,330.575491,333.924919,330.835748,334.198625,336.559586,331.250420,337.214373,336.395216,335.683369,332.038203,333.206532,326.555612,327.534943,321.106360,318.679654,313.700351,312.570210,313.502612,317.329358,315.367917,317.331274,306.944090,316.692683,312.018877,307.123604,312.087531,309.763487,308.362792,311.929310,308.496033,305.293669,302.838542,305.314682,315.767425,320.535833,326.748664
2025-05-01 09:15:00,114.602177,114.582670,109.802388,109.856844,109.880929,109.578167,109.614263,109.129551,107.106459,109.434661,107.255160,108.177448,110.151239,109.968539,110.437007,110.497296,110.764952,112.642373,113.252583,112.579320,114.395242,114.942122,113.362899,112.766259,113.071023,114.930991,112.211363,111.608858,110.589242,108.569771,108.500005,109.632933,110.639741,113.596644,114.453254,109.117157,109.744234,103.960151,104.514976,102.608036,101.559707,100.595951,101.968414,100.402729,104.698255,102.945552,102.794082,103.178716,101.873218,101.763670,100.639732,101.011922,100.992099,101.299249,100.545823,100.575217,99.961417,101.217668,101.551054,101.532455,101.559838,101.894437,102.015349,101.336950,104.682131,105.809833,105.577110,104.480280,104.843943,106.600541,107.129864,106.273598,106.885428,107.328081,107.604105,105.642844,104.937621,105.227449,103.533864,108.171271,108.359437,108.667363,109.046257,110.574856,109.162807,107.591647,106.292431,107.975037,105.347834,103.701265,105.617435,106.760475,105.713843,108.892676,111.446997,110.780136,348.234831,344.899134,340.328511,334.709654,334.429358,333.053814,330.409042,324.052671,321.833906,323.807376,321.049288,320.511216,322.432958,323.958722,324.081245,322.020525,325.255071,327.358464,327.241876,325.814738,327.806367,328.619035,329.493368,327.784038,316.443005,317.431694,311.344872,309.325525,312.303261,313.993371,319.201302,319.656860,326.147584,328.208006,327.526112,324.011793,323.609275,320.023250,318.819269,316.305162,311.987497,314.948813,315.452976,307.570947,309.638308,305.844051,305.372005,306.046630,316.483440,321.693575,319.896960,320.210770,321.515095,323.139068,322.317304,322.812085,323.390953,325.303169,332.169364,330.475171,332.805069,332.221077,332.827942,332.573441,333.653016,334.532304,336.820237,332.505625,333.120387,327.255823,323.016952,320.936227,317.380654,318.447197,313.822994,310.071715,309.969469,312.531529,317.852013,313.853244,309.965634,307.842445,312.519358,311.283813,313.398311,312.363659,310.809532,309.343096,310.487502,308.464324,303.885550,306.112564,314.197884,317.735529,322.957219,326.252622
2025-05-01 09:30:00,116.246128,115.495725,110.280639,110.467910,110.368505,110.110101,110.072400,109.323044,110.223327,108.097063,108.786932,110.786443,110.221998,110.755357,111.028059,112.001343,113.347716,113.901657,113.589576,114.738505,115.405089,113.773228,113.220188,111.500334,115.440541,112.779703,111.700878,110.944887,108.965254,108.553773,109.105368,110.564845,113.262453,113.982774,109.270279,109.389834,103.604435,104.412778,103.530607,101.989171,101.401374,102.436152,100.754113,104.819298,103.952176,103.662383,103.219441,102.918563,101.677198,100.603792,101.529297,101.387038,100.942932,101.864646,100.277003,100.348686,100.953982,101.690026,100.888327,101.585451,101.700607,101.785449,101.283894,103.234931,105.764977,105.117953,104.538587,104.627146,105.671187,106.939992,105.404568,106.034487,106.455698,107.280186,105.362564,104.142559,105.348133,103.416694,107.548545,108.101116,108.235125,109.639806,110.240415,109.028764,107.736698,106.020325,107.983616,104.619117,103.283310,105.693214,106.488986,105.568970,108.482226,111.134523,109.988257,110.149837,348.738739,346.787213,344.196960,340.636869,337.170606,336.188815,334.747477,329.498798,326.634683,325.117387,323.744900,324.109539,324.512555,326.616857,323.531076,322.645245,325.454295,326.417893,326.408160,328.063854,328.984564,329.242296,327.668928,324.367790,315.618675,311.354816,305.435381,309.751523,312.587521,314.850039,321.724855,319.181668,323.375679,325.436417,322.840633,321.547315,315.813784,316.185761,316.514497,313.473829,312.202606,312.120812,308.458185,306.207779,308.007382,306.914965,304.875727,307.580626,319.163340,318.770097,319.903951,318.687759,321.605861,320.822007,321.881646,320.729000,323.088084,325.309542,331.582051,330.721942,329.438570,332.168587,332.013464,331.154227,337.639723,333.638348,334.460740,329.914945,330.503775,324.478031,320.178283,315.528435,315.366335,316.720055,310.816518,312.464016,306.782719,309.125548,310.289308,307.507674,309.357182,305.223949,308.918827,315.081926,310.005517,311.992847,309.802654,307.690297,308.414650,306.527831,302.341558,309.958744,317.159131,319.211662,320.941499,324.737020
2025-05-01 09:45:00,119.256649,118.718007,113.302356,113.170042,113.078865,112.755667,112.388038,112.889660,110.474406,111.304228,113.126817,112.734292,113.182351,113.545528,114.560730,116.472548,116.689142,116.203310,117.912512,117.964532,116.589299,115.721101,114.100666,115.381441,114.851828,113.360863,113.219398,110.842573,110.776995,111.759973,112.233982,115.829029,116.448210,111.325208,112.137237,106.083125,106.112140,105.570451,104.610228,103.418473,104.938279,103.064052,106.690618,105.410639,105.518978,105.379094,104.010193,104.982615,102.193072,102.592593,103.031758,102.628497,102.799709,102.407468,101.970076,102.776071,103.299000,103.060218,102.875659,103.026057,103.119487,102.994325,105.177629,106.711735,106.993641,105.986195,106.880494,107.560021,108.375067,106.980964,107.665485,108.384085,108.449531,105.450216,104.825247,104.836191,104.210695,108.196698,108.107329,108.501908,109.622690,111.138100,109.383014,108.074497,106.911850,107.921185,105.325418,103.400515,107.020820,108.012111,107.769209,110.868304,112.594805,111.838551,112.315403,114.211679,352.025095,348.038301,343.247194,336.160518,333.025781,330.117279,330.794135,330.444725,325.584128,325.472140,327.599288,327.733102,327.805354,328.300445,328.062112,329.104957,331.271322,331.733269,333.445426,333.272491,334.734526,332.627816,330.091808,331.168663,316.363159,312.058996,313.207058,316.880213,321.309553,322.758060,324.676914,326.124397,325.226598,325.601699,326.106993,320.554284,317.832599,319.473930,316.849981,317.592824,312.205589,309.272422,309.730024,305.989314,309.279091,307.110897,307.241636,310.429070,314.660158,318.898456,320.119309,319.326178,320.415861,322.344485,323.187751,322.324180,323.140623,327.673306,333.595010,331.793886,332.236314,333.509510,333.013044,336.863826,341.512760,331.733534,330.319505,327.246329,327.908983,321.832801,319.618719,313.718836,314.992042,308.403673,312.675677,309.144210,304.629759,307.217735,307.183705,308.389274,309.822505,304.046735,315.336257,313.244847,309.993696,312.077064,306.330640,310.905922,310.299494,307.462359,310.873685,314.326246,318.246121,320.873539,320.426128,323.615324
2025-05-01 10:00:00,119.543078,119.971612,114.360293,114.517070,114.413770,113.905387,114.859775,113.609009,112.631450,114.344428,113.840791,114.322957,114.549046,115.343192,117.151793,117.954287,117.253190,118.696344,119.433042,117.639182,117.080978,115.088111,116.563307,114.219179,114.701122,113.886003,111.788856,110.742974,112.464984,113.385045,115.614224,117.067252,111.745125,112.244204,106.779532,106.720862,105.154760,104.944204,104.532994,104.646691,103.224070,107.531052,105.349531,105.675693,106.749090,104.683023,104.934729,104.745545,102.957579,103.212112,103.303394,103.328273,102.598303,102.619450,103.981534,103.883338,103.580557,103.742187,103.475482,103.974791,103.638879,106.141186,107.598719,107.219855,106.856795,106.958064,108.675082,108.630281,107.352323,108.290663,108.976324,109.413585,106.338909,105.360924,106.234090,104.691377,108.675515,109.496810,109.194262,109.874515,111.829548,110.206762,108.670943,107.444542,109.107903,105.843971,104.460123,107.240135,108.690923,107.723786,111.523913,113.530493,112.568323,112.701474,114.213074,114.611296,340.777664,335.292353,330.770484,327.111312,324.338017,319.908360,322.140195,321.393260,318.839001,321.211948,322.806519,322.264310,321.954271,324.352636,324.543600,323.220595,325.389856,328.266130,329.038308,328.742411,329.480980,325.116903,326.627728,323.013349,309.238452,310.502007,312.448013,318.006019,322.103645,321.421105,325.409046,319.484830,319.493934,322.597973,319.608720,316.377448,314.308822,314.700295,315.491810,311.881114,302.103980,303.961659,305.046108,301.163728,304.187998,301.874878,305.087110,306.966839,316.386482,315.484809,316.860116,317.395883,318.116774,318.458934,320.759368,322.403394,322.043821,324.826205,329.213975,329.376526,330.222450,332.024849,335.362432,335.257324,336.081392,328.094998,328.953487,323.317055,323.805093,317.405432,315.131345,310.179278,307.890040,306.001216,308.577617,309.590904,304.615257,302.366172,307.378944,307.216216,308.932701,309.293490,315.798417,314.650899,313.232001,314.588884,319.208669,319.759002,317.309813,318.683466,319.293542,324.404186,326.434720,327.645436,328.150910,321.007185
2025-05-01 10:15:00,115.319126,114.849819,110.248065,110.291247,109.747689,110.580187,109.891338,109.614523,111.288617,111.069429,111.455938,111.796919,112.697718,114.594696,115.307544,115.027440,116.163895,116.884821,115.356147,114.255623,112.510761,113.710234,111.631300,110.207617,110.589566,108.602578,108.170582,109.823732,110.816840,113.837847,114.903902,109.593401,109.777146,104.837954,104.491262,103.202625,101.489758,101.232481,102.822619,99.692073,104.152115,102.768445,102.650530,103.286526,102.775775,102.678901,101.726598,102.467995,100.779066,101.221501,101.545192,101.266202,100.721670,102.026841,102.517229,101.954690,101.698801,101.952110,102.316029,101.934017,104.565797,106.346310,105.560868,104.614160,105.336167,106.394954,107.242649,105.808557,106.059187,107.288255,107.371277,104.759704,103.774441,104.269380,102.910396,106.635867,107.367691,107.540002,108.239087,109.158601,107.912855,106.506077,105.100777,106.897224,104.078409,102.315561,105.163047,106.051314,106.008725,108.876121,111.568250,110.149432,109.798981,112.165404,111.073772,110.423018,333.955010,327.625691,325.368761,323.640161,319.851847,315.562109,316.914785,316.824967,318.634259,319.603514,321.767250,319.326758,320.546239,325.226941,322.694300,322.521863,327.971651,327.826136,328.990343,326.964892,324.844721,325.524568,321.559851,318.668788,310.596777,311.945036,316.631589,320.660288,323.615184,322.499206,323.039789,317.934584,318.904815,317.964383,318.689018,315.000335,311.949095,312.290018,312.700003,305.018733,302.083093,299.590826,304.942211,300.155877,302.913799,301.699101,302.374427,307.934789,318.111097,315.713764,316.833334,317.755627,317.138572,318.447173,320.989370,323.090918,324.979408,324.016415,329.723986,330.489103,328.439732,334.317558,334.479594,330.895334,332.575666,327.761311,325.512209,318.185054,317.849279,314.669510,315.137237,306.723665,309.191575,307.925393,308.772791,309.181033,305.216824,302.179110,305.616985,306.561279,313.067924,310.439063,317.376272,316.424972,311.052569,318.464629,321.203215,319.777034,322.448568,322.111689,327.169635,328.445022,327.317841,327.207187,324.237695,318.933761
2025-05-01 10:30:00,107.621078,107.646591,104.981884,104.705382,105.603481,104.696940,104.894299,105.843961,106.439031,106.904796,107.204851,108.220782,110.017037,110.650651,110.361015,112.116358,112.572301,110.982411,110.289932,108.393944,109.701380,107.466617,105.946953,106.176552,104.222437,103.811578,105.456035,106.401753,109.465868,110.515121,105.817781,106.097837,100.358588,101.176877,100.179680,98.442035,97.189086,99.445797,97.330421,100.349577,99.592353,99.271305,99.295867,98.586791,99.257730,98.583480,99.127038,98.851145,97.958019,98.777633,98.429905,98.482806,99.342140,100.256705,99.476172,99.556217,99.643401,100.166127,99.357859,101.288832,103.140636,102.997768,101.810261,102.208731,103.583335,104.052715,102.454785,103.411890,104.659955,104.888648,102.083506,101.143312,101.366919,100.236112,104.398997,104.536950,104.402683,105.628734,106.179324,105.132180,103.649999,102.505005,103.007228,101.405182,99.391677,102.232619,103.216354,102.276833,106.253584,108.442253,107.377867,106.877208,108.630090,108.358784,106.184748,104.576845,318.151192,314.551563,312.811766,311.035161,309.669471,308.151281,308.781182,311.162645,311.047818,312.121294,311.097896,310.935830,313.904821,314.562874,312.664353,314.621841,317.336328,317.937270,315.733705,313.665052,314.960401,307.932709,309.729791,307.694703,304.248310,310.506202,312.723524,315.790866,319.480070,312.355405,314.698296,312.101186,309.659906,312.533316,312.709192,309.341908,307.474842,305.090803,299.929990,296.663328,293.604884,294.766745,295.863741,296.608580,297.972103,296.365529,299.707262,305.061556,315.465952,316.741803,318.874731,315.852028,319.155006,321.947491,319.270055,322.471024,317.999435,322.217937,327.809763,326.294811,330.315160,332.224590,328.740855,328.425876,328.250245,325.506967,322.201491,316.704670,314.484119,314.193785,314.558530,310.744498,314.870452,306.958987,305.249751,307.258391,304.684643,300.951731,305.846637,312.685561,310.372071,310.571589,317.057944,312.558001,317.585270,319.746556,321.796326,326.206613,326.958424,327.856631,326.729220,323.629600,326.371639,321.792946,318.013819,314.801962
2025-05-01 10:45:00,99.858417,99.844652,98.005184,98.783531,98.109212,98.122680,99.321297,99.126096,101.141913,101.516764,102.254997,104.110028,104.790870,104.600442,106.110123,106.831032,105.198014,105.029698,102.977704,104.372699,102.246320,101.057088,100.907177,99.854212,98.792902,100.309415,101.889396,104.233307,105.367137,100.834688,101.440146,95.916502,96.071447,95.591553,94.709984,94.011325,94.788247,93.727907,97.788896,95.631816,96.359985,96.470603,95.588759,96.696665,96.963005,96.718064,96.977492,96.798689,98.078123,98.076598,97.959306,98.965005,99.637262,99.304680,99.251418,99.321156,99.351321,99.160316,101.391547,102.539650,102.713006,101.421334,100.953413,101.325235,101.418253,100.536944,101.608571,101.917974,102.108061,99.849350,98.138204,98.793850,97.373247,101.128670,101.709195,100.962308,102.287380,103.453067,101.808144,100.928302,99.074982,101.275498,98.034876,96.862639,99.408624,99.803530,98.784019,102.794317,105.173770,103.644157,104.347293,106.080494,105.938269,104.544015,102.076513,100.915747,299.669521,296.400091,295.032098,296.840734,294.163060,292.842407,295.695991,297.831075,302.189404,304.434658,302.915183,305.758114,304.773294,304.077536,305.733730,306.362026,310.644148,306.110843,303.832834,306.791968,301.532741,299.527827,300.110404,298.681211,303.985301,308.528193,308.861288,312.346691,312.122455,306.755275,310.980565,305.198498,304.202117,307.416190,305.204230,303.584622,300.856461,294.464596,295.813410,294.337083,290.425925,289.896129,292.570506,294.328281,293.858776,295.765552,297.508633,302.429249,315.732721,315.000283,313.918852,316.534049,318.841963,316.665019,316.509475,317.839502,314.408362,319.485180,321.850623,322.333957,324.204864,321.402309,321.939736,317.812617,317.547846,313.091250,313.738016,311.350444,310.847184,309.058714,312.811075,310.811736,310.328654,307.183302,303.942177,310.877553,304.816213,304.883353,314.587234,313.827758,313.641254,313.567485,315.744570,315.123694,317.982295,318.237870,319.978362,325.121835,327.373349,329.295960,322.744528,323.977550,323.965970,319.833335,320.001364,317.943696
2025-05-01 11:00:00,101.365656,101.527028,100.454152,99.779583,99.982388,100.793086,100.789017,100.777225,102.402532,103.022820,104.946114,105.697310,105.369440,106.754004,107.433560,106.144007,105.666555,103.592930,105.133769,102.862200,101.593484,101.462306,100.387673,100.000488,101.928034,102.889933,106.101481,106.624056,102.183396,102.967229,97.267241,97.705622,96.707962,95.560974,95.298004,96.284784,94.531603,98.418812,97.036788,96.848897,97.885379,96.889936,97.445897,97.443419,98.357032,97.902464,97.503959,97.885117,98.133359,98.251398,99.196257,99.847771,99.328280,99.706473,99.233789,99.660961,98.899448,101.323339,103.222472,102.600497,101.379811,100.924239,101.296991,101.806823,100.433008,101.179998,102.262569,101.976662,99.517160,98.445494,98.792628,98.168393,101.540372,101.900845,101.701055,102.829345,103.773953,102.747538,101.285858,100.163221,101.426211,98.637533,96.511395,99.678770,100.314836,99.670070,102.499961,105.115530,103.924310,103.816103,106.356338,105.580266,104.302747,102.663878,100.534596,101.752684,308.115564,308.572969,311.232924,308.526546,307.469737,309.431855,307.674819,308.424499,307.180584,311.596567,310.475087,310.660965,309.450784,310.265558,310.890581,310.590641,311.639146,306.473489,307.253339,303.555119,303.454807,301.688925,303.703003,308.703375,310.190384,311.708090,314.622689,312.952060,313.492832,309.748574,309.797999,308.413190,303.841448,306.869782,306.458938,302.072096,295.434973,294.485329,292.044452,293.986666,290.479480,290.437300,294.362586,291.877989,296.910005,299.878435,299.872201,303.716850,313.961665,317.230484,314.822527,316.181922,319.068655,317.464495,315.864845,318.736852,315.213775,318.224930,324.697106,319.925236,319.689377,319.757625,318.873945,315.542694,316.121799,310.771019,315.133454,313.580429,309.450615,310.449927,314.285724,312.009078,309.660838,306.165244,310.545769,311.474069,309.546837,313.594576,315.512443,318.219648,317.438255,310.745297,315.441677,314.441809,316.442385,322.469903,321.148589,326.736849,329.672727,326.389229,325.699530,320.327186,317.977589,319.003408,317.514984,316.220708
2025-05-01 11:15:00,114.661116,115.553237,109.416768,109.613355,110.780270,110.293763,110.650010,110.656966,111.096597,112.847993,113.645443,113.449660,115.053984,115.665940,114.112156,113.822204,111.466173,112.914166,110.651521,108.896716,109.198064,107.831694,107.345089,108.481846,111.326556,114.221526,115.579073,110.441659,111.039635,105.624505,104.575379,103.577769,101.844644,101.097932,102.220476,100.283991,103.890811,103.346268,103.439053,103.332551,103.051225,103.592989,102.748094,103.188941,103.906799,103.762174,102.925571,102.754435,99.975158,101.393716,101.966797,101.281492,101.538575,101.935110,102.072331,102.020544,104.090511,105.070969,104.837078,103.920010,104.826368,105.823028,106.366071,106.056370,106.371462,106.674842,108.217662,105.062497,104.401766,104.514325,103.021772,107.698562,106.793565,107.200153,107.830171,109.130793,107.885972,106.440803,105.160151,107.298539,103.453772,101.961867,104.774727,105.897139,105.166340,108.890243,110.640064,109.256572,109.189894,111.388509,111.566230,109.727602,108.229235,106.153641,106.990869,110.561625,344.907233,349.042711,349.191194,347.791273,341.927312,340.613794,339.127778,338.161960,327.208519,330.272070,328.797311,329.312697,329.837114,332.310845,329.709703,327.313917,327.625270,325.836404,322.268416,319.742465,321.246975,319.927276,326.484497,330.132601,327.075416,326.044109,326.970017,322.663467,326.151399,319.644004,323.930833,321.694025,316.207432,320.986411,318.207593,308.450520,308.379113,305.917680,306.457722,303.870407,302.020985,305.425337,306.257514,306.340734,312.728038,311.745769,313.181843,317.342341,318.284854,320.968630,318.762095,320.812783,321.393072,318.907513,322.824139,320.153031,319.431187,327.137448,329.443576,324.800531,327.606362,326.776018,323.820711,321.845754,321.848140,318.488832,319.911726,315.473976,320.358714,315.410663,318.392244,313.340921,311.589553,314.900080,313.341548,309.260414,313.030223,309.179281,313.188653,312.945378,308.455243,307.597654,311.495804,310.276368,323.979227,325.267617,325.484375,331.204799,329.286212,327.679658,319.247267,312.285388,319.690375,321.379350,315.941518,316.677462
2025-05-01 11:30:00,108.834168,108.036408,105.558812,106.840905,106.786350,106.801869,107.005122,106.749513,109.613522,110.305452,110.071883,111.738888,112.470285,110.848939,110.434430,108.587027,109.837976,107.532689,105.992195,106.025672,104.864811,104.348139,105.479559,106.159491,110.089036,111.315074,106.459616,106.865254,101.107701,101.310932,100.214863,98.878943,98.122916,100.183465,97.868005,101.427430,99.114721,99.610170,100.294619,99.230078,99.836647,99.543986,99.489150,99.027659,99.481537,99.722884,98.489806,99.224371,99.159872,99.905363,99.004881,99.294587,99.602852,99.922175,99.559166,102.110011,103.342289,103.251644,102.495450,102.900125,104.007731,104.551900,103.105557,104.184584,105.243107,105.525797,103.635532,101.867454,102.621053,101.349901,105.196783,105.879710,104.318846,105.727057,106.622084,105.482603,103.626489,102.828720,103.589538,101.297566,99.542857,102.694947,103.024091,102.690557,105.928423,108.776137,106.766193,106.305120,108.595277,108.147142,106.937454,104.735359,102.732587,103.474661,107.273173,105.759599,337.955504,336.263626,333.372338,332.134084,329.110213,328.509696,327.983905,326.666058,322.400289,324.289763,323.980399,323.790846,326.157937,326.337666,322.827123,319.781472,321.935646,319.030210,317.361799,315.938298,318.002042,319.263400,323.996525,327.146502,325.113330,321.556554,321.537394,319.492488,320.177213,316.130184,320.121155,314.802453,313.619543,314.842777,309.933054,304.270519,303.050115,301.878532,302.993273,299.941177,299.003616,303.551124,307.967894,309.367895,312.703844,312.132616,313.231334,315.134599,314.854130,318.196084,318.612476,318.825979,321.556889,321.881338,321.152288,318.888744,325.125663,328.460287,329.942766,325.546082,325.004846,326.086105,322.633402,318.272562,319.227647,315.509910,310.528577,312.545553,314.660909,314.213478,314.852633,306.839391,309.566464,308.510472,308.073173,306.657833,304.947114,300.814196,307.945234,303.862435,304.901951,304.354829,308.086221,312.075457,323.840803,324.451477,323.003201,322.667265,319.545268,318.596876,311.154312,310.034926,312.752400,314.543662,309.812937,310.820991
2025-05-01 11:45:00,108.919181,108.767953,107.175774,107.139067,107.452592,107.640677,107.542170,107.772113,110.835440,110.529939,112.150226,112.951630,111.409039,110.965508,109.011121,110.569630,108.041812,106.444764,106.672737,105.241122,104.753602,105.701840,106.363807,107.959775,111.728560,106.868158,107.591818,101.593878,101.928065,100.886938,99.279751,98.596647,100.029028,98.168015,101.913697,100.518812,100.266796,100.385516,99.749773,99.868297,100.043433,99.742687,99.813190,99.171001,100.343467,100.002425,98.727648,100.812919,99.036557,98.737678,98.909287,98.817902,99.471013,98.601207,100.883219,102.923919,102.371472,101.632380,101.774328,103.093951,103.560036,102.515095,103.135164,104.558917,104.720071,101.413545,101.060768,101.286229,100.099605,104.467111,104.607721,104.476050,104.282676,106.170995,104.516225,103.108035,101.713946,103.606002,100.534023,99.387376,101.522387,103.345076,101.716795,105.584282,108.050507,106.815977,106.068864,108.555208,107.835447,106.113476,104.630250,103.032711,103.445723,107.616585,104.843161,105.860095,334.506306,334.151854,333.453141,330.983328,327.290011,323.772200,324.331297,319.747982,317.612530,320.590991,320.987698,321.075600,323.171910,323.805093,317.820650,318.795965,315.270997,314.615731,315.444350,313.122167,317.768405,320.177737,322.429823,326.498158,321.923373,316.196365,319.409468,315.462219,318.549368,314.927099,317.093107,314.672376,309.480330,306.542775,305.871344,299.205878,301.092549,298.559224,299.442518,300.128944,297.039679,304.338495,310.316605,310.778609,313.641943,310.991072,311.086459,313.739367,313.073840,316.503619,319.042889,316.043676,321.758281,321.307849,320.195907,323.146595,324.145066,325.504718,327.881538,325.641872,325.882722,323.260800,317.842296,317.518398,316.494222,311.385206,311.196353,313.524945,314.000219,313.071800,313.094983,308.693978,306.818318,307.054249,306.424763,303.139367,303.920417,300.275158,303.082736,300.604267,300.730927,299.641234,311.539891,314.501296,323.504781,324.618665,319.918898,321.604442,315.131048,310.723850,307.665409,309.777456,308.693202,312.660889,309.270939,310.198759
2025-05-01 12:00:00,107.827481,108.258093,106.425118,106.597496,106.926306,106.889565,107.136835,107.210346,110.414436,112.069955,112.730641,111.199186,110.818884,108.771384,110.396625,108.245164,106.431220,106.691488,105.622215,104.828573,106.067182,106.632178,108.066900,108.957837,105.848887,106.438972,100.742884,100.864834,99.698729,98.509620,97.533082,98.809206,96.777554,100.814281,98.973736,98.701000,99.289731,98.899523,99.778329,98.644592,99.660833,99.365512,98.438412,98.171751,98.482114,98.511330,98.881055,100.021648,98.403791,98.262783,98.648522,98.826505,98.815394,100.846388,102.350390,102.643164,101.438316,101.998702,103.309213,103.897907,102.236069,103.142851,104.174903,104.815463,101.802018,100.555452,102.147630,100.128184,104.517901,104.772443,104.157114,104.734979,105.096757,103.893858,102.946377,102.013810,102.847459,100.165485,99.331715,101.773096,102.538270,101.972159,105.161228,108.046365,106.757980,106.436589,108.136887,107.893769,105.594363,104.132305,102.624711,102.858594,106.879964,105.029154,105.026589,104.489178,327.305946,323.405412,319.200443,316.388968,310.054541,309.708244,308.695239,306.115001,310.688001,315.075815,315.297305,315.520246,315.884353,314.924113,314.120293,310.569629,310.043874,312.193717,313.139444,312.437124,316.749578,317.965381,320.885997,321.763701,319.407362,317.985608,313.380434,312.916752,316.243975,311.071134,317.734730,309.839963,300.795365,303.657918,302.329040,297.769158,299.139409,297.049534,298.573583,297.214286,298.748085,304.918335,309.251906,309.789047,310.881297,306.715693,308.347360,310.525713,313.972882,315.236092,318.446894,318.200010,323.696450,321.265572,324.155195,325.621758,320.691179,325.151546,327.158394,325.065455,322.968988,322.035427,319.485524,319.082447,313.605873,313.012372,312.271920,312.416803,310.570380,311.306477,313.992205,308.861970,307.240469,310.997423,306.277067,304.681332,305.204264,300.594610,304.910672,306.270738,304.028306,309.790190,321.216860,325.310173,333.670340,330.036210,326.951405,322.429973,317.000458,317.633820,313.484295,312.175478,316.256454,317.341121,314.296846,309.104537
2025-05-01 12:15:00,100.949385,100.603834,101.685494,102.003453,102.116064,102.405843,102.807657,102.409327,108.409521,109.166518,107.537465,107.412232,105.430205,106.935181,104.808877,103.719896,103.720613,102.847240,102.451464,103.699879,104.311082,105.449356,106.348246,102.554157,103.623193,98.057701,98.108135,97.272869,96.381848,95.716736,97.130060,95.757883,99.171775,97.942855,98.024545,98.764600,97.770730,98.646809,98.287463,98.890772,98.437410,98.944581,98.012923,97.513142,98.185569,98.743983,99.570667,98.827350,98.600698,98.675820,99.196033,98.648034,101.509147,102.805993,102.220600,101.735586,101.153910,102.334130,103.067831,101.194855,102.023585,103.364505,103.008318,100.572165,99.548958,99.901844,99.528132,102.902103,103.635394,102.856272,103.821967,105.289973,104.044774,102.659639,100.712001,102.322210,99.305040,98.192073,101.057800,101.464626,100.459078,104.288557,106.860998,104.921750,105.756530,106.697320,105.799053,104.706413,102.260913,100.383936,101.393180,105.937284,103.235577,104.436696,103.601544,101.284045,306.947699,300.730927,299.547486,297.998580,293.854002,292.749517,290.284563,290.077813,303.349787,306.500754,306.739326,306.216209,304.621266,307.123169,304.055757,302.771612,303.337931,305.753115,310.192763,310.363884,313.152109,313.533087,315.694476,315.793824,314.568222,314.335458,315.816314,312.900669,314.525735,311.629932,312.589440,305.256855,305.306219,305.860340,305.609982,299.204040,299.227685,301.147254,296.216538,301.592454,302.655081,305.282569,308.342897,307.224555,307.409083,305.686349,305.758449,306.678448,312.072883,310.234295,313.833895,314.617571,317.851619,323.087063,322.239914,320.120387,317.555657,322.147136,319.321054,318.000408,314.763503,315.873212,313.409936,310.051154,309.897907,308.109258,310.666909,307.179906,305.300278,310.433588,310.975110,308.075380,316.482719,316.528617,315.459264,315.476034,310.421958,312.990794,318.301851,318.347663,321.307736,324.051345,331.566275,332.026326,327.031539,330.785948,321.203650,316.689116,318.495149,319.181867,308.389467,310.743128,315.482137,316.029401,307.459030,305.184206
2025-05-01 12:30:00,100.485644,100.762582,102.498498,102.485135,102.949800,103.181417,102.878559,103.748249,109.594017,108.026246,107.674524,105.728910,107.221085,105.080670,104.002778,104.037804,103.260075,102.639857,103.975309,104.611633,105.957031,106.610283,103.031443,103.670836,99.069715,99.307161,98.138743,97.214507,96.629930,97.788036,96.224071,100.230313,98.709468,98.514544,99.537233,99.115078,99.345658,99.551676,99.472744,100.077775,99.412865,100.231570,99.884485,99.624394,101.029301,101.018281,100.406759,100.261008,100.571986,100.866340,100.515714,102.822823,105.172899,103.982825,102.974526,103.792099,103.322372,103.929958,103.305588,103.381217,104.299147,104.309407,101.757121,101.094885,101.545648,100.126464,104.542284,104.439011,103.945035,104.717801,105.815669,104.705335,103.138481,101.621994,102.481901,99.946406,98.171673,101.034634,102.668277,101.362541,104.449324,107.236645,105.864858,105.529158,108.397317,107.449394,104.963118,103.294057,101.342502,101.755449,106.621474,104.374465,104.461036,103.847635,101.988581,102.642415,311.299874,310.848165,309.993678,308.806791,307.619031,308.391428,304.912798,306.461412,312.951814,314.678724,312.818717,311.340908,312.282366,309.493020,307.795922,307.648161,308.954392,313.733033,317.604683,317.140532,321.178008,318.702020,320.580036,321.598282,316.542967,316.291735,318.733390,314.706941,319.091968,313.795712,308.099181,304.416057,304.261315,305.274069,304.366649,303.601785,301.444002,301.518927,305.637459,308.665054,308.643376,311.321742,312.912820,308.528962,309.964651,309.804341,310.348625,310.409457,314.302547,313.886441,317.962846,316.035486,324.655498,324.823805,320.036394,322.333430,315.691022,321.027148,319.967201,314.055542,315.610840,317.543789,313.003871,315.859770,315.271378,312.990902,312.309370,312.408057,310.583586,314.295137,317.412617,320.592663,321.274270,323.122679,324.844253,319.300334,321.950913,319.107159,320.354623,327.331232,330.291554,331.391984,335.863990,336.278778,331.111397,330.734097,321.705106,323.384778,324.468723,321.869819,315.670795,319.358635,322.674335,318.551844,311.885097,312.755392
2025-05-01 12:45:00,90.745981,91.056804,94.114346,94.483075,95.101494,94.808684,96.289715,97.151331,102.227760,102.000030,99.992035,101.748107,99.719130,99.039122,98.669132,98.094246,97.456252,98.574085,99.211471,100.792544,101.830717,97.931318,98.783714,95.044092,93.877839,93.071600,91.947721,91.169747,92.799670,91.100052,95.287560,93.838365,93.787596,94.082447,93.299444,94.079208,93.262791,93.891771,93.697487,93.800950,93.867887,93.820966,93.438146,94.643416,94.945973,94.420297,94.583596,93.841140,95.274634,94.566060,96.896498,98.607971,98.671254,97.628866,98.264626,99.132028,99.117583,98.497663,99.622942,99.459515,99.833416,98.505650,97.018635,97.601206,96.173509,99.764091,100.476590,99.851013,100.832384,102.053882,100.964884,99.832614,98.074232,99.536497,96.199549,95.140466,96.524375,96.865557,96.718612,99.693884,102.052655,101.255561,101.687558,103.103260,103.266831,100.733363,97.911868,96.828319,96.933249,101.271428,99.094143,99.200296,98.505619,97.202019,97.468532,94.395014,281.521209,276.703259,278.020891,278.503777,275.677521,276.832860,275.154559,276.443359,294.868669,297.237869,292.390560,296.258380,293.312271,293.466732,296.983314,296.547122,299.909258,304.020647,306.048476,309.056364,309.850193,308.666229,309.668066,308.476179,312.017325,311.834634,311.825247,311.043860,311.057156,303.213907,303.114986,301.404275,301.862009,299.028827,297.416209,298.080408,293.070515,297.041920,299.823488,303.331795,304.313856,305.513564,305.795184,303.820355,305.016621,304.140812,305.354849,302.896763,305.296701,307.564996,307.810065,312.376786,314.627299,311.276664,311.025612,312.412314,307.378346,311.698423,306.788548,306.475348,307.758592,307.494840,309.172153,308.351602,307.382593,304.003581,305.733277,307.116026,305.698632,310.506578,316.246770,316.207300,319.684872,318.282511,315.436720,316.015139,315.016999,312.974894,320.904846,321.734740,326.034037,324.069783,325.314527,326.944577,322.512084,317.081399,315.345253,314.880197,314.356892,316.733938,313.052812,318.393868,313.060922,310.131180,305.787008,304.865488
2025-05-01 13:00:00,93.631971,93.727001,99.197138,99.639680,99.579112,100.719766,101.851060,101.052830,105.558406,103.830810,105.456898,103.389499,102.502501,102.407218,101.610781,100.992086,102.133750,102.970349,104.762905,105.445406,101.743468,102.641780,98.482358,98.766996,96.380509,95.164080,94.654645,95.789438,94.394772,98.039444,96.694105,96.866373,97.169278,96.163368,96.331873,96.425972,97.008202,96.587876,96.257248,96.849199,95.916796,96.164564,96.892422,97.242152,96.990122,97.249007,96.977558,96.907008,98.078106,99.799182,102.197100,101.770453,101.353955,101.712638,102.657181,103.241620,102.241604,103.646703,104.173445,103.920987,101.906770,101.019358,101.362514,100.061312,104.019309,104.301369,103.995493,104.862627,105.905496,104.535371,103.007321,102.058198,103.088055,100.525572,98.240708,100.243965,101.197289,100.155694,103.923652,106.341165,104.838448,105.425280,107.388560,107.262601,105.022419,102.341176,99.895535,101.176679,105.177912,102.869299,103.104376,102.403016,100.984717,101.922927,98.430305,99.372622,269.111675,264.746214,269.182266,269.828791,269.443075,272.731496,278.147518,282.911515,292.787606,294.191539,293.470597,288.921113,289.713227,289.390901,289.841125,293.616782,294.257194,298.357545,303.342359,299.787024,303.501671,302.241669,296.045151,298.013033,305.238557,304.468838,305.129585,302.510988,298.521734,296.379713,296.319589,294.990704,294.859906,293.234441,293.448298,290.402343,289.717638,293.092072,294.488114,298.268727,298.040823,297.589737,297.319194,296.919812,299.550146,298.345847,296.042240,297.879313,301.150567,302.304006,306.461503,305.437628,304.997359,305.860379,303.231940,304.085891,301.032949,302.332394,300.214887,301.206787,297.706570,302.831736,302.084344,302.707914,299.283380,300.909557,301.404384,303.800255,304.278570,309.825598,310.793685,311.305830,311.145343,308.546084,313.263764,311.588238,309.015081,312.762009,320.850007,319.167623,320.134091,316.042671,319.846271,317.258593,310.229673,312.315034,312.063222,310.498661,310.437452,312.025542,310.645864,309.174048,306.600660,305.165981,302.325891,301.194605
2025-05-01 13:15:00,92.829733,93.456308,98.419123,98.105640,99.619252,100.465033,99.846772,99.593001,102.942494,104.512555,102.503423,101.730395,101.465257,101.000079,100.304474,101.492645,102.271179,103.983053,104.665102,100.955815,101.889749,97.873406,98.015052,96.651233,94.416247,93.610375,94.960286,93.408988,97.327414,96.074049,96.334744,96.298328,95.685354,95.467844,95.358146,96.214034,96.548726,95.584110,95.866822,95.648513,95.212613,96.642409,96.715988,96.270857,96.630222,96.642992,96.889421,95.978681,100.353883,101.647617,101.497836,100.853248,101.300709,102.512863,102.951793,102.038879,102.935506,103.612208,103.830294,102.052977,101.183259,101.935621,100.431546,104.275236,104.988818,104.096118,105.255652,105.889508,105.010021,103.319953,101.967066,103.060106,99.913755,98.668391,99.202655,100.316002,99.170768,102.234608,105.317380,103.437401,103.927909,106.096829,105.642218,103.903805,101.230668,99.394051,99.452923,104.422675,101.668196,102.519544,101.616229,99.687639,100.975386,98.214314,98.673403,98.342107,277.157887,279.966327,285.458954,286.003140,286.470953,287.913062,290.972394,291.599300,298.309150,300.922280,295.006111,294.202038,296.217211,295.782157,299.210734,302.130780,301.691561,304.748949,307.273218,302.575823,308.920287,302.147787,299.749522,302.570090,306.989013,307.325906,304.502309,298.669783,298.936207,296.744974,298.343504,295.663898,296.640291,296.201970,293.629462,294.580682,295.417932,297.017851,297.504915,300.140708,298.287774,299.092702,301.084903,300.242759,303.798385,299.060068,299.437468,300.422599,304.465808,310.127894,310.401037,306.867257,309.772137,308.591219,304.473851,306.132444,299.637864,304.205422,302.440663,299.738781,302.156436,304.695530,307.427615,306.885848,306.102934,308.553970,307.342715,311.973568,314.407266,313.941170,316.316686,316.333654,311.726514,313.146503,314.099513,313.995489,318.120827,319.244335,324.256444,321.709953,318.754599,315.703409,315.479414,309.708738,309.754974,310.171702,309.734329,307.631910,310.266967,315.755814,312.280958,308.919821,308.445466,308.960231,306.220555,306.114172
2025-05-01 13:30:00,92.651525,92.671533,97.978301,99.180640,100.336413,99.188776,99.045431,99.058378,104.189982,102.391530,101.566219,101.311669,100.716850,100.295918,101.367824,102.232675,104.031766,104.733099,100.933839,101.777491,97.864780,98.056604,96.561623,95.335215,93.738311,94.969256,93.455284,97.600460,96.594434,96.425614,96.768734,96.223053,96.726430,95.893803,96.060122,96.480805,96.480835,95.921662,95.385780,95.738396,96.331763,97.120995,96.274915,96.511171,96.694449,96.780282,96.603069,98.674266,102.321133,101.852085,101.124299,102.027042,102.559880,102.843910,102.367366,103.536048,103.564982,104.286844,102.890641,101.678450,102.109138,101.111182,104.492412,105.396958,104.756410,105.646456,106.604479,105.032582,103.908113,102.240896,103.216815,100.295819,98.595564,100.018096,100.667350,99.685834,103.241945,105.549563,104.852007,104.256983,106.320361,106.644115,104.079450,101.901127,99.789973,100.303233,104.072539,102.289637,102.462524,102.248712,100.048925,100.524806,97.760355,99.063176,97.771750,98.359531,273.518053,272.590948,275.007460,274.673790,278.210884,281.156115,280.499236,286.033173,293.644037,291.807101,290.925123,290.748819,292.915912,296.357609,299.052009,301.536224,300.576133,301.540319,303.013888,302.036127,301.084060,297.514709,296.202049,298.091565,304.362796,302.897581,295.890585,296.570870,297.344687,295.270790,293.949889,291.839768,295.723882,294.292181,297.254908,297.587263,297.280110,297.509661,298.577867,297.405923,296.838078,299.710451,299.264859,299.981158,300.237167,298.217989,299.814047,299.276612,306.695326,309.621302,303.985163,304.498775,307.618098,304.356540,300.224494,301.282376,299.702448,303.719542,299.343249,302.761282,301.289432,303.747991,305.585720,304.838938,307.094445,309.183658,308.706310,316.512995,315.287080,314.849442,315.987497,312.759382,311.732706,313.855854,312.655307,320.704223,320.882074,322.611996,325.601794,320.728961,319.208682,314.347458,310.016035,312.929925,313.936671,309.270802,312.417766,310.871577,313.294492,312.961239,309.694577,310.435074,310.092163,309.304029,303.931983,306.139687
2025-05-01 13:45:00,94.315283,93.553251,101.179413,102.154965,101.310622,100.775986,100.628081,101.235275,103.800535,102.972948,102.640970,102.074790,101.313365,102.661891,103.417803,105.296327,105.899450,102.122732,103.104135,99.160672,99.315118,97.798411,96.594200,95.873296,97.086850,95.190127,99.038964,97.606521,98.080829,98.244999,96.954004,97.948326,97.837449,97.681033,97.606099,97.611009,98.066792,97.065188,96.522327,98.346164,98.025010,98.220873,97.959736,97.992658,98.471422,98.116013,100.620999,102.406258,104.020591,102.927546,103.485155,104.362490,104.743388,103.794009,104.885464,105.752928,105.986988,104.938776,103.625304,103.903463,102.501333,106.663262,106.648834,106.605525,107.345966,107.961619,106.896278,105.145868,104.090095,105.095764,101.910349,100.537662,101.237144,102.298943,100.875441,105.035443,107.580691,105.963931,106.288557,107.578161,108.229177,106.242132,103.513883,101.605800,101.932745,106.038247,103.721121,104.240988,103.292549,101.962176,102.627932,99.559946,100.675977,100.178751,99.777437,103.111273,277.422605,279.044104,286.522713,285.399104,287.671918,287.987703,290.890631,290.780232,298.488882,296.377949,296.506448,296.818754,301.122724,304.259621,304.640631,307.073398,304.486062,303.481679,305.771442,302.281894,306.411391,302.371517,298.335347,303.119241,303.042105,297.751718,296.835475,296.560518,298.432812,297.361172,297.225000,296.919311,296.341575,298.045214,300.244477,298.680808,300.888982,298.953274,296.963053,298.954338,299.838506,300.482893,301.521530,298.858327,302.439997,300.284679,300.877469,305.411500,310.427759,306.163016,306.013652,303.753563,306.613930,304.220512,299.018680,301.788972,300.934306,302.281043,302.694788,304.253577,302.365369,305.062080,306.119538,309.334102,308.831044,313.479785,316.302043,318.767713,316.768263,315.179619,314.170545,314.301177,312.874003,312.958586,320.802972,325.492762,325.165201,322.887280,324.300630,320.727521,316.184084,310.936179,313.136987,313.133504,312.766393,310.225492,311.698335,312.256104,310.972852,311.163920,314.736276,312.632600,310.169227,308.812188,305.737762,313.887583
2025-05-01 14:00:00,94.001489,94.619943,101.999380,100.873373,100.695733,100.216445,100.654679,100.867693,102.752428,102.500029,101.965546,101.358314,102.497439,103.442457,105.308563,105.990977,102.250047,103.279157,99.233004,99.237207,97.517491,96.289551,95.662102,96.387250,95.047772,98.527898,97.400482,97.571546,97.800001,97.028760,97.374750,97.308060,97.772993,97.321235,97.140551,97.568083,97.502737,96.693372,97.721983,98.645877,97.842395,98.305255,97.633453,98.146399,98.084841,100.364958,102.637550,101.996148,103.424785,103.848243,104.489508,104.707028,103.626589,104.624140,105.694186,106.323270,104.415910,103.697945,104.388413,102.827211,106.890089,107.723380,106.537865,107.605928,108.277395,106.956169,105.467101,104.022805,104.927835,102.609949,100.660056,101.445763,102.177410,101.279403,104.513457,107.415823,106.284250,106.237240,108.089337,107.598536,105.935373,103.599081,101.930998,101.694357,106.173430,103.463534,104.347718,103.666749,101.601930,102.821103,99.546309,100.082062,100.064519,100.395250,102.494892,100.685426,285.149355,288.841451,295.755317,296.260209,297.468030,294.554170,298.518771,298.036526,301.261834,301.247369,302.318605,303.860054,306.992843,310.465231,310.374665,311.904458,307.332406,309.448196,305.838356,307.412522,308.580667,305.650455,302.995142,306.598612,300.222122,300.877249,299.042840,300.363089,300.209294,300.426857,301.202020,299.171517,301.914366,303.248277,304.325197,303.564940,303.874643,300.481810,299.472492,303.631449,303.185854,304.861489,301.276422,302.335992,305.866312,301.877840,308.310195,308.950464,309.579926,310.294550,308.573247,305.692107,307.720976,303.724557,302.210419,305.334405,300.399055,305.834786,305.778187,307.185932,306.310073,306.849205,310.742353,312.174673,311.581991,321.064147,319.646042,322.048563,322.839018,318.168139,318.353380,317.162939,315.033512,320.476187,327.048246,329.337465,327.574916,324.220087,326.215950,321.708490,315.492236,315.254505,315.733121,314.148400,315.743143,314.117959,318.038951,311.623898,312.800693,316.730741,314.530049,313.020859,312.821965,312.910770,312.707349,315.740257
2025-05-01 14:15:00,95.276017,95.369274,101.562643,101.080389,100.918994,100.961277,100.979994,100.585195,103.161118,102.621699,101.940512,103.198451,104.012697,106.048962,106.681352,102.956847,103.829097,99.961503,99.887449,98.440357,97.103241,96.325829,96.980904,95.681261,99.460013,97.563535,97.770250,98.289878,97.787362,98.008135,97.371190,98.170910,98.267850,97.320350,97.769412,97.716952,97.876447,98.156653,98.510298,98.829661,98.354088,98.595216,98.507816,98.400484,100.922644,102.937270,102.696718,101.699233,104.619793,105.404260,105.368984,104.462987,105.114054,105.944866,106.254917,105.884873,103.774232,104.939473,103.826319,106.800183,107.725794,107.461484,107.719723,108.378919,107.359776,105.986973,104.565182,105.407211,102.656915,101.256593,102.030040,102.989117,101.586947,105.304719,107.236848,106.380113,106.858001,108.487858,108.560443,105.507361,103.844047,102.178530,102.593825,106.244716,104.101129,104.770393,103.478195,102.143754,102.336261,99.640271,100.676656,100.370604,100.837930,103.698926,101.230738,103.120789,288.266578,288.176310,293.041004,295.599849,296.082948,296.477719,301.559364,299.531943,302.705605,303.312806,306.840181,308.970057,311.454360,314.041145,313.620837,313.138649,312.160090,307.366831,308.392870,308.816865,309.030906,307.809292,302.448285,305.657160,301.465142,299.556203,300.129154,299.397116,301.525804,301.437091,299.515660,302.113136,305.517902,305.569684,307.745723,305.125970,303.501808,301.571336,301.833398,305.045082,306.202472,303.553156,303.564880,303.430398,304.924054,307.457517,308.922533,306.174523,312.635631,311.066635,308.541986,306.541375,307.441784,305.920197,302.796596,301.865771,303.007910,306.115873,306.490507,306.161872,304.232247,307.800061,312.313529,314.656121,317.554152,321.979849,321.158903,324.171638,319.528623,320.401360,318.905646,315.229631,321.354967,324.274505,326.773697,327.526731,324.549963,325.026586,322.119397,316.382538,317.919391,315.910972,315.940284,313.108000,316.226424,318.246376,313.321962,311.074836,315.422803,317.721530,317.100619,312.760477,312.963461,317.652342,318.085825,317.456086
2025-05-01 14:30:00,96.287690,96.371171,102.012792,101.614341,101.878037,101.590936,101.101670,101.801286,103.217460,102.844079,104.057337,104.968172,106.752289,107.532415,103.805734,104.721788,100.563323,100.729404,99.291220,98.121494,97.162009,97.813054,96.472665,99.155817,98.856526,98.499659,98.891247,98.403493,98.973463,98.760945,98.604027,98.909003,98.856022,98.443202,98.079497,98.301535,99.632246,99.270270,99.036547,99.800060,99.160760,99.577116,99.043996,101.684095,103.942756,103.609520,102.715385,103.152514,106.453885,106.813795,105.481690,106.208470,106.444172,107.011236,106.032181,105.347287,105.221810,104.891655,108.487519,108.265239,108.045481,109.166606,109.230490,107.902036,106.949534,105.669662,106.093413,103.241636,102.199802,103.228338,104.060345,103.002018,106.004491,108.294174,107.362713,107.534062,109.684653,108.940707,106.996191,104.546862,102.622149,103.337548,107.965844,104.595663,105.354508,104.682890,102.331279,103.740469,100.598994,101.441713,101.325109,100.946166,104.531438,102.247254,104.199087,104.318458,311.535491,316.165374,323.488233,319.749447,319.722821,312.128028,315.337279,313.396602,313.285322,315.043960,318.056653,319.901245,319.593871,320.798952,319.235727,320.612654,315.242973,315.039301,315.425942,315.405922,315.211176,312.577397,308.052252,311.909206,307.308549,305.083530,305.380208,306.520300,308.213574,308.098201,308.997956,311.410845,313.743275,313.350413,315.143504,310.578638,312.329167,310.503034,310.994661,313.808677,309.565361,311.851881,313.000470,308.828309,316.524280,314.940072,313.134121,313.990270,316.441301,317.064645,314.408104,310.221329,313.513794,310.105389,305.536617,310.038214,307.980196,312.205805,310.655218,311.081751,314.915704,316.247731,320.594949,326.735745,323.321824,325.837686,324.632015,325.978937,323.718575,320.975760,322.377315,326.298184,330.836745,331.673511,334.589390,331.661715,332.465371,327.387594,323.300844,323.929165,324.695542,321.742353,320.737086,319.367917,323.221491,321.139993,317.317215,317.300793,322.273685,322.252984,320.136204,320.165108,324.391759,324.647899,323.293229,328.901342
2025-05-01 14:45:00,96.601351,96.491041,101.454474,101.506330,101.460332,100.663448,101.215465,102.161591,102.755416,104.016411,104.925790,106.871360,107.529360,103.881513,104.567217,100.665166,100.733745,99.357321,97.959340,97.202992,97.915476,96.538177,99.156501,98.249563,98.492254,98.980913,97.819087,98.658678,98.540856,98.965942,98.240094,98.228886,98.642209,97.703373,97.775469,98.892352,99.347373,98.647337,98.706913,99.219622,99.234094,98.975900,101.262120,103.721342,103.574222,103.067849,103.396026,103.897151,107.201202,105.998750,106.658717,107.248526,107.293356,106.150901,105.151491,106.485378,104.780565,108.391614,109.362382,108.469906,109.368134,110.162637,108.407442,106.457190,105.639096,106.586118,103.459936,101.966869,103.298045,104.482418,102.850695,106.666169,108.455267,107.299902,107.654930,109.564007,109.229423,106.993634,104.853909,102.597399,103.309519,107.409158,105.282885,104.933894,104.322642,103.109262,103.403301,100.480549,101.171474,100.911863,100.829308,103.998246,101.853455,103.967146,104.308458,103.632426,326.878381,329.821842,335.198893,333.463544,329.063485,322.996984,322.005312,319.877665,321.861301,324.058737,325.166213,328.537505,325.466843,325.218100,324.856231,321.771884,319.888017,317.706242,318.694497,320.661334,317.949321,313.800287,312.671035,311.170995,306.979489,305.923515,306.291487,307.558479,308.022836,310.964092,311.957783,310.924600,315.331069,313.537858,311.698616,308.844043,311.895492,310.457082,313.142077,309.994042,308.106821,308.925198,312.906924,316.462760,318.163477,313.491628,313.656293,313.351300,312.841407,315.301244,312.081559,312.436233,313.877892,307.594698,309.137523,311.788513,312.675275,314.337733,314.235122,315.341708,315.579747,320.121404,325.563446,329.073532,327.338103,329.044769,324.429531,323.707499,325.927893,324.221502,328.380636,329.996351,337.598992,337.790383,336.942733,334.711642,331.537777,325.845759,330.615990,326.519748,326.405796,320.520174,323.217156,325.545318,322.284686,320.295591,319.056374,319.825337,319.860377,321.483232,321.566832,326.128767,327.887332,330.032439,330.414985,335.392920
2025-05-01 15:00:00,99.541746,99.608312,103.138208,102.871046,102.104258,102.461250,103.128339,102.799750,105.070247,105.985241,107.207800,107.978528,104.584107,105.200010,101.581772,101.670053,100.121404,98.733944,97.975971,98.573022,97.182410,99.576079,98.594166,98.892642,100.405691,99.881665,99.949752,99.882839,100.365700,100.528954,99.582318,100.226851,99.860904,98.975227,100.472344,100.964387,100.656833,100.135914,100.405665,101.711992,100.787439,103.361774,105.445603,105.226123,104.398437,104.918652,105.636188,105.783205,106.681221,107.514242,107.977743,107.750495,106.299352,105.448385,105.856002,105.566342,109.137917,110.088021,109.652498,110.288389,110.233403,109.071735,107.213564,105.718980,106.947480,104.241114,102.397401,103.687410,105.352065,103.890126,107.124712,110.024494,107.604187,107.636990,110.145805,109.805239,107.463128,105.122990,103.708090,103.970037,108.325144,105.424531,106.192894,104.733591,102.898814,104.053368,100.734611,101.997248,101.117851,101.189681,104.816603,101.941738,104.828448,105.221693,105.141683,105.498394,328.224431,328.963024,334.453826,331.010502,330.004250,326.486463,324.350058,323.648788,328.369162,330.630033,332.282511,331.699954,328.601107,330.198738,325.329921,324.862855,325.590005,322.882029,325.339112,325.984238,320.951467,319.723891,317.550580,317.605246,310.258967,309.501568,311.471766,309.634219,313.301426,316.617386,314.729200,314.847814,317.417391,313.468592,312.443587,312.247703,312.548069,312.250837,312.511964,313.134484,311.557478,311.210954,320.031652,321.583209,318.714557,316.769318,316.371676,314.703900,310.831422,313.096750,314.216085,314.751043,314.021442,314.196925,313.145661,314.505406,312.254425,315.809840,318.335906,317.488366,319.071346,328.081180,327.832309,330.045465,327.806104,325.194042,321.916040,325.131521,324.299235,328.929406,330.465079,333.879194,337.805082,335.261804,337.333352,333.300966,329.317409,326.227457,331.083516,324.593203,320.761637,320.944479,323.159116,318.760885,319.509330,319.490267,319.950113,319.176085,315.536170,317.217026,321.172703,322.435811,324.488389,328.955246,328.139929,333.764210
2025-05-01 15:15:00,101.321989,101.518989,104.068197,103.030018,103.725605,104.251949,103.622956,104.631434,107.026237,108.283565,109.110654,105.718581,106.213107,102.575885,102.548112,100.891281,99.662268,98.855306,99.533161,98.105918,100.517976,99.505886,99.739009,100.052544,100.541127,101.127967,100.861515,101.623400,101.538123,101.460249,100.845748,100.855581,100.997816,100.848172,101.948648,101.826171,101.837836,101.457129,101.906813,102.557800,104.381886,106.788088,106.139647,105.441334,105.945271,106.562654,107.012627,105.615850,107.221794,108.393538,108.888462,107.060756,105.998781,106.550747,105.730216,110.371517,110.481179,109.953398,110.821433,111.040724,109.367546,107.880261,106.617131,107.544177,104.664176,103.368061,104.464387,105.475603,104.677024,108.089174,109.996294,108.974651,108.309438,110.099409,110.361574,108.284427,106.066355,104.316622,104.837446,108.897591,106.646228,106.731400,106.101564,103.468642,104.310407,102.183996,102.100222,101.847558,102.082118,105.307244,103.794542,105.674026,106.109798,105.876090,107.226646,107.327808,327.167388,327.534700,328.233812,325.365964,325.177142,321.634320,322.355057,317.723741,325.136123,327.473646,327.367675,326.404267,326.787695,323.074890,323.689707,324.852754,323.888554,322.068993,324.425426,321.564192,320.658274,316.494266,318.411074,316.436634,310.432341,311.474931,312.566446,314.440259,317.700531,319.928007,317.709486,317.269460,317.893033,314.471832,314.128335,313.159945,314.452384,311.126152,314.010077,314.777656,312.578512,317.762630,321.655557,318.874350,319.459783,317.433047,316.649805,314.256501,307.848017,312.936183,312.859514,312.728344,317.066472,316.097491,313.741089,316.667184,314.052133,320.186749,322.036075,321.970131,324.350693,329.431626,328.003003,331.104541,325.875956,324.084534,321.812763,323.863708,329.186800,332.390537,333.056157,334.694719,334.942367,332.334166,333.049667,324.958061,327.441050,324.634257,324.254409,320.275284,317.043571,319.128201,316.146415,315.946053,318.761452,320.434459,320.290662,316.485206,317.360293,325.340508,326.048931,325.538976,330.171505,334.177870,330.824499,329.645421
2025-05-01 15:30:00,105.626977,105.199165,106.078295,106.993612,107.662335,106.810757,107.372843,107.607541,110.527066,111.438683,108.125582,108.757363,104.958078,105.084297,103.311887,102.155091,101.417893,101.907499,100.528509,102.852615,101.932755,102.111367,102.518350,102.309242,103.766894,103.455290,103.558447,104.104782,103.144062,103.682280,102.652749,102.756774,103.858539,103.361672,103.704592,104.357873,104.111470,104.137943,103.785499,107.136237,108.738779,108.619335,107.476622,108.181023,108.797968,109.303393,108.146636,108.690392,109.172806,110.162056,108.511811,107.369391,107.616768,106.534021,110.962013,112.008685,110.702519,111.173678,111.577871,110.208378,108.415739,107.207813,108.319540,105.709965,104.181553,105.817608,106.640143,105.855120,108.849202,111.427933,109.524586,109.417687,111.504379,110.828259,108.937743,106.733606,104.999277,105.486990,110.155087,107.211539,107.872588,106.739345,104.858207,105.405994,102.713792,103.726964,102.932321,102.887646,106.672767,103.810463,107.215334,107.126520,106.781757,108.140438,108.148269,106.382922,333.628913,331.464860,330.617495,328.182974,328.280116,327.881046,328.194073,323.561021,330.704588,330.281783,328.224239,329.339675,323.917380,324.037075,324.859510,323.509437,325.525248,323.228755,320.583918,321.711229,319.026662,317.483256,316.964163,316.002044,308.244436,308.341373,312.311610,313.423753,313.363959,318.143158,316.984957,314.202386,314.889851,312.826962,313.699569,312.027648,310.738605,311.135981,313.853316,312.459768,316.789441,317.936098,318.514873,317.020058,317.387293,314.399088,312.995105,309.107559,310.816811,315.040894,312.887794,316.633256,317.827576,317.602247,312.438147,312.546780,312.485774,319.465258,323.694104,329.284001,327.076677,331.068549,330.777988,329.257938,328.173954,326.925377,321.834917,331.789902,334.007080,335.490439,337.085365,332.058691,335.097970,331.230887,327.549288,326.582357,325.721295,323.048714,321.567789,321.560509,319.574830,314.893439,313.797714,315.972520,320.058170,321.181611,321.221011,318.515319,322.125742,326.452690,324.879544,328.192872,331.348848,334.054657,325.888330,322.599066
2025-05-01 15:45:00,103.302831,102.963438,104.988291,105.694566,105.025380,105.725780,106.156958,105.456288,109.966944,106.618939,107.088452,103.481454,103.484951,101.899609,100.537044,100.064098,100.717759,98.903660,101.452200,100.273412,100.394643,100.844749,100.594775,100.764733,101.113841,102.114942,102.119246,102.190000,102.034219,101.885935,101.323813,102.403242,103.142406,101.906727,102.350845,103.028793,102.779516,102.304807,105.059403,107.614280,106.705671,106.096243,106.537665,107.457067,107.565009,106.512063,107.425140,107.700124,108.393687,107.419013,106.035053,106.696664,105.859790,110.153743,110.750266,109.949389,110.266784,111.072844,109.778912,108.031378,106.992274,108.192547,105.267405,103.530851,104.621359,106.039272,104.738430,108.115076,110.181089,108.424437,108.395010,110.319396,110.149232,107.923279,105.793535,104.608410,104.704268,108.902895,106.581303,107.344693,106.193097,103.851182,104.633881,101.345171,102.203369,102.377134,101.897962,105.423450,103.062648,105.159221,105.858625,105.875557,106.224705,107.080930,105.311666,104.514067,329.221999,328.362702,328.299240,326.827538,326.093288,325.245822,325.476448,319.983890,327.628307,327.033623,327.111240,323.761743,322.951848,323.986485,324.741861,325.787185,324.663825,319.847811,321.940545,321.227021,319.478674,317.020360,318.969769,317.624373,307.803413,310.206887,314.600693,316.915657,316.864390,319.969629,315.678854,314.569173,315.210012,312.850719,314.184410,310.626172,311.190772,311.750853,313.194135,315.671768,318.333964,314.956870,316.924326,317.097408,316.687929,313.237377,310.354338,310.449572,308.604558,312.511283,312.368261,317.365280,318.537112,317.093281,310.624279,314.353757,315.804351,319.361513,329.048731,327.544801,326.524363,329.302679,326.288905,329.025893,325.427929,322.912766,327.692834,332.102671,333.502715,334.477432,332.609294,332.593947,328.304722,325.295921,326.265896,324.027988,322.016560,320.732928,319.076488,319.657839,313.435509,309.977540,312.972679,315.637657,318.026038,320.270916,317.999869,320.690061,321.174240,323.437644,329.311295,329.116991,333.197172,330.268103,320.105208,320.404176
2025-05-01 16:00:00,97.928878,98.354814,101.911333,101.512540,102.147610,102.387812,102.449928,103.229122,104.528562,104.951117,101.265661,101.496150,100.012884,98.913691,98.298191,99.023332,97.573846,99.982870,98.754043,98.828636,99.126023,98.864091,99.154152,99.057349,98.320131,98.707286,99.039097,99.449857,98.984589,98.851298,99.611496,100.095504,100.152496,100.084309,99.619196,100.401199,99.676734,101.928309,104.331161,104.505602,103.236678,103.979706,104.594972,104.723356,103.830613,104.379918,105.175131,105.158955,105.244954,104.927170,105.212736,104.321919,108.102906,108.414078,107.997317,109.301019,108.975278,108.606355,107.358475,105.606221,105.774462,103.373372,101.910649,102.846022,103.534368,102.959076,106.296262,108.333316,107.474707,107.074368,109.280221,108.833015,106.892402,104.501371,102.209372,103.011825,107.146974,105.094425,105.375704,104.650729,102.251774,103.199401,100.362309,100.673604,100.718718,100.571432,102.893712,101.112631,103.152860,103.436736,103.665630,104.732264,105.169847,103.777127,103.293409,101.459214,319.596896,318.483072,317.918738,320.374553,323.546368,321.594856,323.271715,322.032975,323.547018,324.125746,320.484857,319.861313,316.755901,317.313243,315.028087,317.160669,309.982951,309.023803,309.513307,310.385175,308.693206,306.548251,309.926706,307.299769,302.829322,306.373055,308.337703,308.773661,306.830914,307.291176,306.255611,304.932680,305.847911,305.574558,304.502643,303.711170,302.419400,301.279631,308.714868,307.347259,303.374943,304.420886,306.845433,304.719012,304.572503,300.603163,301.873852,305.039611,300.698079,306.846373,308.730601,312.668912,312.086456,310.301932,310.304177,312.385714,312.562546,321.511407,323.908303,325.159081,322.096509,321.694100,321.363981,321.772013,322.414736,325.077162,330.393486,331.842556,334.943861,330.025028,332.370635,329.953105,322.998767,325.418754,324.772412,319.361182,316.776830,316.035832,320.202075,311.764487,307.498003,309.776986,308.338907,308.535786,314.152455,313.684062,314.519731,314.434561,315.572588,322.821106,326.505570,326.815069,326.000151,320.348700,318.445322,311.309697
2025-05-01 16:15:00,95.969170,96.052656,99.028673,99.454025,100.030940,100.042484,100.494504,99.487423,102.860383,99.242693,99.345969,97.929945,96.663370,96.290797,96.790147,95.372624,97.946126,96.587324,96.696827,97.047923,96.627546,96.964678,96.774665,97.259418,96.668240,96.718206,97.125528,97.140418,97.021179,97.899639,97.835759,97.689292,98.180468,97.909356,98.139216,98.091050,99.940035,102.030057,101.942789,101.565708,101.821107,102.770482,103.047997,101.862806,102.493614,102.988474,103.288310,102.023436,102.022801,103.268056,102.075625,105.811120,106.319917,105.729643,106.906475,107.726933,105.984877,104.959914,103.368722,104.413416,101.178698,100.380114,101.048321,101.777190,101.178534,104.556896,106.687422,105.197113,105.574809,107.525818,107.042096,105.176827,102.838630,100.802225,101.145262,105.706387,103.441310,103.875807,102.557504,100.734460,101.342767,98.252721,98.972091,98.170602,98.802069,102.048047,99.298264,101.542971,101.982785,101.894443,103.072178,103.471861,102.060902,101.394241,99.425025,99.190301,313.412510,311.713474,313.684824,316.854215,318.517674,318.087563,320.379140,319.197931,325.054446,318.927252,317.907331,316.130461,313.396643,315.462372,313.276591,312.132091,309.278564,308.118847,309.684786,310.362663,308.253705,307.127188,307.398881,307.632406,308.105925,309.153011,311.286171,309.286319,308.438269,308.410860,308.961094,307.704022,307.259591,304.270744,304.282595,304.950036,304.371968,307.783884,310.993455,304.713662,305.415827,305.881382,305.823328,305.627590,302.347656,302.960941,303.132967,301.474061,304.746536,309.748126,310.914776,309.914281,308.844169,311.697934,308.479021,310.413298,317.768923,319.249190,322.671295,323.278928,317.608049,321.871237,322.265849,322.191407,327.502481,330.562121,332.591068,333.777945,334.142489,331.904915,325.839082,323.454256,324.506804,324.022901,321.227245,318.965971,317.440433,320.256300,317.288760,313.264809,311.208530,308.948080,307.087965,309.762457,311.921242,316.493169,314.971384,312.055287,321.540482,325.818528,327.098656,326.806364,322.487229,324.587243,312.661874,308.776449
2025-05-01 16:30:00,95.882564,96.130454,100.077507,100.455568,100.640884,101.296161,100.255211,100.484767,99.542938,99.762614,98.215723,97.072123,96.294588,97.088075,95.712696,98.160849,97.054523,97.089505,97.246955,96.801037,97.020050,96.807612,97.268272,97.371596,96.989884,97.203937,96.968475,97.285182,98.173516,98.734805,98.054094,98.511712,98.587705,98.863993,98.430382,101.204927,102.818476,102.029676,101.297193,102.956826,102.980116,103.566959,102.238236,102.860721,103.238369,103.587404,102.144155,101.170788,103.276505,102.831753,106.258503,106.681897,106.502743,107.308398,108.099476,107.152465,105.279575,103.766783,104.662238,102.179715,100.570491,101.886407,102.815534,101.555703,105.161259,107.902665,106.437069,106.302010,108.626051,107.756136,106.146747,103.826644,101.766168,102.131771,105.935303,103.982347,104.687415,103.583766,100.954344,101.948249,98.740284,99.668493,98.936957,98.930707,102.173883,100.186124,102.233599,102.653915,102.453886,103.256315,104.514259,103.387605,101.940298,100.384031,99.536381,100.064317,308.357509,309.763922,314.652533,317.179587,317.726885,317.988378,318.328476,319.098460,317.602170,317.648879,316.295672,313.962174,311.178224,312.989397,308.275105,310.000177,304.559336,306.872643,305.363149,305.106450,306.445097,305.842935,305.854281,308.665950,309.686191,311.594351,309.849898,305.336232,308.752064,309.245580,310.447102,311.347903,308.221004,307.521721,306.958096,306.823434,309.455558,310.052741,307.726659,306.432805,307.537845,309.637235,306.040548,303.221387,303.597026,304.988640,300.691530,304.419862,311.405180,309.826015,308.874764,308.912376,311.682984,310.634170,308.584499,315.397570,317.290883,319.304126,320.902187,317.696983,319.256778,321.730990,320.811912,326.206723,330.959923,330.325585,333.027514,331.971095,331.782694,328.459974,320.589056,327.011272,326.109984,321.597425,319.030757,317.859456,319.762655,314.742370,312.992261,313.335248,311.738922,308.859993,308.787695,311.407219,317.867566,315.779150,315.004140,317.902004,323.019143,325.511606,325.144504,321.632266,324.585429,319.230411,310.569848,312.808879
2025-05-01 16:45:00,95.338288,95.451488,99.101362,99.028462,99.906710,98.821251,99.014328,98.707906,98.355898,96.851767,95.571814,95.204067,95.753428,94.505198,97.059365,95.848821,95.969958,96.060199,95.673592,95.822922,95.680040,96.225016,96.199552,96.118892,96.074604,95.731382,96.200793,97.308209,97.321006,96.677209,96.973668,97.437935,97.358928,97.292734,99.654107,102.296543,101.572622,100.036654,100.907587,102.334479,102.097207,101.327166,101.876008,102.407295,102.834267,101.142091,99.982056,100.785661,101.446180,105.485193,105.818673,105.482324,106.099443,106.713175,105.687201,104.669855,102.699603,104.002669,100.817283,99.669691,100.437968,101.844483,100.919347,104.225982,106.748050,105.872578,105.893534,107.080292,107.374992,104.983844,102.680243,100.984382,101.249902,105.366081,102.871037,103.534911,102.974673,100.737806,101.089198,98.333240,98.923152,98.515265,98.033016,101.001383,99.156193,101.401481,101.203747,101.537815,102.543485,102.592924,102.381748,101.216686,99.357714,98.762685,98.473600,98.815899,307.787301,308.440280,310.495602,310.879911,312.107862,309.458641,311.587339,309.220084,310.931707,311.525308,310.041134,307.860681,307.964957,304.316427,300.901762,301.061303,294.532385,297.711727,298.269481,297.204779,297.911699,297.830243,299.099339,300.266303,304.144406,307.079665,306.593653,303.749346,304.549521,303.788252,304.279321,302.756737,302.058905,303.060545,304.664690,308.694957,307.097471,306.265941,309.621301,307.172076,302.082391,303.961040,301.937949,300.277595,300.111925,300.064738,302.208147,302.940835,307.499237,308.108741,305.248612,307.725203,310.166185,311.576255,314.142082,314.429754,315.049971,318.461871,315.421468,318.514976,319.378849,318.836371,324.865137,327.957000,331.344556,329.538526,330.448812,329.858068,326.661205,323.061542,321.806390,326.383380,324.148397,322.013583,320.261842,320.246008,315.206878,314.407341,315.749204,315.640205,314.335783,310.857051,312.700707,317.902978,317.380812,315.138968,318.552542,320.463549,323.751675,324.414616,320.782390,322.516811,320.796063,315.092422,311.736400,316.042437
2025-05-01 17:00:00,94.135003,94.168053,98.085551,99.054022,98.096574,98.237557,97.712180,97.586847,95.823802,94.565603,94.152363,94.906271,93.417056,96.167353,94.865467,95.001425,95.316878,94.660737,94.918791,94.825850,95.241188,95.361020,95.152605,95.449972,95.414167,94.937893,96.523762,97.038763,96.388459,96.684872,96.512552,96.939907,96.255006,98.271964,100.487254,101.013378,99.815404,99.706480,101.005250,101.745141,100.054347,101.177831,101.559383,101.987397,100.676446,99.203189,99.947536,98.639569,104.005928,105.264935,104.602557,105.568768,106.103755,104.732477,103.709139,102.409981,103.045145,100.469107,98.950170,99.808185,100.543690,100.169154,103.374347,105.927291,104.733279,105.162378,106.739877,106.091559,104.572486,101.923862,100.126850,100.806443,105.086557,102.132381,102.353250,102.260086,100.231144,101.153953,97.940795,98.925740,97.918918,98.439390,101.173931,98.621502,101.233311,101.203638,100.840861,102.445182,102.824647,101.455277,101.312026,99.502196,98.750599,98.696313,98.288019,98.718748,303.612115,304.759922,307.377778,307.578282,307.570784,308.211932,307.972824,307.179424,310.811850,310.995997,311.270739,309.578571,304.593287,303.616894,301.045736,301.997922,297.793280,300.208173,300.054785,299.423079,298.485924,300.558279,300.811237,301.454658,303.089087,303.730906,305.455181,304.791542,307.664371,309.219104,306.552824,306.867753,306.452369,304.815460,310.893372,311.136211,306.520817,307.441735,307.340959,305.599568,301.525876,301.610329,303.059952,301.463414,298.828164,302.838511,301.411529,301.267824,303.082478,304.824588,305.163757,304.944725,310.922786,315.634052,313.387052,314.855177,316.449716,315.167926,315.554486,314.707489,315.367036,321.552807,326.809598,329.239485,330.388153,326.803218,326.396066,322.722895,319.198707,322.154442,320.907881,321.380071,320.268661,320.851890,320.781216,314.675309,311.771120,313.295974,314.141507,314.256411,313.313211,312.559810,316.473371,316.446823,316.891793,319.205224,322.445046,322.151756,320.541353,319.366254,321.434409,314.458968,315.114099,313.048514,316.622002,320.184073
2025-05-01 17:15:00,95.297198,95.440625,100.388103,99.249327,99.736881,99.027208,98.918483,97.624524,95.776967,95.178366,95.859499,94.710019,96.997211,96.177765,96.174045,96.551033,96.086055,96.017468,95.842830,96.287995,96.349394,96.221916,96.404518,96.167322,96.349635,97.286232,97.783664,97.565154,97.619393,97.727138,97.648894,97.992776,100.198048,101.902567,101.991286,101.549183,101.963664,101.995119,102.495312,102.467302,102.410392,103.216071,103.181393,102.001805,100.658303,100.946402,99.761006,103.711303,105.971652,105.693682,106.227960,107.306370,105.869161,104.692671,103.448759,104.091578,101.379859,100.267991,101.138618,102.176103,100.761736,104.420071,106.741675,105.542232,105.863971,108.003422,107.050731,105.072593,103.355305,100.978471,101.823361,105.951291,103.634178,103.654858,102.617396,100.907715,101.788253,99.229379,99.729864,99.640616,98.823147,102.548448,99.967549,101.761041,102.276951,102.442841,102.888983,104.236372,102.227538,101.551787,100.544323,99.754173,99.830668,99.204211,99.093229,100.846873,307.963953,310.063165,314.097274,311.681127,312.762064,310.685101,311.587394,310.622716,314.087642,315.567273,313.717507,308.769287,307.591311,307.064852,304.482247,304.151422,300.810191,302.704565,303.445859,303.784386,305.314345,308.262130,307.334426,308.960733,308.956254,308.321431,311.055359,312.825133,314.670232,313.385984,313.429185,312.427958,311.249233,313.749267,315.854452,310.848280,309.330961,308.225292,306.460052,305.191004,301.459863,303.752029,305.841613,301.905807,304.079230,304.864788,305.944584,304.351413,301.804129,304.034995,306.401620,306.618934,315.613382,316.372618,313.193891,315.869218,312.892000,315.755134,317.581137,317.360545,323.154369,326.246697,330.076404,330.468367,329.237592,327.299996,322.958884,319.727760,322.086891,320.706018,319.848616,320.335473,320.458073,322.827529,319.606522,313.917045,312.840965,315.105768,313.449742,314.095582,312.648376,315.244733,317.998441,315.930127,317.587297,320.984999,323.138828,320.952041,316.701849,321.602852,316.303315,313.851858,318.198673,320.275201,321.451079,326.874165
2025-05-01 17:30:00,111.600183,111.598350,108.594581,109.056636,108.618948,108.302731,107.032228,106.366381,102.955918,103.332516,102.038976,104.608477,103.402114,103.634806,103.475299,102.569828,102.035821,101.109404,101.554299,101.314978,101.197736,101.303467,101.028723,100.781796,103.555901,103.817556,103.867192,104.227751,104.456957,104.679303,104.458442,106.550254,107.979225,107.044731,106.655679,107.916586,108.344046,108.798238,107.705165,108.674255,108.869478,109.238702,108.250280,106.876662,107.683040,106.213684,110.272446,111.873189,110.246427,110.861296,111.765671,110.498090,108.191913,107.817717,108.477843,105.929007,104.584408,105.773250,107.164997,106.060840,109.074349,111.855171,109.948454,109.729901,111.876467,111.379379,109.199569,106.980825,105.973715,105.702365,110.234187,107.844330,108.330692,106.788737,105.056163,105.370389,102.769494,104.067327,103.115567,103.687445,106.406881,103.992227,106.371334,106.281356,106.919577,108.156383,107.948026,105.999223,106.036919,103.861969,103.751060,104.112877,103.173944,104.063043,104.489396,109.547641,344.452532,344.703137,343.828652,341.071129,336.471486,333.724222,336.508993,334.497530,328.815066,328.023812,323.942421,322.165859,318.088438,320.199641,315.227436,314.138840,311.492431,313.229480,316.529679,316.033751,315.917301,318.116720,317.104353,317.088670,309.912562,311.918147,311.983586,313.002238,310.577453,313.020178,312.984151,311.156813,315.926348,316.114588,316.289598,314.238686,311.355019,311.437112,310.285066,306.346389,306.838880,306.708002,307.416753,308.752972,310.589900,309.510586,310.658718,310.722727,308.058072,313.233546,314.274940,318.037812,321.018182,324.076478,320.213870,316.863147,319.842770,319.937774,319.650981,328.589559,333.601175,335.533266,339.550922,337.043436,336.053814,330.802566,325.522092,323.709366,326.075538,327.344158,326.625761,329.140215,329.656136,326.577081,324.192158,320.833072,319.704323,319.065123,318.389466,315.683220,317.504916,312.656254,315.245839,320.384823,325.533608,325.496361,323.512515,320.231479,325.023307,322.616953,318.595424,323.210811,323.037237,332.227371,332.220726,333.230077
2025-05-01 17:45:00,113.742956,113.606602,111.318571,110.924705,110.746373,109.473132,108.786765,108.469452,105.433597,103.896354,106.289856,105.527091,105.474695,105.844924,105.018062,104.758290,104.542844,104.701001,105.043356,104.412720,104.691889,104.247840,104.198264,105.119793,106.989398,107.020425,107.205141,107.721077,107.769662,107.545261,109.403829,111.881128,110.343518,108.922622,110.294202,111.573511,111.600252,110.242419,111.085602,112.039532,111.988758,110.850393,110.176191,110.318789,109.204132,113.929265,113.878871,113.826233,112.157940,113.501245,111.708178,110.499991,108.744230,110.352151,107.085720,105.626496,107.230090,107.943284,107.400145,110.438665,112.925421,110.789475,110.811022,112.811547,112.451345,110.414313,108.596607,106.626625,107.472410,111.103840,109.320133,109.450774,108.950260,106.637613,107.383150,103.949498,105.360996,105.259038,104.823076,108.618850,105.457303,108.043932,108.535913,108.075859,109.740804,110.150099,107.955080,106.839626,105.568762,104.814747,105.134694,105.410100,105.028964,106.290252,111.051910,114.762723,339.572813,339.458232,339.441997,335.758582,333.582836,332.352968,332.280497,329.593871,324.302845,322.287511,319.725352,317.880215,318.041181,316.883000,318.734844,318.115603,316.428174,319.108176,320.184531,321.156550,319.936981,319.504806,319.881715,318.760851,312.060087,314.216242,315.123324,313.329455,316.573251,320.888847,319.302267,323.062175,322.773599,317.636371,320.508993,317.768256,315.091514,311.829535,309.360351,309.428678,311.211069,308.051106,313.744937,315.235892,314.477224,314.143859,311.790247,315.072621,308.144567,313.389212,319.349654,317.746521,322.923699,323.542958,316.144349,318.341219,322.872301,321.917973,326.017765,333.071444,336.147922,337.061140,336.068971,336.053409,330.383061,322.713664,323.261921,323.710772,323.377791,323.484982,326.407838,329.290297,325.402871,324.541245,323.366711,321.259601,318.681187,313.884465,313.909179,319.109821,317.562104,314.068719,318.612307,322.844253,326.623516,321.712319,320.196619,323.084057,318.595105,320.816756,320.114277,325.657982,326.491352,331.954362,329.897962,335.162702
2025-05-01 18:00:00,114.795776,114.957546,112.263185,112.140834,110.890876,110.099968,109.772706,109.773978,105.396665,107.545402,106.616902,106.948306,106.962955,106.384206,106.189484,105.334450,105.564519,105.664315,105.515135,105.362767,104.971766,104.852382,105.957652,105.958561,107.275829,107.524088,107.992635,108.442824,108.177273,110.703835,112.183032,111.855800,110.410432,110.509209,112.243139,112.820653,111.229790,112.145779,112.781440,113.286955,111.811570,110.575695,111.250445,109.568536,114.269140,115.457979,113.623616,115.112512,113.123390,111.861930,109.799388,109.463417,110.142202,107.456058,105.929853,107.845744,108.382734,107.540544,111.368797,113.443733,111.682597,111.344940,113.326706,112.708781,110.803318,108.902260,107.406970,107.660244,111.642539,109.000697,110.090601,109.056020,107.056050,107.686962,104.727702,105.290125,104.987508,105.155999,108.521157,106.156779,107.863060,108.408069,108.983673,109.496024,110.482282,108.587203,107.861406,105.499071,105.769555,106.111030,105.550390,106.314994,106.644235,111.365584,115.098429,115.548595,341.623610,340.574926,338.861549,336.135505,333.434585,332.005452,334.360862,330.170775,319.422198,322.580684,318.214746,317.204465,318.367049,318.772080,319.913652,320.367437,319.261961,323.133279,322.380622,323.910241,321.421126,321.211344,320.720214,321.043198,313.536528,315.390965,312.935652,314.363622,317.459853,321.144424,323.923451,324.671865,319.767409,317.479530,320.357475,316.249857,313.409840,308.497309,309.843236,309.118047,307.773807,310.398843,313.395300,314.159911,312.725003,312.572937,313.056447,315.028705,306.139542,317.531202,316.044284,315.098957,321.379006,319.736824,319.034431,317.190371,321.396847,327.390509,331.454705,335.331493,339.235112,335.252368,335.387918,331.017200,323.923297,321.002160,322.421909,322.346201,323.408542,322.891160,329.102583,324.335458,321.806625,323.383948,322.251095,320.712365,317.543329,316.509915,317.706972,316.870980,316.883149,317.689591,320.003900,321.139784,321.357636,312.817242,319.292918,318.373659,313.087926,319.780342,318.965940,325.827503,325.476031,327.211692,331.928593,329.457327
2025-05-01 18:15:00,109.979698,109.530660,109.255280,107.458932,106.341313,106.188636,106.363111,105.835828,105.038252,103.703791,103.784582,103.995781,103.030910,102.766879,101.827415,102.279520,102.232242,101.864316,102.110126,101.529853,101.346763,102.476220,102.567133,101.975181,102.482670,102.597512,103.265432,103.296895,105.252729,107.392803,106.940723,106.571663,106.757956,108.647410,108.906895,107.760902,107.700356,108.621517,109.545300,108.143997,106.112794,107.048170,106.389116,109.690346,110.687927,110.297379,110.562771,112.192957,110.003795,108.402813,106.796449,107.747100,105.035313,103.963299,105.739147,106.691340,105.791490,109.587177,111.721173,109.683312,109.234889,111.349504,111.064532,108.420747,106.650071,104.927138,105.514216,109.474327,107.503749,107.800707,107.399455,104.713511,105.708036,102.534116,103.560024,103.026575,103.014592,106.809624,104.107025,106.818588,106.573376,106.978423,107.520428,108.483657,106.706862,106.086977,103.969601,102.831813,103.571821,103.244461,103.640840,104.670125,108.535485,112.867461,112.806042,108.069932,332.861045,331.222324,328.443580,328.163830,329.092271,328.089183,329.485405,325.839605,316.958497,316.492194,315.132191,314.407456,314.716300,315.140654,313.569256,315.339592,314.606194,317.827778,318.849426,317.403835,314.511439,315.136867,314.369876,314.591327,310.131671,310.070055,311.060149,311.783774,313.174591,320.552909,320.069009,317.809352,315.802019,313.745338,314.706099,311.667613,306.929473,306.249693,307.640095,301.493671,304.890093,306.718789,308.930973,310.945901,307.541997,308.060588,310.052616,311.943777,307.948298,314.704199,316.929286,316.837757,319.124505,320.913706,319.947267,316.990047,324.748292,330.579601,333.399288,336.385094,335.802404,331.832415,329.870164,324.040668,322.290695,319.988773,319.159141,318.393374,320.822642,321.372677,324.424754,320.416884,321.396846,321.055634,320.019025,317.719004,313.492434,319.802807,317.514467,315.693717,320.789611,319.646475,322.110192,317.005373,312.248686,313.539380,310.043327,310.623619,311.961815,318.895639,319.409829,321.986711,322.424475,326.807457,326.483521,322.809236
2025-05-01 18:30:00,111.488541,111.263644,107.157253,106.517219,106.282015,106.323944,105.998106,106.364422,103.861210,103.701766,103.785168,103.101204,102.634154,102.178919,102.377255,102.347752,101.918852,101.994549,101.813699,101.219950,102.222229,102.290742,101.924610,101.860770,103.315003,103.669494,103.659850,106.536521,108.566140,107.548580,107.020742,107.771768,108.598035,108.909713,108.330839,108.700156,109.064014,109.269603,107.928543,106.845568,107.024749,105.505868,110.855314,110.982535,110.422113,111.466999,111.646500,110.755924,107.186621,106.272929,107.032537,103.978312,103.003186,104.725341,105.408347,104.932738,108.094193,110.257849,108.362401,108.159157,110.113663,109.602828,107.638915,105.552320,103.600658,103.975250,108.590028,105.817262,106.515890,105.642812,103.635068,104.313106,101.309865,102.311567,101.656131,101.414744,105.264031,102.787936,105.167601,106.024948,105.311606,106.518306,106.799340,105.284954,104.392296,102.692085,101.772445,101.655788,102.156282,102.141398,103.318345,107.831646,111.714322,112.229746,106.681768,107.790158,333.020577,332.362755,331.445965,328.912524,326.932444,324.386183,323.973190,319.772398,312.407945,315.271487,311.526350,311.988703,313.796304,312.068870,315.369135,316.748884,317.066976,316.281873,316.633065,315.578505,312.938920,315.148938,314.779031,315.324107,309.619101,311.798212,312.480033,312.673613,317.846011,321.710435,319.346878,317.943352,315.968047,312.164915,311.988026,306.812537,307.769654,305.448959,304.546968,304.352246,306.601335,307.339591,310.166639,310.495350,309.072538,310.219015,312.729220,317.980894,307.645915,317.032887,318.744428,316.557841,320.580450,321.798766,319.117576,323.376613,327.639780,333.435063,334.784836,334.560322,334.283503,329.132047,323.557462,325.377525,321.188002,316.367242,318.810065,317.602605,321.859272,318.000480,319.599406,321.584434,321.242264,318.578249,317.096500,312.400583,317.050073,315.883851,314.417218,317.252929,321.549604,319.718121,318.925427,312.247269,311.945556,307.814204,306.710579,307.396440,309.158316,317.951474,320.474940,321.832186,324.409780,325.730920,320.544329,320.070017
2025-05-01 18:45:00,111.260067,110.402112,106.023917,106.034135,106.045318,105.686000,106.092515,105.715724,103.831493,103.702620,102.645560,102.507969,101.682655,101.945861,101.847924,101.340721,101.486124,101.224139,100.943656,101.635059,102.105740,101.686679,101.873691,101.907572,102.553364,102.025756,104.271227,106.957884,106.346283,105.401312,106.110443,107.120258,107.898306,107.135200,107.692027,107.921899,107.707357,106.752223,105.499859,105.809744,104.370834,109.028433,109.952296,109.009524,110.289157,111.704684,109.157076,108.218572,105.779139,106.946990,104.269721,102.796914,104.330192,105.620990,104.625541,108.274235,110.194175,109.127119,108.645358,110.563609,109.605205,107.720229,105.937924,104.079226,104.454523,108.474496,106.101774,106.425832,105.784843,103.454168,104.201446,101.329183,102.160122,101.668158,101.436075,105.032179,102.446734,105.444879,105.465079,105.410975,106.261925,106.899575,104.938831,104.503326,102.293972,102.072562,101.999029,101.681739,102.290394,103.057411,107.911361,111.652527,111.467196,106.770547,107.373356,107.277877,332.267931,331.263502,328.098156,324.022905,318.406491,317.148062,316.148233,311.774777,310.600640,312.292192,309.963794,311.565012,310.581250,312.636053,314.859479,315.068494,312.983920,312.479071,312.366315,313.060205,311.376111,312.843769,313.126259,311.919763,310.228336,313.042858,311.231124,314.696144,317.036557,313.859001,314.764275,310.573144,308.917339,306.117145,303.885525,302.642293,300.432600,296.517038,299.988101,299.466965,299.639669,299.310255,301.976556,305.012503,303.973588,304.802874,311.910705,314.844070,307.767167,315.264725,314.617522,315.022091,319.817557,319.982616,322.922154,326.647180,330.311860,333.470288,333.063660,334.468828,330.064581,326.164978,325.182006,325.822517,320.762515,319.117261,320.399385,322.772155,317.666298,317.632251,321.191733,321.175959,320.687908,317.733081,315.278271,316.741743,314.030821,317.646503,319.128303,320.384188,322.947563,317.006416,314.902625,317.387083,309.793774,307.023256,308.690422,310.571935,316.478602,321.242632,322.799999,325.201975,322.208373,324.097238,319.575572,315.642991
2025-05-01 19:00:00,114.244964,113.433264,108.514491,108.701133,108.169198,108.596467,108.155657,108.337933,105.269944,104.293660,104.112113,103.340743,103.423405,103.367096,103.078646,103.061070,102.587046,102.177819,103.216596,103.223079,102.767094,102.852266,103.248246,103.682714,104.454287,106.643101,108.554557,108.573109,107.479371,108.170714,109.067576,109.841975,108.093926,109.434831,109.705804,110.411513,108.350413,107.300538,107.647830,106.556606,110.949847,111.599505,111.820750,112.558350,113.790127,112.425761,109.720841,108.517312,108.233994,105.573884,104.475150,105.956533,106.387363,106.383198,109.248090,111.626200,109.600633,109.393132,111.411260,111.173544,109.169255,107.333856,105.411180,106.134816,110.107422,107.722141,108.294873,107.599906,105.204929,105.478314,102.741840,103.722872,103.046415,103.054038,106.572120,103.657351,106.346736,106.801950,106.726756,108.283089,108.306284,106.406017,105.743399,103.671647,103.287859,103.743990,103.297160,103.206680,104.421343,108.970839,112.947879,112.832347,107.984760,109.134948,108.859385,110.464563,346.400249,345.301999,341.757926,339.549779,332.267961,328.428471,329.650194,326.548431,319.485866,320.835519,319.091520,320.153055,321.304368,323.425298,323.906400,324.730520,322.153143,319.422070,322.175407,321.665402,320.532394,321.111138,321.535482,319.919960,316.028958,315.502107,319.653917,320.029277,316.855781,318.869310,318.140383,314.092981,312.952457,307.329855,309.676978,307.757866,303.180553,304.052850,305.739698,305.572302,305.384787,304.556300,310.563846,312.034618,310.249639,314.487803,315.519258,319.000366,313.465203,315.944090,312.951335,318.256867,319.636785,327.741390,327.043411,329.773280,335.266386,333.376991,333.007841,331.398832,327.562318,327.504237,327.662457,325.572674,324.274470,324.881754,326.938346,322.656938,321.275248,320.335485,321.999507,323.889350,320.442666,316.423499,321.750131,322.417624,319.334740,323.273835,326.064543,327.266119,322.490989,311.659477,318.697558,318.189837,310.390260,307.039950,313.969513,316.522950,323.287307,326.359426,327.380640,326.642383,322.304390,324.445230,317.641943,316.388826
2025-05-01 19:15:00,114.851435,114.850399,109.703947,109.386150,109.700558,109.213868,109.455539,108.661478,105.586707,105.451879,104.126304,104.548602,104.542284,104.058921,104.165879,103.715272,103.233042,104.104687,104.539990,103.639643,103.740441,103.955384,104.764065,104.440983,107.536788,109.267244,108.810094,108.324866,109.106406,109.829552,110.473053,108.189669,108.470736,110.658109,110.506377,109.640651,107.777809,108.287117,107.287808,111.813549,112.400143,112.298793,113.623991,114.468156,112.898093,111.254744,108.923279,109.559177,105.832923,104.996771,106.672774,107.155019,106.361376,110.558400,112.349977,110.709998,109.825990,112.147468,111.908416,110.154811,108.025588,106.181819,106.406716,110.535004,108.148055,108.580682,107.766169,105.608929,106.260572,103.075976,104.107495,103.956960,103.736217,107.489318,104.740618,107.241426,107.564123,107.617219,108.613334,109.262156,107.156151,106.680199,104.578640,103.948163,104.763168,104.493219,104.453802,104.944302,109.976123,113.719681,113.753729,109.100397,109.546620,109.513653,111.028009,110.611592,345.353504,344.955450,341.875031,336.721531,331.713423,327.244288,331.259458,328.401686,318.385049,322.745603,320.930837,322.202374,323.203352,325.210370,327.032310,324.453264,322.476691,321.201433,323.197466,322.204823,322.781461,321.147581,322.041717,320.390537,316.856480,321.167998,321.813288,317.978811,317.171422,318.648087,316.678439,313.144874,309.870116,308.829805,310.769639,305.439087,306.562863,306.038268,306.756357,305.774340,305.039448,307.058426,310.736831,313.114614,314.959814,314.378682,315.998506,319.109793,309.836705,313.721373,313.366595,317.028823,324.993306,330.334558,329.781167,331.581168,333.790930,332.994016,330.826650,327.231227,328.268267,328.475407,324.917922,323.691294,325.104806,328.377730,324.132756,320.954516,320.388141,319.831321,322.250425,322.360799,319.948699,319.402745,321.919945,322.331536,324.067783,324.456213,325.965662,324.288601,317.106155,315.724494,314.704871,314.526268,309.023718,310.293441,319.293060,322.895726,324.504179,329.983677,326.607169,321.736280,320.529167,318.475171,312.948373,313.144056
2025-05-01 19:30:00,115.890594,115.015411,107.936330,108.485293,107.886395,108.182891,107.531180,107.073512,105.118038,104.288589,104.232272,104.506575,104.136398,104.086284,103.385511,102.906744,103.703996,103.910308,103.446191,103.094894,103.183343,103.702411,103.742369,105.028600,109.079416,108.627243,107.548395,108.686632,109.668250,109.944107,108.135245,107.754681,108.249048,109.146351,107.934592,106.954883,106.939103,105.827188,110.587396,111.615211,111.202060,112.569294,113.682502,111.930140,110.367913,108.667686,108.494468,105.597076,102.420725,104.305710,104.764512,104.533728,107.524152,110.507490,108.632528,108.360074,109.499811,109.425871,108.021117,105.858579,104.117315,104.851112,108.677828,106.339644,106.610006,106.005270,103.476669,103.956341,101.149169,101.815411,101.225655,101.758179,105.166253,102.696361,104.900633,105.237847,105.416117,106.717042,107.001742,105.552729,104.676342,102.627220,101.956769,102.341399,102.505375,102.523476,102.927312,107.469392,111.863306,111.725181,106.419975,107.728979,107.272249,108.670903,109.115204,109.353434,345.728685,342.597382,335.499020,331.215277,326.117528,326.245220,326.517506,326.226020,320.242656,322.494724,321.948758,323.306329,324.578966,325.901986,327.384541,324.753918,323.015462,322.810215,322.739611,323.111465,321.925176,322.076867,322.240590,321.687216,321.850828,322.624650,318.853768,317.945159,316.212237,316.634227,315.784651,309.641401,309.110659,309.316419,307.567484,307.626857,306.612602,307.249360,305.905448,304.566289,307.851628,307.553887,311.253330,317.223770,314.106089,315.684686,315.647756,314.373198,309.344341,312.972913,312.442931,323.518529,327.160216,333.284893,333.985230,331.199275,333.084887,331.211218,326.387922,326.233391,328.017479,329.541509,324.694837,324.956609,327.019897,322.352454,320.209534,316.756837,320.550182,316.620933,318.265342,318.191166,320.569538,318.446838,319.659379,322.853013,321.986284,322.502725,322.384823,312.970977,318.259561,311.960435,310.690420,314.778079,311.217199,316.095385,322.544616,325.570139,328.039024,326.311506,322.782612,321.579400,317.829308,319.201820,313.605382,309.861993
2025-05-01 19:45:00,115.786164,115.017981,109.399888,108.751595,109.223029,108.609738,108.274109,107.850093,105.194648,105.376311,105.175996,105.097512,105.157396,104.287461,103.868411,104.687798,104.858700,104.296842,104.334404,103.994980,104.555467,104.590775,106.211183,107.478215,109.319110,108.239391,108.730038,110.398855,110.821697,109.382872,109.459493,108.909031,109.508224,108.263006,107.348650,107.901709,105.943004,110.694743,111.776292,111.995395,112.551960,113.769938,112.454108,110.908862,109.239596,109.679605,105.743269,104.833141,104.949590,105.721076,105.014181,108.453313,110.650219,109.476662,109.050184,110.777910,110.261794,108.350863,106.945163,104.963835,105.504398,110.017944,107.228405,107.613886,107.058892,104.412428,104.676948,101.851615,102.200098,101.578534,102.336226,106.235370,103.359546,106.393949,106.281319,106.304563,107.569140,107.973654,106.572884,106.098581,103.724161,102.905970,103.079137,103.125199,103.335278,104.120968,108.594158,112.241845,112.612453,107.382664,108.215984,108.015402,109.555051,109.629025,109.992660,110.334341,345.242455,343.654272,339.076711,333.018093,329.898851,331.329486,333.687600,333.652340,323.190996,325.000253,325.524656,325.770758,326.458574,327.244314,327.527076,324.013580,323.130968,323.717612,322.558226,321.204987,322.520585,322.833298,324.085470,325.759731,322.621430,319.616562,318.291335,317.136462,315.149514,316.272170,313.077805,310.139713,310.399249,305.886858,309.481362,310.423474,307.698145,308.439159,306.939613,306.680605,308.581192,308.600730,316.100925,316.386935,314.907395,315.775169,313.661953,315.900025,308.605478,311.221013,318.869273,322.640518,327.469257,331.454571,329.978903,329.266042,328.593018,324.999904,327.242850,327.506224,325.895777,328.493763,325.227207,325.419150,323.480562,321.162035,320.174244,318.189005,320.327612,315.995229,317.342981,323.579929,320.799454,318.765266,324.793126,323.996530,322.193486,317.625836,314.681748,318.579505,312.829906,308.789952,311.583560,314.921057,315.464417,318.907767,324.539854,330.275412,328.590463,323.845240,323.369206,318.164664,316.774629,319.224725,313.323227,313.189270
2025-05-01 20:00:00,116.137120,116.135998,109.186113,109.402658,108.825857,108.324576,108.002420,107.234241,105.849499,105.857764,105.264870,105.595516,105.051692,104.251974,105.082905,105.348444,104.669376,104.582406,104.641710,104.672395,104.752738,106.164641,107.821448,107.400026,108.380972,108.672291,109.753107,111.070498,109.756910,109.851701,109.556534,109.728271,108.147956,106.821996,107.991125,106.624800,110.412311,111.450742,111.911808,113.154480,113.904904,112.035390,111.636289,109.534756,109.784648,106.965212,104.547854,106.816476,105.267965,104.475302,108.122390,110.445692,108.509563,108.650008,110.391833,109.919614,107.897418,106.195463,105.331020,105.406610,109.689153,107.402660,107.401646,106.638894,104.412271,104.644894,101.222389,102.208187,101.666319,101.560142,105.115056,103.033914,104.811855,105.696676,105.791581,106.539967,107.245922,105.642239,105.486174,103.871723,102.618361,102.807012,102.496217,102.623733,103.669636,108.374245,111.965846,112.047012,107.302351,108.070156,107.825614,109.473404,109.837915,109.638000,110.132469,110.636651,347.721736,346.146364,341.411273,339.063265,335.041609,335.996191,337.127542,339.814396,327.110863,331.126332,330.672669,330.799781,331.388866,331.404913,330.387665,328.745931,327.355586,326.631796,326.080814,325.437560,326.219661,327.401903,331.003672,330.572781,322.256294,320.389021,321.326584,316.182168,315.378194,313.727401,313.720746,312.544978,310.289350,311.832953,313.390248,312.210643,309.798102,309.153272,310.553671,310.238103,311.759332,316.135973,318.996391,318.789909,317.089147,312.611509,316.065385,319.165543,311.890395,317.481649,324.160654,326.822155,329.926423,331.079672,328.679711,326.632808,325.970377,326.468988,326.904385,325.212881,327.255133,327.680183,329.243217,324.750761,320.899451,320.763378,322.893074,319.368103,320.853341,316.181507,323.067001,322.327519,320.521202,320.913940,325.162057,325.460809,324.484458,315.321665,320.368614,315.716858,313.155490,310.189451,316.933938,318.982781,319.316208,322.587914,329.795405,330.654258,324.539255,327.823830,320.172580,320.251459,314.705969,319.085480,315.200640,313.184914
2025-05-01 20:15:00,114.491046,113.823450,109.108583,108.334903,107.643431,107.049004,106.042672,106.199847,105.312072,105.007871,104.818927,104.567860,104.222711,105.267006,105.371977,104.686249,104.598416,104.828547,105.383319,105.045313,106.405123,107.917621,107.547004,106.519944,108.050182,109.297959,109.900960,109.021689,109.242267,109.567573,110.253913,108.217604,106.825085,108.179880,106.601818,111.255098,111.129472,110.978034,112.409043,113.445555,111.414691,110.350484,109.178728,109.301131,106.039953,104.792938,105.782067,106.538557,105.787568,109.291211,111.706585,110.071054,109.221511,111.373890,111.251302,108.783872,106.689569,104.960848,105.932967,110.077221,107.486979,108.245015,107.334186,104.853096,105.405376,102.422688,102.877270,102.194251,102.359651,105.680268,103.464492,106.204455,106.198236,106.799116,107.663966,108.187769,106.620948,106.226481,104.165740,103.874479,103.812673,103.641549,103.460163,104.481297,109.383347,113.228226,113.089125,108.281535,109.087452,108.497488,109.793998,110.448162,110.437289,110.405469,110.482510,109.571055,343.712230,336.463591,331.324362,326.785291,321.353434,321.614578,324.288409,325.419957,322.642196,323.634162,324.938254,324.961196,324.672836,325.400560,325.682198,325.576238,322.028906,322.168431,323.131184,321.597239,324.271777,326.949827,329.792205,325.785911,320.694523,319.009696,317.467064,313.826369,310.964973,314.407452,312.798356,306.519548,312.038342,310.758139,313.224635,311.414816,308.241269,310.798027,311.060146,311.062618,315.622065,313.761866,318.274256,317.602426,312.243667,314.226043,318.513496,317.862443,315.822043,319.546753,324.640504,326.242445,326.663405,330.567921,326.689319,319.958260,325.420173,325.956522,324.851113,324.043873,324.906196,329.078896,321.388074,319.973462,319.532099,319.190051,318.635114,315.851399,317.987618,320.179873,323.495841,322.203076,320.167860,323.931755,327.558074,322.949183,318.094552,318.551326,315.870329,313.133871,313.879534,313.797404,321.302630,323.621994,322.754043,327.050708,329.350275,325.785607,324.832100,324.710673,318.969074,319.898128,315.733082,320.736351,314.972677,305.381271
2025-05-01 20:30:00,113.309462,113.044910,107.382492,106.754032,105.980172,105.158486,105.486985,105.128738,104.251618,104.304407,103.637843,103.416664,104.267238,104.475689,103.724041,103.573961,103.744932,104.266525,104.163473,105.160320,106.579798,106.088371,105.425943,106.369788,109.160035,109.776690,108.182657,109.048285,109.407188,109.840929,108.245994,107.031956,106.871122,106.359174,110.338590,111.438579,110.305286,111.304353,112.796679,111.218623,109.350326,108.023902,109.062370,105.672248,104.458674,106.150042,105.392500,105.701444,108.784476,111.225018,109.572305,109.562377,110.753009,110.717770,108.932409,106.510254,104.733684,105.197004,109.645153,106.954741,107.447514,106.793206,104.292591,104.801690,101.997996,102.810182,101.616192,101.760671,105.402136,102.798929,105.573776,106.047124,105.874548,107.347901,107.842916,106.103869,105.440075,103.627511,102.748538,103.764100,103.020526,102.602789,103.628528,108.427085,112.202660,112.697735,107.583667,108.363140,107.888274,109.123814,109.495242,109.094566,109.163196,109.401412,107.706905,106.902783,338.150249,334.331283,328.817954,324.906472,322.178526,320.883298,322.674646,322.614306,322.178700,324.065527,322.632194,321.439161,321.272020,323.668106,323.400179,324.565279,321.503146,322.450215,322.620690,321.683161,326.629051,327.608383,327.528467,324.667952,318.476343,315.596038,316.745270,311.665039,314.467964,317.399483,311.897043,314.228898,315.727844,312.092072,314.620282,313.064990,307.865287,310.850126,313.787769,315.469568,314.307415,314.578357,318.408153,314.623750,314.193540,315.632766,318.285426,323.349675,319.638306,322.810190,326.519879,323.815351,323.502009,325.430650,321.540610,319.718126,324.375972,322.677923,319.991663,321.166426,323.631571,321.571895,317.995129,318.634169,318.907338,316.922476,317.883089,314.497660,319.534809,317.136227,322.451503,323.097305,322.988621,322.899020,322.437755,316.634824,319.744725,312.195226,312.288226,314.114114,315.399526,319.110929,324.748076,321.948881,327.492407,325.952541,324.603610,323.974881,318.990070,321.204360,318.740438,316.491697,316.075517,314.848196,305.158786,305.570112
2025-05-01 20:45:00,115.512231,114.676119,108.807886,108.290442,107.331480,107.537924,107.533104,107.316211,106.474254,105.930560,105.299436,106.221090,106.397525,105.790348,105.659290,105.696888,106.093677,106.027281,107.409199,108.382288,107.924380,107.094333,108.231758,109.702282,111.835306,110.311387,110.517889,111.298772,111.648927,109.996085,108.670188,108.034531,106.512383,112.148661,112.649355,112.929646,112.909781,114.111840,112.401617,111.212809,109.317967,110.235172,107.543228,106.037056,107.946855,108.335280,106.675684,110.646939,112.897530,110.844080,110.602153,112.314838,111.961322,110.492717,108.013627,106.041642,106.481430,110.638624,108.454515,109.071970,107.992992,106.231399,106.203953,103.330930,104.461108,103.890621,103.279890,107.132657,104.741072,106.634213,107.395860,107.704553,108.639390,109.545606,107.693868,107.235626,105.035293,104.357286,104.667740,104.732920,104.440617,104.869279,109.489170,113.139752,114.011703,109.197016,109.696913,109.266504,110.550022,110.693521,110.416123,110.615299,110.922067,109.507949,108.304735,109.759440,339.399470,336.825148,332.832463,330.494637,327.699088,328.517563,331.872982,330.644948,327.029273,327.499065,324.808949,323.871806,324.401095,325.829904,323.911434,322.909316,320.534274,322.328410,322.816339,324.511448,327.007761,327.310761,326.550934,324.275925,316.603697,314.751645,312.559532,311.778567,314.558846,313.851456,316.953033,317.034547,317.714570,313.306793,312.457465,315.411503,310.381364,311.213135,318.585285,315.401403,315.254036,314.153413,315.746148,315.476455,315.694933,316.306072,323.959805,328.881764,320.938967,325.417657,324.711002,324.035231,320.349057,319.307322,321.678765,319.725430,321.015181,320.861150,319.528701,321.920772,318.431196,318.968378,316.385674,317.736049,317.278901,315.289015,317.200846,319.892882,319.732923,317.202955,321.995892,323.800366,325.681334,319.527951,314.351625,319.162799,313.938506,309.088772,310.977898,314.140100,319.877282,319.981524,324.208993,328.588205,324.857800,323.217053,323.799122,319.203631,319.561406,320.073496,317.711816,318.558959,312.243458,309.096385,302.218439,302.467972
2025-05-01 21:00:00,103.404663,103.074892,102.001161,101.838047,101.970239,101.860103,101.631885,101.619818,101.421577,101.050805,101.684344,102.131499,101.564330,101.616395,101.533696,102.089940,101.781623,103.061284,104.512140,104.103996,103.258941,104.247556,105.337749,105.660867,104.063038,104.530852,105.133531,105.748950,103.891499,102.277057,102.711608,101.913904,106.345295,107.551511,106.984849,108.290742,108.176159,107.571740,105.884770,104.590313,104.946727,102.046023,101.380149,102.500890,102.793706,102.073048,104.971720,107.243148,107.447506,107.337808,109.117843,108.432392,106.836110,104.805522,103.517622,103.446442,107.759439,105.190533,105.611936,105.059659,102.876051,103.230747,99.805350,100.610136,99.892146,100.424378,103.480751,101.069857,103.819163,104.026356,104.015642,105.057076,105.612769,104.174843,103.861648,101.892917,101.082723,101.295419,100.748523,100.665060,101.598143,106.050601,109.694152,109.873078,105.375031,106.273016,105.843980,107.295865,106.719086,106.487176,106.963291,107.108508,105.269141,104.639486,105.774346,102.413735,319.562045,316.949583,314.953537,312.338382,312.307941,312.580416,315.761770,314.963123,316.704166,315.576363,315.003230,314.432269,314.822153,316.663611,313.644257,313.787449,311.425424,313.437569,313.564577,316.014988,316.063100,316.497419,317.191267,313.647308,307.622425,305.696294,303.799513,303.727882,303.163156,308.756058,309.477374,308.932248,307.959133,304.805917,307.571070,308.522782,303.508703,309.309324,310.469147,308.400418,307.443423,303.845803,308.772147,307.654912,308.057030,316.272149,321.714394,323.453620,320.144669,319.703120,323.120832,321.708875,316.953913,321.167057,319.101556,318.900574,319.351273,320.802604,321.327615,317.510763,314.755687,314.071960,312.492173,312.575651,311.260582,308.040533,313.969323,314.825423,316.011803,318.868509,324.563189,325.407615,325.310967,314.421698,319.105523,311.296610,309.903348,308.846304,312.223578,316.776183,321.003700,320.081888,328.338415,325.035379,320.789247,321.897012,319.268133,314.845785,315.042047,314.619794,312.715354,313.803775,303.775002,307.383488,302.272336,302.921707
2025-05-01 21:15:00,102.509804,102.361886,101.159205,101.680897,101.309555,101.273434,101.063900,101.079782,100.733739,101.551859,101.658385,101.192278,101.093057,101.073595,101.466044,101.107567,102.271548,103.735282,103.450212,102.103552,102.903016,104.191346,104.642436,103.298146,104.061506,104.920071,104.979705,103.690681,102.214439,102.513924,101.643518,105.995369,106.858722,106.751865,107.737339,108.547547,106.469547,105.702711,103.951763,104.667445,101.819537,100.613143,102.359854,102.284843,101.688355,104.746074,107.041936,105.750357,106.690401,108.319141,108.344704,106.090663,104.331819,102.496614,103.269010,107.433496,104.908512,105.050622,104.400839,102.391094,103.252772,99.637292,100.204233,99.967543,100.081920,103.533453,101.307759,103.620024,104.408707,103.883071,104.916638,105.787103,103.723144,103.168413,101.630774,100.928424,100.964680,100.394976,100.520299,101.433865,105.959982,109.415086,110.060214,104.750073,105.749662,105.439500,106.142426,106.196301,105.822775,106.168084,106.932362,105.067308,104.333559,105.815045,102.049684,101.463778,319.915108,319.117995,316.177089,313.639995,311.822767,312.039141,313.882455,315.063229,314.202440,315.658183,314.728429,313.495745,314.387457,314.416868,313.395494,313.026611,311.667405,316.226801,315.989540,314.207608,314.845911,316.633376,313.943764,312.272884,306.608484,306.549860,304.298538,301.265951,305.820675,309.026864,310.676534,309.571656,307.214367,307.015011,307.653221,308.889939,309.123788,308.701146,310.850031,308.628595,304.505232,308.406509,308.937011,307.491639,314.790188,317.716636,322.748988,323.415812,316.831716,318.612984,316.621794,315.363973,317.718682,319.430709,315.887397,317.382905,318.485501,320.872630,316.974686,314.638528,311.096948,315.425282,311.249144,311.807850,311.032282,313.447268,315.718816,316.108486,321.444974,324.939535,329.503338,325.694182,321.355319,320.364880,316.499406,312.891235,314.383049,312.819787,317.556059,321.091444,322.724472,326.484604,325.653111,320.295490,319.028054,317.430023,317.782348,313.334578,312.141535,315.031398,309.947906,307.402133,303.972519,307.302504,305.917937,305.488490
2025-05-01 21:30:00,99.924015,99.539096,99.823699,99.715193,99.448804,99.536521,99.441532,99.532987,100.291656,100.683333,99.946543,99.751515,99.989701,100.413119,99.999025,101.343873,102.609109,102.311781,101.239098,101.865360,102.852143,103.475351,102.338550,102.603066,104.038008,104.606614,102.538095,101.696915,102.064440,100.687333,104.436138,105.685729,105.554463,107.415414,107.580560,106.355865,104.536356,103.139083,103.901789,100.834353,99.699598,101.115574,101.834788,100.569857,104.107733,106.149345,105.025562,105.529572,108.032471,108.273695,106.657089,104.372007,102.641433,102.720890,107.100845,105.052694,104.986714,104.301441,102.059390,102.736419,99.646962,100.407472,99.249583,99.543413,103.186084,100.846161,103.612740,103.812330,104.113771,104.674180,104.982986,103.890625,102.986096,101.114234,100.491968,101.014310,100.083241,100.130164,100.970587,105.817101,109.211400,109.411538,104.966210,105.151384,104.887527,106.053925,105.833275,105.714498,105.308440,106.404686,105.123911,103.878248,105.399567,101.768845,101.229399,100.418515,316.205807,314.811680,313.525948,313.338070,309.167262,308.900901,310.925460,312.017391,313.252011,313.239461,312.037615,311.087294,312.156301,313.069945,311.728606,312.821514,313.900636,317.418667,314.115348,313.107553,313.839802,314.057344,313.296186,312.920618,310.615550,308.889869,301.978837,305.030262,306.153013,308.058340,308.702300,306.566065,307.088999,305.966973,307.142016,312.722845,309.702038,308.896783,309.644183,304.192610,305.356380,308.471836,308.766103,313.350404,316.636223,317.582236,322.226175,319.682354,319.311154,319.181477,316.189775,314.929857,317.665489,316.586177,315.331800,317.097883,322.659818,316.925669,316.401516,314.782777,311.399479,314.170952,310.203496,311.286278,314.941056,311.287471,316.752921,319.014065,322.008671,327.763846,326.409465,320.947023,323.464285,316.824117,315.660856,317.249879,318.411289,320.866672,323.522914,324.591376,328.528289,325.783672,323.779582,320.457396,319.645064,318.261615,317.139833,314.207469,314.067398,312.795923,303.650215,305.704821,304.011220,308.257523,304.089861,304.274171
2025-05-01 21:45:00,103.230054,103.194808,102.524548,102.424108,102.400109,102.498736,102.269218,102.684062,102.907117,102.275572,102.129598,102.208417,102.645287,102.124453,103.320015,104.713101,104.280589,102.762495,103.494454,104.603965,104.960098,103.664795,103.838480,105.106155,107.364002,105.499818,104.151919,104.677451,103.179863,107.440735,108.307101,107.748405,109.331374,110.213184,108.947930,107.657460,104.999214,106.045539,102.546119,102.224699,103.254772,103.777346,103.112880,106.290233,108.789335,107.053492,107.171204,108.866989,108.018369,106.296103,104.871980,102.943579,103.720881,107.718345,105.361027,106.160527,105.028732,102.995148,103.320731,100.184270,101.400018,100.353480,100.100853,104.270915,101.764695,103.859215,104.805672,104.392804,105.916683,105.792169,104.100797,103.871160,101.470339,101.216682,101.641082,100.982493,100.984345,101.700163,106.455830,110.575192,110.498290,105.647005,106.471490,106.434954,107.142075,107.331912,106.264327,106.604632,106.783302,105.558024,104.685171,105.605369,101.878135,101.387534,100.769360,101.652595,314.744227,312.810756,313.477843,309.977862,308.562656,308.178685,310.037324,309.239360,312.475422,312.590987,312.025738,309.472337,311.313169,314.129234,314.076552,316.434591,314.821421,316.239067,315.452068,316.248301,314.220262,314.467157,315.222138,314.636379,309.189375,303.090502,305.055556,305.543281,308.166910,309.321786,310.372560,311.262590,310.485879,311.479430,315.589611,314.670625,311.281516,312.206700,306.833016,310.286917,312.227170,313.999293,318.318088,322.039794,323.528452,323.532882,323.545671,322.755003,318.978997,313.212457,319.124796,316.286041,317.230573,318.629003,315.649291,320.871160,316.932910,316.874551,316.671019,315.247637,312.244468,314.589137,311.406965,313.665241,317.034927,314.601752,320.110631,322.546854,324.766710,322.480761,320.354640,322.756863,317.903160,315.065593,315.865347,319.122977,323.734756,325.922076,326.582790,329.950673,329.304751,320.966111,326.413893,318.319428,320.461641,318.502131,317.426100,316.471761,312.226282,308.378039,303.645153,305.862253,303.254161,308.078435,304.703195,303.458099
2025-05-01 22:00:00,104.819105,104.675529,103.628910,103.695195,103.722836,103.663514,104.037636,104.064458,103.794887,103.729977,103.642314,104.213960,103.681752,104.972373,106.090145,105.785083,104.351398,104.920148,106.102142,106.360245,105.075578,105.324683,106.534230,106.942366,106.876212,105.269319,105.892123,104.873059,108.678104,109.244758,109.236952,109.905459,110.686187,109.493227,108.464001,106.772654,106.430900,103.806447,102.317458,104.793135,104.436825,104.469227,107.646625,110.105751,108.679838,107.976207,109.571633,109.355891,107.272761,105.758329,104.453744,104.966456,108.859123,106.159773,106.990338,106.138367,104.046701,104.819569,101.535106,102.138019,101.741142,101.676471,105.427061,103.089112,105.503782,105.875805,106.159790,106.659232,107.942328,105.361697,104.973897,103.277095,102.368311,103.074273,102.594929,102.336727,103.307448,107.986905,111.811761,112.410415,107.152317,107.773590,107.433983,108.521870,108.239837,107.783614,107.345373,107.961922,106.044244,105.382913,106.735415,103.008031,102.262494,102.036309,102.721170,102.376676,318.151001,317.343085,317.014745,316.393663,317.283487,317.147491,316.953549,318.245676,316.994044,318.321998,316.217442,315.943225,317.781654,318.664897,319.929243,320.904817,316.173033,319.630653,318.514329,318.518946,318.028278,316.164167,319.270469,317.700279,309.132554,308.615544,310.730463,311.040297,309.629752,308.930804,312.902605,312.296278,311.560485,316.892497,317.442835,317.408204,313.965074,311.611490,311.331021,315.263251,313.155869,319.171273,323.201381,324.364739,325.925739,323.646522,323.662899,320.241819,315.773772,317.572554,319.185503,315.841739,318.141103,318.671014,319.610685,316.507550,316.035564,316.877980,315.113910,314.534539,310.086854,314.092703,316.221334,315.481129,318.275132,319.178630,322.124451,324.824011,324.086893,318.190721,323.343080,316.209354,315.284019,319.562530,318.485344,324.337281,328.344879,327.526572,333.581948,329.716062,326.364665,323.053346,322.431025,320.679164,322.021574,320.418887,318.881747,314.868852,307.658158,306.018373,301.456858,305.125932,303.188130,307.638157,304.622327,302.459267
2025-05-01 22:15:00,103.282202,103.305409,102.049790,102.083131,102.035018,102.463081,102.523045,102.173461,102.626310,102.806444,103.035689,102.663862,103.940735,105.274350,104.702614,103.468033,104.266120,105.162208,105.744031,104.364268,104.595313,105.787901,106.281804,104.414985,104.581813,104.977356,103.836493,108.261853,108.820671,108.052820,109.246215,109.822618,108.508107,107.404304,105.789868,106.526970,103.002039,102.175120,103.470911,104.238748,102.789436,106.915075,109.254896,107.402054,107.403039,108.240569,108.238244,106.166916,104.852770,103.707718,104.089947,108.174473,106.253087,106.350359,106.035795,103.388198,103.938574,101.090318,101.655778,101.025543,101.143991,104.589309,102.180906,104.788976,105.176908,105.352745,106.540487,106.544817,104.861074,104.162570,101.892502,101.833278,101.949275,102.155829,102.243645,102.418147,107.109755,111.010028,111.300831,106.434227,107.251359,107.262178,108.001688,107.893652,106.986589,106.997621,106.894911,105.559577,104.273309,106.363669,102.675214,101.334636,100.752485,101.854769,101.656141,100.272815,318.819423,319.659181,318.423563,318.334881,319.574125,318.295221,317.552214,318.906490,318.846701,317.805976,317.164430,315.710139,318.862935,321.015588,319.396097,318.764464,315.657179,320.561353,316.603109,316.980992,314.951990,316.417740,318.517667,315.513164,310.459092,307.247601,307.500215,306.189540,307.869934,310.676992,310.479380,312.012262,316.972618,316.332404,316.878554,317.054329,308.993277,313.605780,312.338497,312.024452,317.062851,321.236504,322.836285,325.317787,322.767384,322.856470,318.238845,315.449636,315.482931,315.577657,316.554632,315.238520,316.238952,319.686532,315.486335,314.197981,317.327507,317.567155,317.211978,314.122139,312.123144,320.736481,317.262733,317.259842,324.831950,324.536246,325.204983,324.486569,317.673779,325.326810,318.044003,315.234759,317.930839,322.575066,323.747995,330.645023,332.782183,336.942842,332.206693,325.724566,326.221320,320.136115,320.773873,316.518718,317.028335,316.182534,314.599078,306.253845,306.522541,303.482530,301.434453,303.017181,302.362208,307.985105,303.003448,305.473929
2025-05-01 22:30:00,101.802073,102.084809,101.306198,101.208860,101.604265,101.649694,101.355154,101.188675,102.022536,102.604311,101.949458,103.242978,104.682307,104.341033,102.822009,103.561177,104.666823,105.081547,103.754573,103.989486,105.220011,105.591269,103.762348,103.098391,104.257019,103.182601,107.228537,108.479000,107.628304,108.816626,109.243153,107.732575,106.168719,104.691261,105.504599,102.764186,100.855887,102.765820,103.310369,102.400244,105.183420,108.650305,106.926829,106.531534,108.342191,107.546316,106.181532,103.875098,102.837502,103.615304,108.196729,105.775958,106.296065,105.676892,103.769296,104.126566,101.172365,101.897029,101.227875,100.989258,104.796314,102.103208,104.520390,105.142791,105.292353,106.486022,107.154221,104.862999,104.457739,102.443740,101.794810,102.703783,101.861211,101.740468,103.118439,107.137631,110.468372,111.149011,106.017533,107.067826,106.721851,107.889765,107.666719,107.289038,106.983831,107.405544,105.383064,105.048219,105.705465,102.291592,102.387586,101.522710,102.213813,102.055374,101.695182,100.771568,319.156872,319.712437,318.481728,317.982080,318.383609,318.056722,317.311502,316.066040,317.230637,316.777646,317.496641,316.631269,320.486700,322.299291,318.164935,318.996379,315.901871,318.469186,314.971989,314.175975,313.876020,315.528353,315.230248,316.321386,311.866660,307.968240,306.604976,305.637253,309.969940,310.278989,310.654436,316.370699,316.893559,316.452372,317.049275,313.921832,312.692000,313.615939,312.955756,317.539585,321.575621,324.134829,323.677721,323.157019,323.282999,322.100451,314.996038,318.610628,312.261445,312.465054,315.063146,313.954966,318.766109,315.623479,312.874612,315.548938,316.656018,316.447538,316.071955,313.759130,317.280633,318.644242,316.800754,321.116430,326.245478,325.386014,323.952262,319.400321,321.164668,318.147712,314.273046,317.423976,319.503775,326.073493,329.113381,331.773721,339.973448,336.593931,327.130291,327.875346,323.747111,320.258771,320.980244,315.656440,319.639362,313.465916,308.844904,307.202845,303.878299,302.736368,301.966615,304.377634,304.090449,306.917574,303.256901,307.564873
2025-05-01 22:45:00,104.103935,103.702604,102.604456,102.939995,103.031522,102.754054,102.582875,103.015150,103.795587,103.277390,104.372856,105.732111,105.371492,103.848969,104.358396,105.488631,105.670071,104.261095,104.447301,105.591034,106.106922,104.302008,103.631642,104.450087,104.447303,108.546945,109.409984,108.643830,109.581516,110.194069,108.699896,106.691887,105.130671,105.820256,103.457732,102.332349,103.114046,104.164889,102.940077,106.860952,109.094791,108.188786,108.087139,109.283224,109.018705,106.449683,104.690939,102.457518,103.248225,107.888439,106.270201,106.454834,105.777653,103.545764,104.084458,101.573764,101.700501,101.566983,100.954374,104.315501,101.927975,104.345191,104.518879,105.026424,106.066276,106.481017,104.967484,103.968418,102.552837,101.776225,101.997155,102.163002,101.498545,102.668781,107.264587,110.780786,110.827422,106.446729,106.928604,106.977758,107.673222,107.722042,106.857643,107.250372,107.237002,105.598759,104.198863,105.732891,101.902546,102.090359,101.703200,102.397839,101.698515,101.307122,100.736534,101.419729,322.181117,320.840123,319.684487,319.190673,318.033193,318.730980,317.843075,315.147994,318.058709,318.234595,318.936702,320.138211,321.055470,319.934107,317.183471,319.391097,316.730285,319.834523,315.759245,317.893870,316.747374,315.668873,318.318983,317.141922,312.622491,307.594596,305.894609,308.100428,310.963358,312.964108,316.779743,317.535497,318.640730,318.434916,314.113853,316.828623,315.593406,313.811678,320.863390,322.625945,326.202691,326.635609,323.359316,324.076167,320.768714,317.644081,317.333601,318.873910,310.810325,312.811820,314.226084,317.117775,315.043404,315.413637,315.648778,314.296712,315.815052,317.128488,317.565204,320.525799,319.068080,321.025559,321.978704,324.640390,331.037507,325.628652,319.515527,322.989503,317.067045,315.373400,317.349243,317.881208,325.790959,329.232107,328.883823,335.647359,336.354283,327.235726,327.162758,324.671056,320.847394,321.980774,317.583941,316.964205,316.273693,308.632762,309.409737,306.366786,304.796621,304.386339,305.563032,308.320938,303.523422,310.973789,306.980935,307.593586
2025-05-01 23:00:00,102.927422,102.598816,101.850240,101.969366,101.655449,101.559103,101.964432,102.273479,102.375561,103.696029,104.873763,104.434651,103.218924,103.787485,104.782369,105.233368,103.827631,103.896821,105.135325,105.529388,103.605100,103.029767,103.748260,103.459558,108.050231,108.909785,108.234737,109.412968,109.560596,107.972016,106.698698,104.828328,105.477206,102.977717,101.795906,103.759259,103.531936,103.354268,106.793976,109.103200,107.057998,107.944343,109.378041,108.346452,106.382891,103.722451,102.260325,103.023580,107.478336,105.446129,106.290072,105.254599,103.446027,103.742696,101.127399,101.910532,101.328391,101.149405,104.408216,101.826572,104.441460,104.729006,104.867429,105.808035,106.579862,105.231319,104.508523,102.244889,101.933030,101.962017,101.824955,102.156625,102.524610,107.516431,110.885388,111.288363,105.780046,107.032881,106.480313,107.744948,107.453817,107.247171,106.953973,107.354497,105.635373,104.173464,105.498753,101.789376,100.878732,100.696809,102.065787,101.552554,100.461847,100.088549,101.082274,99.888248,321.998834,321.991424,320.511965,319.170995,319.573455,318.041230,315.989082,313.910842,316.774101,316.909317,320.306027,318.802411,318.044042,319.000835,317.548822,319.194570,316.589355,318.828087,317.320537,317.621958,315.091172,317.315854,318.641759,316.838372,312.266172,306.998910,307.007040,308.531379,310.047722,318.371607,315.612764,316.754750,315.719483,311.134307,314.755044,318.683617,314.337561,319.207585,323.442544,325.313169,327.230294,325.283569,324.768027,320.809940,315.493346,317.006137,314.200722,312.878270,310.421349,309.805909,313.468863,309.550526,313.564951,317.109234,315.215205,313.417576,316.173103,318.134881,321.467249,318.742306,318.642692,324.769533,324.608393,326.021671,326.746699,320.029280,322.456222,318.025461,312.892072,316.985365,320.417492,322.267983,329.350806,330.765718,330.390139,331.862828,329.974254,325.111738,322.982535,322.744149,319.568050,318.152389,317.515445,314.405068,308.706451,308.244289,307.152208,306.544153,304.700668,305.841046,308.192735,305.488527,303.797958,314.006777,307.054945,306.951985
2025-05-01 23:15:00,100.426119,100.781323,100.511730,100.199947,100.063353,100.423439,100.854693,100.190752,102.555263,103.878830,103.434616,102.296225,103.045654,103.770584,104.173659,102.948183,103.252724,104.094392,104.376605,102.750842,102.110736,102.864690,102.552939,105.642641,107.085450,106.760340,107.965714,108.622830,106.822663,104.990814,103.065766,103.979371,100.994878,100.506074,101.529560,102.245843,101.227526,104.773431,107.450774,105.974494,105.901544,108.017141,107.745668,105.140052,102.873224,100.381599,101.665646,106.283131,104.352252,104.834929,104.818571,102.509241,103.367474,100.527577,101.182694,100.818683,100.553436,104.154108,101.633787,104.113305,104.466468,104.476549,105.449636,105.981456,104.425717,104.235251,102.083644,101.169270,101.670875,101.152515,100.944512,102.390283,106.570723,110.374436,110.496939,105.577447,106.054702,105.781323,106.800436,106.844541,106.537706,106.623748,107.041387,105.371473,104.571345,105.300887,101.417594,101.474917,100.148049,101.312387,101.412396,100.481717,100.021404,101.507399,100.669676,99.777177,321.296045,321.450427,319.574509,317.831293,316.535854,313.430433,311.618648,311.676490,313.106151,316.672408,316.691109,314.481789,315.391583,316.183691,314.414967,313.171895,312.853379,312.565780,313.069672,312.007895,311.451204,313.953251,312.897850,311.780553,304.318651,304.730263,303.715713,305.729550,311.051869,314.473485,314.558483,314.568488,311.778380,312.839308,315.139468,315.069829,321.199546,323.192199,324.083517,325.781584,322.815431,323.429912,320.954987,312.732923,314.316582,315.472353,311.333017,311.054005,306.084220,308.464314,306.857393,307.797942,314.633843,317.454388,314.297658,313.451745,316.688596,321.747119,321.162075,318.151882,321.574695,325.107846,322.536827,320.248549,318.147546,319.435358,315.760327,310.463496,313.425930,316.998060,324.395537,326.501285,328.540406,332.664300,329.705027,326.693632,327.628333,318.245240,319.196900,321.853618,316.401992,316.175065,313.924494,306.718257,305.463947,303.715640,305.903038,304.935273,304.139327,305.211771,307.708133,308.272990,308.067095,313.874722,309.811766,308.258503
2025-05-01 23:30:00,101.313547,101.111652,100.525806,100.408955,100.516135,100.845815,100.299278,100.680820,104.212070,104.034456,102.391853,102.996853,104.071514,104.253441,102.859166,103.119583,104.218259,104.345298,102.444886,101.774786,102.650514,102.407728,105.639423,105.959487,106.565513,107.507123,108.313333,106.610295,105.029398,103.111200,103.553248,100.937082,99.565994,101.460794,101.638111,101.491591,104.485675,107.389351,106.106629,106.203279,107.680820,107.676278,105.614923,102.874939,101.002814,101.417329,106.244233,103.667512,104.706703,104.150756,102.648161,103.021350,100.561549,101.179256,100.395926,100.672928,104.183025,101.724446,103.987194,104.484401,104.307856,105.380584,105.781777,104.016434,103.711443,102.273912,101.465498,101.401639,101.058589,100.758712,101.629152,106.649838,109.852311,110.131845,105.128214,105.939672,105.323473,106.550684,106.139275,106.124683,105.829879,106.667207,104.994587,103.749813,105.260722,101.535810,100.443027,100.381743,100.813926,101.522704,100.740356,99.907603,101.196613,100.747433,100.239902,100.710365,322.060312,320.771548,319.323574,317.490433,315.187660,314.150599,313.005591,313.015741,317.341928,318.300259,314.651530,314.771582,315.370481,314.708010,313.871325,311.825637,313.287463,314.593175,312.554429,313.435975,313.364113,315.057996,314.551301,312.762725,308.610193,307.676727,305.829854,311.619455,312.483066,316.426146,314.469445,310.507476,314.146695,314.299947,314.578982,320.630272,324.405627,326.626637,325.902080,325.017655,323.530223,320.303061,316.123804,313.749986,315.391144,314.439498,312.357078,311.842702,306.899183,305.093173,306.404773,309.219688,315.417897,318.449625,310.665534,314.365620,321.356405,320.416123,322.051818,322.290471,324.270788,328.657834,321.920843,315.197038,322.111889,315.618813,314.177503,315.628940,317.604250,324.194980,328.917775,329.362252,332.906164,331.400273,324.910379,327.540857,325.578380,317.779744,319.418125,319.158545,315.681148,311.861003,308.202126,306.486934,305.277099,304.836825,306.382633,306.308442,305.568484,306.096291,308.911635,311.552222,309.845782,317.209754,309.569356,305.193409
2025-05-01 23:45:00,96.052268,95.665961,97.225270,97.170992,97.427326,96.820296,97.287991,97.243080,101.084099,99.869320,100.533959,101.594567,102.024928,100.901259,101.262403,102.262436,102.483173,100.775085,100.113417,100.767305,100.272885,103.624284,103.819412,103.630703,105.848199,106.304780,104.631594,103.536210,101.643584,101.670229,98.811222,98.173794,99.263282,100.257690,99.199337,102.901046,105.218856,104.262530,104.649565,105.621723,105.240057,103.623653,101.603955,98.615916,99.948094,103.966178,101.594052,101.984331,102.855497,101.224980,102.407304,99.244832,100.006442,99.570616,99.519690,102.775863,100.485964,102.746855,102.768441,102.972170,104.247464,104.626430,103.157001,102.260204,100.417122,100.300121,100.506523,100.008893,100.035364,100.919114,105.301865,108.812466,108.559519,104.221954,104.766680,104.358976,105.317918,104.754509,104.885498,104.908108,105.020834,104.350585,103.470636,104.067602,100.386942,99.997228,99.554466,100.290360,99.394648,99.817606,98.840159,100.102778,99.650607,99.042157,99.501760,98.026623,312.481172,308.842779,306.893716,303.073387,297.114816,295.304912,294.886995,294.429565,311.424195,309.059347,309.089570,309.991618,307.262357,309.417410,309.697164,310.616239,309.306105,308.793692,309.123670,311.882546,308.075811,311.371587,310.454209,309.884285,310.427970,309.658858,312.489138,311.703369,313.022119,312.862435,306.805260,306.058119,309.088122,309.499102,316.643372,319.141602,323.773369,324.202298,325.014108,323.059666,318.843114,312.508981,312.497270,309.826073,309.553545,311.974535,311.254456,311.077233,300.451814,305.185946,306.586250,309.764737,312.479966,315.569962,311.504944,319.713144,323.272001,322.306250,325.401961,323.985651,326.725124,324.145890,315.711257,317.927231,312.272734,310.054663,313.493292,316.936349,322.926314,326.497765,328.398468,334.450979,334.046247,328.679344,331.034244,326.799633,325.764853,323.569962,320.642446,321.440170,319.611683,309.130067,309.158790,308.063732,308.172844,306.334611,307.578169,309.785805,306.886928,310.706325,310.177333,312.075713,312.333464,317.295089,309.256623,308.409844
2025-05-02 00:00:00,103.491065,103.322176,102.327880,102.676402,101.969228,102.545721,102.353205,102.466963,103.809935,104.329250,105.393595,105.393746,104.309423,104.168111,105.472222,105.904290,103.948818,103.171515,103.910385,103.498486,106.887955,107.460798,106.970248,107.090442,110.963448,109.012599,107.507530,105.632692,105.971914,103.304426,102.091061,103.555041,104.105222,103.883328,107.272890,110.210434,108.610178,108.532179,110.037054,109.939624,107.487856,105.890888,103.734176,103.709582,108.421618,105.293014,106.287254,105.373821,103.386989,104.284284,102.003889,102.350329,101.785022,101.734541,105.292469,103.089915,105.762333,106.014174,105.376700,106.900936,107.186078,105.229753,104.650819,102.716387,102.364487,102.544739,102.189774,101.963728,103.072563,107.808875,111.370988,111.682563,105.995863,107.544451,107.488433,108.012009,107.650288,107.480612,107.369599,107.788526,106.285896,105.026673,106.343678,102.714114,102.313932,102.200189,102.085853,102.370980,101.832916,101.510638,102.554445,101.658586,100.840083,102.223342,99.923972,102.849025,312.184213,309.476144,305.371417,302.499077,298.695779,297.953545,298.413164,300.862680,311.285545,312.179858,312.317418,310.739204,308.383022,311.867182,313.829002,310.362761,308.851287,311.982680,311.690860,312.932149,311.844355,313.725050,317.067671,313.932974,313.241414,316.095536,315.347157,315.430669,316.372152,312.514460,313.182281,313.742888,315.378344,320.280737,326.257814,327.196686,329.408178,328.165382,327.779471,324.326732,316.877742,317.445361,315.053056,310.788053,312.101403,313.076038,316.311233,312.825356,307.468695,314.693106,314.104357,314.240637,316.207549,320.208452,320.350683,321.545515,322.456504,326.566765,327.397221,326.535214,324.197585,320.166171,319.590190,313.942467,311.322376,311.199317,315.938449,323.635463,326.496794,329.653167,337.214829,333.213394,330.831264,329.197240,326.830280,327.862300,326.457736,324.216368,323.774760,321.088442,313.968204,310.963431,311.520995,311.386614,311.770085,311.480966,312.048369,312.711209,312.244671,314.074073,313.596819,315.974346,313.155093,318.193614,309.647654,308.230012
2025-05-02 00:15:00,103.772916,103.449400,102.763616,102.179998,102.600843,102.648475,102.644327,102.017160,104.803872,105.930894,106.069791,104.698372,104.879426,105.798340,106.272561,104.443107,103.658360,104.394695,104.051958,107.278479,107.770940,107.457767,107.591599,108.062013,109.244254,107.591862,105.703146,106.380421,103.008948,102.254797,103.677119,104.238137,103.274415,107.320730,109.766780,108.941829,108.632437,110.426355,109.985633,108.116341,105.360519,103.904676,104.546761,108.265098,105.898591,105.881074,105.428460,102.972058,103.996349,101.416092,102.610508,101.571144,101.701354,105.294589,102.884292,105.362266,105.680318,105.795626,106.461447,106.764694,105.328710,104.238867,102.688930,101.764807,102.391313,102.240811,101.904863,102.574550,107.857298,110.966655,111.404805,106.365565,107.188932,107.262339,108.347009,108.010613,107.513163,107.217759,107.669026,106.223654,105.174648,106.416209,102.454131,102.028776,101.617340,102.969349,102.086249,101.693742,100.922252,102.058753,101.468603,100.547853,101.183830,100.039511,102.678186,102.429103,302.824070,299.459475,299.511847,298.162526,299.103568,299.621368,304.172216,305.533006,315.445746,314.683277,310.378274,312.028403,310.363354,312.519417,311.346668,307.946137,308.785377,310.339266,309.180055,311.128973,311.609627,313.737159,315.358681,314.247285,318.753061,318.912032,318.972431,315.737976,312.419723,312.914764,314.026230,313.038536,319.331571,322.677288,325.885865,324.846764,324.956009,325.651288,322.146686,317.865635,316.435346,315.239115,313.169634,309.831610,311.425081,314.514986,310.567990,306.560967,305.193439,312.075525,311.641818,310.533465,314.420795,320.703211,317.042568,317.762068,322.439154,324.001411,324.798810,321.224793,313.625419,315.573375,307.860420,305.866472,307.869362,309.420122,316.175161,323.299522,324.892886,330.671253,331.953420,328.174246,326.659162,322.574059,321.982418,321.569824,320.734014,320.225569,315.022033,306.858431,305.019305,301.559714,305.953217,304.154148,306.670930,307.404729,306.928481,308.219090,310.344609,313.027249,311.637266,313.126718,310.500510,314.114413,308.445368,308.419802
2025-05-02 00:30:00,105.129992,105.441753,102.494597,102.975504,102.905273,102.907837,102.137320,103.062149,106.986924,107.164572,105.755524,105.968815,107.130726,107.294708,105.404671,104.830342,105.472899,104.975601,108.459246,108.899158,108.309492,108.507736,109.021568,108.362379,108.475786,106.711177,107.358571,104.375544,102.814153,104.573144,105.146097,104.226256,107.518911,111.092682,109.686735,109.826185,111.071606,110.827651,108.100521,106.540376,104.113193,105.033086,109.419885,105.946208,106.780455,105.536334,103.821013,103.854180,101.939639,102.968817,102.264500,102.397950,105.968705,103.456677,105.851241,106.053652,106.372510,107.100429,107.736258,105.720546,105.182867,102.830151,102.247925,103.014497,103.135784,102.696829,103.549797,108.267573,112.584309,111.971309,107.219479,108.296568,107.886059,109.165313,109.015491,108.379341,108.477462,108.546863,107.122215,106.134475,107.543370,103.631533,102.936179,102.123353,102.577453,102.739357,101.238292,100.799074,101.966152,101.148180,100.577441,101.464546,99.409812,102.861767,102.488989,103.566140,305.894974,305.304170,307.618035,309.823651,313.430871,315.636144,318.273443,322.499415,324.100736,321.356722,317.872291,317.746680,316.694763,317.442815,315.144274,313.517055,315.833282,313.707163,315.375116,316.308114,316.944540,317.830751,320.898216,321.811017,320.878320,320.421081,320.394250,316.093456,316.927235,314.064105,315.079706,321.388737,324.371346,326.326242,326.701746,323.205910,325.911329,323.018161,315.959933,319.694044,316.094264,313.284356,313.206291,311.838799,314.617816,311.678706,308.940708,309.076463,304.415297,311.414790,311.325580,312.446040,319.570945,321.159524,319.310701,323.451561,326.701729,326.977618,324.059127,316.101590,318.891498,313.681159,309.698556,309.404513,311.604004,315.985022,322.246714,326.502184,331.212601,329.354744,325.385598,329.030711,321.853629,321.053395,321.123547,320.357981,321.891006,317.364286,308.037132,306.247216,304.286562,303.530332,305.292111,303.939496,309.279556,307.936914,308.389936,311.816452,310.818565,313.794665,311.353233,312.797452,309.921014,315.844206,310.396879,311.576910
2025-05-02 00:45:00,105.574840,105.767985,103.949223,103.948690,103.992198,103.387549,103.802986,104.661276,107.658548,106.332727,106.312251,107.530972,107.759774,105.875147,105.113904,105.885468,105.358309,108.572629,109.034164,108.676654,108.904723,109.466353,108.806327,107.594681,106.806132,107.334428,104.230396,103.032797,103.933243,104.661591,104.165553,107.528536,110.271911,109.663705,109.628340,111.628704,110.870143,109.054610,106.541640,104.713395,104.908058,109.945462,107.340097,107.183865,106.422725,103.612873,104.480696,100.773841,102.682062,102.476173,102.390494,105.978231,103.843155,105.603504,106.100501,105.898110,106.834704,107.439085,105.684752,104.960809,102.897021,102.314458,102.729173,102.553209,102.689408,103.075085,107.773595,111.683566,111.870024,106.863030,107.801815,107.605115,108.618365,108.718843,108.764894,108.486364,108.752873,107.114193,106.071279,107.488368,103.697822,103.008204,102.617624,103.358140,103.348847,103.191468,101.741020,102.833065,102.243554,101.518721,102.408768,100.706468,102.641821,103.584889,103.975337,103.854187,304.925551,304.733299,306.764925,309.342412,313.215351,315.007278,316.856752,321.104514,320.483028,318.566276,316.234107,317.304343,317.847855,315.082511,312.809090,314.348613,314.776073,315.866132,315.131985,317.853349,318.283660,319.155472,323.254833,321.345713,321.965738,321.993955,317.937402,317.908637,318.249300,315.409456,320.973217,325.754489,326.303192,325.386201,324.641979,322.658951,321.098304,315.569002,313.913023,317.700337,313.841246,313.758374,312.609116,313.509346,309.984019,309.146829,309.385786,308.645244,307.605963,315.500231,312.858834,321.178648,321.201829,321.851117,324.348080,326.151513,325.859468,323.956898,319.546941,319.804898,312.982725,311.814778,315.255709,317.660137,320.461762,324.312081,325.577801,333.323660,331.898115,327.438339,327.341282,326.568079,323.273776,321.782601,320.614965,320.862164,319.759440,312.379080,308.447687,306.304121,303.613098,304.467145,305.960033,307.201354,307.659269,308.963018,310.055583,310.928532,311.314994,311.983054,311.758736,314.202235,310.289185,315.355342,311.731981,311.930504
2025-05-02 01:00:00,106.695497,106.174439,104.140384,104.171725,103.587029,104.371247,105.824852,106.208056,107.138388,107.178711,108.292267,108.495966,106.668819,105.975121,106.602533,106.195772,109.330021,109.728625,109.243882,109.161997,109.686555,109.070452,107.814373,107.327894,108.185743,104.904309,103.651447,105.144693,105.098575,104.672283,108.268750,110.753639,109.287168,110.276206,111.748593,110.905998,108.725223,106.630483,104.247385,105.632585,109.942799,107.496729,107.853224,106.024334,103.897535,104.160153,101.034081,102.068391,102.244656,102.399911,106.193965,103.340677,105.885397,106.279700,106.289114,107.227091,107.727487,105.899751,105.383320,103.233368,102.417579,102.867337,102.500713,102.717367,103.410500,108.376835,111.918108,112.303442,107.180229,107.790935,107.604324,108.981389,108.724411,108.753439,108.636264,108.968378,107.364639,106.092817,107.602943,103.828795,103.400937,102.101506,102.418438,102.785635,102.070109,101.684158,101.778536,101.158698,100.941301,101.568962,100.174918,102.435041,101.799302,103.369300,102.985569,103.767524,307.467769,307.329339,310.864022,311.188540,312.267431,313.516236,316.962956,317.331875,316.831362,313.534607,316.412732,315.529063,315.822746,312.458440,310.799731,311.008983,312.258720,312.955075,315.634473,317.977631,317.937935,319.896946,321.828988,320.965322,320.791607,319.061981,319.523800,317.509421,317.877673,320.932538,323.781266,326.892438,326.509853,323.225399,324.057728,318.928204,314.754613,316.616849,314.646931,317.253119,313.870261,314.100787,314.602947,308.940400,308.535740,309.661788,311.054971,310.021729,307.605204,314.208831,320.933827,321.578329,322.302725,326.702110,326.526640,329.503217,323.906442,321.694925,323.948289,314.414375,310.300617,314.475403,316.321604,324.405728,326.884829,326.428575,330.168536,332.402876,328.935890,328.508045,324.097999,325.204623,322.665914,320.034276,320.460338,320.298118,313.357824,311.871805,307.909524,306.672425,304.920157,305.015319,306.669825,304.959953,310.719200,311.237508,312.778754,313.427701,310.214673,311.223809,309.417793,313.999028,310.861958,317.194386,311.953248,313.197317
2025-05-02 01:15:00,103.909472,104.404672,103.525985,102.907069,103.380023,104.240854,104.580763,103.692788,105.949876,107.059338,107.221145,105.455632,104.828298,105.393434,104.907161,108.284735,108.644978,108.238147,108.481770,108.964574,108.415473,107.202807,106.510470,107.572703,103.863460,102.561072,104.156252,104.580863,103.364522,107.286963,109.854806,108.629120,108.899637,111.223018,110.442004,108.676340,106.033391,104.176155,104.885661,109.437304,106.419788,107.679445,106.643933,103.655429,103.918040,100.306915,101.743555,101.063196,101.965542,105.342101,103.414730,105.285247,106.043333,105.590496,106.916135,107.309220,105.742960,105.257358,103.224992,102.260627,102.684186,102.477301,102.218536,102.992564,107.977914,111.449918,111.549480,106.808075,108.040270,107.747832,108.640376,108.324801,108.089774,108.500504,108.243475,107.342307,105.877566,107.450826,103.603512,103.018131,102.755207,103.318403,103.104852,102.475574,101.721693,103.325432,102.013667,101.311372,101.662470,100.132913,103.320169,102.932815,103.801482,103.757906,104.218658,103.585726,304.538747,305.681879,310.797643,313.408806,316.679989,316.820993,318.492070,321.020631,318.415561,317.156620,317.455893,314.721720,316.066702,315.075107,313.075579,313.277933,314.142247,314.895610,315.933997,318.366652,318.869902,318.750130,321.553390,320.093740,318.423351,321.001219,320.154510,318.211829,324.270721,325.704115,326.768785,329.284650,325.175666,323.006062,318.940297,312.589607,314.285710,314.270597,312.287515,315.477189,314.141240,316.358396,311.431362,306.429787,308.269395,310.166638,308.440453,305.906114,305.419200,313.931486,317.339565,318.831312,321.830809,328.588121,326.549302,326.361998,317.832753,322.195405,316.191976,309.814655,311.538165,315.318293,320.017999,323.380178,324.084638,328.814880,325.901487,324.026214,325.544210,323.759748,321.340171,325.399015,319.086275,319.818054,317.400993,312.677441,311.673750,308.479536,305.258886,302.869912,302.171110,303.228784,301.787925,304.881316,311.025725,309.930640,313.359569,311.453996,308.209498,308.096589,308.377485,308.282521,310.633947,310.970317,308.846736,311.567261
2025-05-02 01:30:00,104.711546,104.687558,102.676179,103.191401,104.019596,104.248747,103.637841,104.006814,107.220295,107.386551,105.807203,105.225283,105.818077,105.229639,108.731701,109.461611,108.590116,108.710122,109.235781,108.680339,107.417697,106.738603,107.776246,105.202169,103.122859,104.686779,104.984485,104.584527,107.561812,110.408936,109.271183,109.611148,110.924732,111.138438,108.924434,106.858888,104.432605,105.375527,109.670936,107.122970,107.090935,106.538675,104.033711,104.050309,100.920308,101.218563,101.085759,101.193516,105.130218,102.753274,105.672514,105.829148,105.900715,106.631605,107.036483,105.587174,104.831940,102.861495,102.053285,102.418414,102.080716,101.862303,102.563025,107.107867,111.252506,111.790139,106.778804,107.808296,108.149308,108.733591,108.588256,108.063698,107.712988,108.695408,106.854878,106.392951,107.039121,103.298300,103.169803,102.570583,103.139921,103.124352,102.355491,101.464998,102.574744,102.308098,101.238736,101.573400,100.038080,103.425021,103.105582,103.675985,103.177621,104.082369,103.769809,103.594079,304.210531,304.602987,306.384703,309.896856,312.232821,313.982714,314.438311,319.672811,315.972000,314.844171,315.400128,315.032317,315.087813,314.141613,311.032406,312.792162,315.529848,315.906189,320.120982,322.616206,321.387900,321.734896,323.664143,319.149916,320.069362,321.312719,319.542167,325.826597,329.859397,330.853232,329.381676,327.881506,326.654129,321.355961,315.443045,314.275748,315.066131,312.489023,311.050363,313.825316,315.068022,312.626337,309.041733,308.523741,309.073506,309.401042,307.733926,306.177810,316.585189,319.809065,321.781041,323.156081,327.239210,330.247351,324.042611,320.255611,320.596343,318.719233,316.011856,315.317062,318.014847,324.243143,329.022854,329.762381,335.367923,331.351708,325.733486,327.230303,324.565774,325.308687,321.736605,323.302880,322.559578,317.188003,310.818135,313.186522,311.145555,308.431466,305.955985,305.188749,304.412160,303.126503,304.852044,307.562914,310.503215,312.095490,313.581349,311.862635,307.119454,307.629125,309.152901,310.790075,309.836720,312.704637,311.069329,312.257113
2025-05-02 01:45:00,106.195450,105.920710,104.902027,106.105480,106.601295,105.930346,106.282803,107.222207,108.986374,107.281319,106.828098,107.423526,106.645649,110.539368,111.147454,110.205855,110.397624,110.803730,110.324728,109.187174,108.599429,109.401273,106.892210,105.787303,106.987985,107.266414,106.775840,110.196912,112.319329,111.038266,111.211168,113.002582,112.239612,110.885602,108.822885,106.776337,106.913034,111.624162,108.568834,109.128172,107.991705,105.659257,106.414929,102.048446,103.393978,102.476507,103.095498,105.213100,104.351039,106.935751,107.562958,107.180372,108.215427,108.764577,107.165740,106.567612,104.208814,103.496556,104.676297,103.759221,103.843142,104.384949,109.061970,112.862827,113.354825,108.710784,109.478588,109.656874,111.084862,110.496270,110.037334,109.601551,110.003880,109.151225,108.090671,109.283723,105.361020,104.886024,104.036280,104.507046,104.613181,103.653915,103.216570,104.103293,103.313142,103.233810,102.773026,101.343875,104.304222,104.258719,104.940415,104.211331,104.636583,104.362567,104.847190,105.710507,308.485949,311.232717,313.811479,317.257147,322.060411,319.299732,318.303277,322.792632,319.060316,315.803119,317.524574,317.672486,316.399106,316.866220,314.577131,316.034965,318.568687,318.835101,324.275890,324.291321,323.012268,323.680144,322.914151,323.056286,321.648505,323.049284,326.992659,331.207552,334.399762,333.694311,330.139094,330.197497,325.138079,317.467471,316.598085,314.949957,314.210506,313.912589,313.409961,316.605772,314.258532,313.798496,313.873504,310.040946,311.368660,311.698691,309.813404,314.147156,316.544688,318.065155,325.184706,328.999252,330.714680,328.330464,321.623450,323.803547,316.799118,316.727241,318.444533,317.180169,321.239610,329.533960,330.800312,336.338136,331.793605,325.898159,324.798687,325.502828,324.917108,321.196585,319.090444,322.657538,320.342062,310.266993,309.924032,312.984800,310.999810,308.341718,306.483457,305.946900,303.768639,306.058343,307.401628,305.898595,314.371805,314.664638,312.923090,311.956512,306.968290,309.526859,310.083204,307.530474,309.938522,312.180949,309.465937,315.449232
2025-05-02 02:00:00,102.515040,103.179710,103.967443,104.076047,103.386186,103.648143,104.691094,104.943094,105.107584,104.514155,105.347398,104.621661,108.126418,108.608440,107.759418,108.237673,108.591717,108.082040,106.926828,106.360946,107.328871,104.826686,103.714973,104.577028,104.984762,104.243715,107.864797,110.403904,108.853762,109.083349,111.373377,110.502537,108.889336,106.951351,104.390530,105.547419,109.894600,107.391110,107.541079,106.433600,103.996297,104.302905,101.700359,102.215633,101.521557,101.270269,103.693209,101.815721,105.482220,106.024774,105.883924,107.088318,107.992767,106.177451,105.210640,103.092340,102.807219,103.109874,103.217439,102.649554,103.715421,107.868654,111.478794,111.632741,107.352274,108.396266,108.123887,109.130563,109.287063,108.532055,108.622287,108.350743,107.247902,106.681201,107.751290,104.144249,103.284880,103.322594,103.904351,103.773334,103.161486,102.324158,103.450125,102.711814,101.730230,102.683696,100.988597,104.041476,103.277184,104.555974,104.424791,104.678009,104.133251,104.524613,105.422272,104.103442,304.337051,305.695067,307.070552,307.697108,310.877660,311.772313,312.213194,313.448856,309.894759,310.616556,310.337222,310.336449,312.464806,309.668625,311.437469,313.283922,315.655437,318.785729,319.764336,319.290362,317.863754,316.281568,317.738997,320.509979,317.942282,325.743946,328.680814,331.188519,332.484867,328.987257,327.061057,324.174833,318.251870,316.827601,315.859287,312.559539,312.871325,311.602520,315.024281,311.480461,309.641161,312.602895,312.094600,307.672053,308.371859,309.409049,311.972067,312.786984,312.331590,319.072541,325.193988,327.375199,325.265686,324.755830,322.208691,318.711456,315.499951,316.330499,320.535371,322.308830,325.930985,329.235151,332.822377,331.501164,324.547551,323.113189,319.769251,323.775679,322.526776,320.575013,319.591407,320.464600,313.295039,309.494245,308.268101,310.447414,310.454200,308.509973,308.245333,305.764752,305.368037,307.779655,309.058359,310.218633,312.831900,312.270550,313.479187,313.284424,309.598225,310.444605,310.467647,307.854109,311.634891,311.551516,314.164892,315.492983
2025-05-02 02:15:00,103.012402,103.580867,103.416737,102.781586,103.106713,103.957718,104.257262,103.315163,104.093844,104.756039,104.095480,107.771032,108.510558,107.720822,107.818144,108.335325,107.882713,106.603388,105.916457,106.847187,104.338573,103.204412,104.223886,105.070044,103.820336,107.367643,109.981807,108.808600,108.419601,110.259891,109.888331,107.908631,105.690321,103.878822,104.533871,109.631253,106.482707,107.180536,105.822406,103.540802,103.695383,100.426142,101.803606,101.180217,100.907475,103.152034,101.687438,103.137472,105.587620,105.753033,106.726802,107.300776,106.004055,104.910846,102.605821,101.994325,102.440197,102.108146,102.330756,102.862859,107.945134,111.301150,111.678217,106.707639,108.181972,108.302243,109.014588,108.889545,108.606796,108.171869,108.176584,106.864135,105.867032,107.178000,103.373047,103.124451,102.328323,103.248646,103.124127,102.596920,101.964321,103.161431,102.412873,101.807562,101.738219,100.549479,103.465968,103.304252,103.581300,103.550445,104.512855,103.471387,103.431175,104.867838,103.823979,103.978554,304.560400,305.111384,306.351865,306.850605,309.131452,310.651558,311.903534,314.250555,311.744472,311.554784,310.151909,311.194959,312.393650,309.979593,310.194313,315.191397,317.291099,316.963306,318.549872,317.174741,315.111397,316.792638,318.963300,319.452687,322.939494,327.601476,329.407884,328.639803,329.224930,328.594338,322.011809,317.978477,316.995131,315.992833,312.210027,309.920269,312.851202,313.776619,310.043462,308.719827,310.057977,312.710034,310.990062,307.624302,308.853545,313.467473,312.378655,313.276040,317.851603,324.987407,328.959648,326.125611,321.878675,326.267662,316.366149,314.978539,316.230186,318.531847,325.302250,327.222562,327.492154,334.474799,332.364865,327.351986,327.069952,320.294284,319.896656,321.885407,320.228906,321.542414,317.277543,314.625606,311.574865,308.949428,307.264696,310.337805,310.853207,308.623502,306.422006,307.850722,308.686504,309.902930,309.502218,309.466535,309.502291,312.133005,313.218996,313.038841,311.087011,308.865078,309.991830,311.573801,310.798765,316.188369,315.003129,313.292679
2025-05-02 02:30:00,102.675190,102.787955,102.677788,103.040134,103.969611,103.964287,103.170265,102.971852,104.500982,103.772911,107.371336,108.021580,107.306779,107.651448,107.964420,107.489492,106.319093,105.765006,106.733951,104.178425,103.029293,103.791680,104.655053,104.133303,107.245204,109.921983,108.725351,108.882691,110.208417,109.805298,108.418202,105.689861,103.481034,104.566413,108.929831,106.978627,106.861885,106.215196,103.707738,103.931913,100.472819,101.497457,101.405121,101.404992,103.466719,101.482439,103.411410,103.426899,105.888130,106.926038,107.672822,105.803424,105.483196,103.258048,102.236770,103.061471,102.301820,102.095327,103.366183,107.540343,111.650822,111.801181,106.611177,107.915478,107.960314,109.619945,108.837187,108.250221,108.559709,108.576195,107.539820,106.045689,107.453573,103.530809,103.265683,103.035360,103.336657,103.705249,102.979624,102.412516,103.655589,102.510136,102.049465,102.851668,100.356815,104.312500,103.949978,104.647628,103.675646,104.980519,104.561300,104.090543,105.255300,104.260016,104.927128,104.463697,304.412838,304.881170,305.823770,306.165758,308.586113,308.668922,310.516418,313.279725,310.431191,310.163856,309.584411,309.235287,312.193462,309.819300,312.351828,316.508812,315.552810,315.866685,316.731048,314.677245,314.548149,318.204749,319.061884,321.887295,326.320361,329.918787,328.924171,326.385741,328.047224,323.961193,317.033100,317.921157,316.024109,313.575423,311.653256,309.982324,314.349447,309.012374,308.059369,309.041363,310.473796,311.916778,309.716505,306.979595,312.047903,312.831687,311.013885,315.267753,318.579138,326.385777,326.202868,320.347726,324.150808,322.285027,313.806072,314.821352,317.865341,322.544668,327.114313,329.332139,332.987003,330.908126,327.243053,325.860674,321.868077,319.348981,318.432367,319.367149,319.882110,318.255120,311.268777,315.038055,309.553994,309.975111,308.305877,311.246008,312.033861,309.839477,308.204643,311.091133,310.818296,313.073684,311.586842,309.765195,310.864534,313.865344,313.475741,313.600578,308.087429,308.776903,309.962192,308.949111,316.545518,316.615238,311.758963,310.265358
2025-05-02 02:45:00,102.866395,102.472201,102.977901,103.880341,104.141649,103.132533,102.986573,103.737936,103.604676,107.141256,107.946767,107.108314,107.328879,107.820753,107.284213,106.154885,105.616320,106.531840,104.001947,102.860476,103.780917,104.598633,103.875314,106.545098,110.013452,108.477731,108.934926,110.479166,110.070572,107.876922,106.152588,103.577951,104.426564,109.016756,106.514897,107.709601,106.184663,103.692453,104.025366,100.872109,101.823324,100.826466,101.305656,104.102636,101.851906,103.147812,103.752995,103.740831,106.834498,107.271683,105.546663,104.961342,103.192621,102.491625,102.515014,102.632901,102.379258,102.944100,107.926947,111.157099,112.122207,106.954349,108.063444,107.874981,109.420758,109.528804,108.554291,108.448777,108.964038,107.645577,106.253776,107.306820,103.761751,103.529541,102.985007,103.771592,103.348524,103.075355,102.325216,103.260723,102.753072,102.227182,102.434093,100.790983,103.196849,103.788546,104.532828,104.033316,103.965932,104.239236,104.523755,104.650170,103.626013,104.191820,104.491182,104.067971,305.799657,304.764603,305.141912,305.376926,307.548301,307.598734,308.967236,307.064172,308.139484,309.053660,305.263753,307.123347,311.296868,309.008186,313.031892,313.216391,315.151612,313.690579,313.680945,315.878589,316.813852,319.068409,323.121128,324.600646,326.805155,329.802999,325.541043,325.646036,324.255667,317.997894,316.197695,317.847023,315.409120,313.518466,313.055176,313.291423,311.119898,307.337053,308.716433,309.677527,309.246306,310.851194,308.609814,310.998994,311.116140,311.702651,313.963706,317.249909,323.933428,324.847748,324.444354,324.654948,321.305663,320.492922,314.754907,319.139209,323.153962,327.095149,329.722259,335.834816,332.067775,328.766610,327.675659,322.420346,320.761768,320.342290,316.573635,321.477226,316.820526,310.141217,311.082148,314.162475,312.278828,310.645356,310.001408,312.437591,311.100244,311.524003,315.716630,315.545106,315.846243,314.402700,312.350140,310.869404,313.041390,314.640235,315.265530,312.764327,311.596906,310.803149,309.992697,315.288420,317.417766,314.209012,312.693274,311.522518
2025-05-02 03:00:00,102.817279,102.625685,104.061050,104.247017,103.260161,103.130342,103.944709,103.867630,107.395958,108.159426,107.429437,107.642859,108.080894,107.676397,106.439181,105.945636,106.923695,104.377895,103.230984,104.144987,105.014904,104.367508,106.919831,108.905495,108.872945,108.916974,110.566879,110.345004,108.139251,105.951279,104.579720,104.517339,109.614530,106.845297,107.595806,106.978019,104.238777,104.793985,101.270930,102.326305,101.763606,101.184362,104.099393,102.330478,103.664629,103.868039,104.057193,104.958426,107.411853,105.748088,105.295092,103.139226,102.673836,102.974958,102.468708,102.642244,103.341460,107.848913,111.629629,111.760011,107.728624,107.962274,108.640035,109.187983,109.525137,109.253663,108.669925,108.972321,107.887117,106.598228,107.652501,103.663234,103.481346,103.311967,103.992373,104.159669,102.833684,102.747505,103.615812,102.679995,102.157727,102.613987,100.867547,103.766723,103.083128,104.577310,104.017371,104.821378,103.813178,103.937474,105.572430,103.652363,104.392965,104.918420,105.122000,104.240561,300.031749,299.478464,299.668712,299.816258,299.309547,299.163691,301.895096,299.743043,303.477428,303.816215,302.752789,304.696201,310.694684,309.880074,310.345679,311.148588,311.822472,308.158871,311.736510,315.958797,317.290230,319.251411,323.960416,324.188046,326.031369,326.290583,323.545231,320.653865,316.866726,314.976526,314.288024,314.311839,313.484403,312.164910,313.295644,309.623340,306.717009,305.829041,307.959938,307.735877,305.938037,308.058718,309.297834,310.059427,309.158401,313.509700,314.971730,317.485779,318.274048,321.190823,324.694045,318.818797,318.226045,319.981890,315.276349,322.675582,326.265466,328.845195,333.450150,332.749893,325.662486,326.322999,321.372087,320.404968,318.964883,317.158968,315.075653,317.638602,309.356027,310.131127,309.110205,314.063279,309.532663,310.587285,308.728479,309.960501,311.527400,312.504785,314.408212,315.818234,314.973613,310.900260,309.511706,309.317218,311.032354,313.088107,312.371483,310.343044,309.686349,307.705038,316.791464,315.931838,311.846571,312.325003,311.060160,306.696838
2025-05-02 03:15:00,105.375015,105.866921,106.099171,105.194378,104.974623,105.753787,105.768256,107.581777,110.058002,108.950905,109.206630,109.662267,109.133280,108.104921,107.487536,108.299277,105.711632,104.502229,105.620922,106.470309,105.839645,108.168314,110.113616,108.488156,110.047732,111.615843,111.364067,109.567332,107.144748,105.133579,106.196617,110.516947,107.635061,108.605991,108.128880,105.719636,105.345644,102.614073,103.022270,102.557912,102.541883,104.405774,102.911603,104.207231,104.457986,104.593925,106.252196,106.678270,106.137196,105.681826,103.628433,102.983137,103.448300,103.068017,102.690539,103.626932,108.454240,112.032173,112.484915,107.399705,108.453956,108.204837,109.913803,109.794202,109.277175,108.873893,109.528235,108.254224,107.571141,108.199994,104.208322,103.732864,102.842757,103.343932,103.540359,102.638809,101.885011,103.187931,102.472811,101.672283,102.176466,100.133512,103.331162,103.038733,103.557530,103.872189,103.752884,103.587637,103.031243,104.291417,103.501807,103.180313,103.677045,104.771165,105.232344,105.909896,304.684651,305.015554,307.268324,306.223154,307.351336,307.542823,309.605487,306.345469,307.313760,307.277473,306.482809,309.776883,315.516331,311.385317,312.151847,312.159577,311.152586,311.585413,315.649723,318.401122,322.653052,323.414309,327.985116,326.755236,324.907049,326.580878,321.810728,317.850246,316.922600,315.764688,313.588830,315.566756,314.788884,313.891989,309.975339,306.606078,309.122298,308.238329,307.843291,308.937751,308.578016,312.616813,310.832880,311.980045,314.469996,318.104301,318.498505,316.545802,317.626467,322.706638,318.650294,317.656942,319.405804,321.687403,322.435666,329.526894,328.090421,334.015430,333.112418,329.135919,326.654932,322.971316,321.959268,321.106393,320.536410,320.319663,315.154415,313.919263,309.385942,308.472075,310.684870,314.035129,310.272011,313.226250,310.039587,312.867067,315.588037,316.934387,317.259667,317.934078,315.416329,311.929969,312.711157,308.694681,315.414234,309.839911,313.947845,312.728635,307.715990,314.453079,316.128010,312.583372,312.249014,312.649929,310.332263,307.360698
2025-05-02 03:30:00,105.877268,105.502221,104.870728,104.711991,105.384740,105.307647,106.969783,107.305920,108.971933,109.249858,109.752402,109.381588,108.212639,107.732468,108.462691,105.999661,104.978723,105.836473,106.692028,106.030730,108.475614,110.238928,108.831525,108.276058,111.679883,111.173121,109.433782,107.373387,104.862428,105.482848,110.679836,107.700892,108.212345,107.543338,105.277080,106.208550,102.401035,103.214726,102.729391,102.742564,104.921486,102.829222,104.967733,105.425931,104.821095,105.920863,106.834238,106.165309,105.980059,103.915721,103.213354,103.481733,103.673855,103.499922,104.064909,109.172171,112.325822,112.953833,107.815330,108.642278,108.470141,109.622076,109.691848,109.228614,109.086666,109.653555,108.695009,107.599683,108.923476,104.694939,104.358752,103.596192,104.552709,105.301927,104.309331,103.734205,104.656715,103.716907,103.226797,103.378068,102.045342,104.749413,104.945818,105.520138,104.971621,106.141696,105.040058,105.381349,106.034715,105.181918,105.454640,105.303423,105.494939,105.648969,106.663733,105.751333,300.020874,297.992894,297.282822,295.918067,295.269785,298.101182,299.873034,292.719926,300.606898,302.924056,304.196226,308.725238,311.668284,308.249970,308.587433,306.551195,311.058324,313.069679,316.145924,320.645780,324.655067,324.478516,327.010841,323.050113,323.391705,321.987553,314.649958,315.591312,315.788636,312.458951,312.128731,314.449231,316.634112,310.569721,307.731583,307.622571,307.396064,305.758576,306.606055,305.851792,309.162009,310.587715,308.417880,313.399966,315.099999,318.187787,314.423723,309.460339,317.979130,317.698420,313.879380,316.716217,319.876476,327.233502,328.905128,330.011873,332.944684,332.883780,329.746806,329.283381,322.853993,322.929865,320.615542,317.848321,320.072747,316.435328,308.503709,310.042468,307.984212,309.610910,309.734373,313.478513,311.892413,311.542889,309.725914,316.479600,315.798703,315.822991,315.255019,313.975522,312.561158,312.762534,311.797109,311.764957,312.127199,311.733883,313.047790,310.358186,313.144260,315.295517,311.086893,312.151577,311.346288,311.981753,307.322743,301.421358
2025-05-02 03:45:00,106.987730,106.591462,106.539634,107.251647,107.268186,109.057537,109.340898,108.247501,110.680994,111.136132,110.815428,109.589341,108.948052,109.826524,107.261238,106.224424,107.255438,108.045445,107.416895,109.577310,111.479531,109.807756,109.187772,111.100369,112.506723,110.203727,108.119827,106.000651,106.492260,111.283028,109.071542,109.348045,107.962571,106.053670,106.917780,103.458746,103.954697,103.498557,103.236424,106.128568,104.263400,105.465924,105.924072,105.265746,106.602686,107.244013,106.590523,106.165644,104.297846,103.570129,104.326043,103.349146,104.198179,105.091884,109.281934,113.266155,113.625528,108.598076,109.650448,109.256920,110.295943,110.037527,109.656273,109.737073,109.983484,109.116604,107.877630,109.156160,105.440143,104.674722,103.919125,103.641937,104.083569,103.757270,103.193446,104.189793,103.184011,102.378491,102.949554,101.210763,104.358331,103.792910,104.877878,104.326142,104.965044,104.927345,104.258603,105.362726,103.685414,104.435771,105.301396,105.267448,105.582066,106.699395,106.744339,106.933945,302.490430,301.626148,303.802666,303.918599,305.773493,305.821636,311.719021,308.823857,309.553035,313.325448,315.527010,314.605917,316.036176,314.050585,310.764586,310.824595,315.627714,318.280551,323.228194,327.031660,328.224368,326.932149,326.873685,326.438551,322.247346,318.243206,316.012994,316.990313,315.242259,312.115563,312.709123,316.357309,311.187950,307.903167,308.591724,308.492625,307.880291,305.903809,305.685126,311.276498,310.141223,310.411781,312.618160,315.697720,319.078651,315.918218,308.972886,311.658762,310.490228,315.382177,313.378718,317.857028,326.424518,331.791285,329.577455,335.633501,332.072236,328.637039,329.576869,322.845315,320.302941,320.621873,319.096952,319.027989,318.981158,310.853559,307.376569,308.241118,308.389096,310.916504,311.634439,317.090497,313.841591,314.474168,315.556496,319.243482,319.867091,317.344198,315.440448,313.842480,314.334497,312.278728,312.344832,307.118855,311.731196,312.001522,313.304972,316.261059,313.682552,312.143410,310.383440,312.065392,310.048567,309.673210,305.298648,302.683573
2025-05-02 04:00:00,106.946739,107.412773,107.459468,107.356183,109.223354,109.415216,108.288133,107.809113,111.426662,111.037012,109.984099,109.494897,110.245307,107.767766,106.669189,107.890566,108.754917,108.067833,110.627002,112.492857,110.841380,110.226493,111.995340,111.290461,110.937465,108.668020,106.478318,107.452449,111.494770,109.121795,110.130580,108.829293,106.117068,107.356330,104.252860,105.302054,104.215310,104.194994,106.391335,104.798377,106.252694,106.076476,106.329105,106.777592,107.504771,107.178453,106.613741,104.625780,104.550951,104.889440,104.567981,104.270494,105.555631,110.332847,113.662228,114.169992,109.285732,110.078494,110.204523,111.055535,111.037148,110.416693,110.270218,110.832483,109.696757,108.776730,109.729251,106.046753,105.654740,104.683194,104.774579,104.533071,104.316575,104.033002,105.172964,103.884459,103.233303,103.523395,102.164141,104.910749,104.847135,105.431241,105.423046,106.126339,105.484848,106.045871,106.033972,104.948005,105.293668,106.390967,106.651593,106.549002,107.361539,106.818479,107.883935,107.847230,302.632381,302.716354,304.554835,305.772559,306.936143,307.329699,307.982231,310.440194,312.732035,317.377236,315.965026,315.063840,316.504930,310.452480,312.327777,315.596504,318.086687,321.744618,327.169582,329.883306,329.314166,325.385110,327.686628,324.636298,317.999205,319.363841,315.560714,315.566844,314.740335,312.881128,314.586211,313.044258,309.168442,308.052742,308.580373,307.256205,307.146476,305.829385,311.009405,313.153135,310.953070,315.331984,315.889542,320.107192,316.145763,313.583126,313.205778,307.301974,312.213371,317.286534,319.473843,326.504631,333.215442,333.954996,335.673644,335.299562,329.015851,329.361362,323.891840,322.410212,321.281652,320.633304,320.943113,319.168805,314.577495,310.383355,307.982416,311.603725,309.041337,311.996485,312.909530,316.072716,315.394643,319.584845,319.020627,321.692149,321.139617,319.780013,317.373830,317.482226,318.852320,318.112216,315.749878,314.299469,314.141468,312.488506,319.157914,318.209060,311.358331,313.669627,313.400256,312.168655,309.800474,307.590792,306.786272,305.369766
2025-05-02 04:15:00,107.982492,107.747637,107.158190,108.921801,109.183665,107.952608,107.432394,107.926480,110.978112,109.634695,109.154322,110.071392,107.521180,106.475368,107.544382,108.403159,107.509471,110.153422,112.169808,110.226430,109.653197,111.174420,110.296726,108.522032,108.038374,105.558208,106.326500,111.293603,108.319304,108.949830,108.526886,105.915590,106.126424,103.525571,104.539913,103.487178,103.300615,105.625208,104.033487,105.720315,105.944456,105.341230,106.737643,106.237119,106.234328,105.299406,103.599324,103.396776,103.626876,103.198961,103.756244,103.986327,109.032328,113.080452,113.396542,108.366790,109.134448,108.929493,110.136749,109.607487,109.163689,108.770251,109.126053,107.994264,107.150687,108.718309,104.640560,104.199124,103.280772,103.366818,102.968749,101.991256,102.021643,103.234604,102.269153,101.321035,102.019763,100.033011,103.160462,103.253383,103.882662,103.099193,104.354983,104.029503,103.992922,105.244565,103.223874,103.915690,104.210287,105.452742,105.468885,105.887063,105.437930,106.230987,107.052670,106.888778,305.688108,304.397006,305.681951,305.091162,303.266057,303.169229,304.382191,300.206586,309.412116,311.722126,309.788746,309.232390,311.896225,309.834348,313.883229,314.315302,321.031652,321.589547,325.927444,327.729788,324.048981,324.268878,320.864059,318.205168,315.674361,317.634221,314.903425,313.441750,313.643658,312.918356,310.311258,309.617691,308.294574,307.146392,307.308939,306.113356,306.814222,312.302991,311.741404,314.019573,314.787912,318.189820,318.448067,315.065197,312.544848,314.765564,307.156160,305.581695,311.631155,320.145968,324.061339,331.063712,334.541192,338.354115,334.098375,330.078613,327.631739,323.055565,324.170238,322.311350,319.257147,322.536697,318.348613,312.903881,312.788478,308.441763,308.379196,311.174217,308.823241,312.323455,313.604219,315.709215,320.000282,320.960299,319.669925,323.806342,320.785411,321.224708,321.346164,319.117506,322.084499,316.498137,318.316451,316.390035,314.663076,318.759939,321.134070,314.211480,311.435734,313.777414,311.626251,308.865801,305.974710,309.181772,305.497860,302.555686
2025-05-02 04:30:00,105.257049,105.253111,106.524565,106.755910,105.848641,105.250064,105.761379,106.439441,107.851585,107.465043,108.353789,105.931227,104.884380,105.772156,106.551721,105.956337,108.692241,110.421667,109.072139,108.527692,110.038970,109.178103,107.254511,106.357448,104.279384,104.973167,109.474802,107.316579,107.716438,106.666030,104.846994,105.237922,101.784694,103.210666,102.538910,102.837824,104.760766,103.110721,104.677678,104.864169,104.763837,105.291376,106.466444,105.883400,104.708848,102.463035,102.285249,102.772975,102.832634,103.266157,104.125350,108.237840,112.579079,112.761571,107.843516,108.853936,108.279908,109.562610,109.262824,108.533825,108.387102,108.981289,107.646759,106.664378,107.780868,104.090252,104.084716,103.299089,103.991314,103.697793,102.999257,101.852203,103.359500,102.770095,101.964603,102.356323,100.896430,103.377541,103.420373,104.384657,103.877664,104.265028,104.717022,104.475443,105.346068,104.579264,104.258966,104.560198,104.876144,105.543565,106.178245,105.382091,105.962159,106.025857,106.795641,105.494369,299.842513,298.699628,300.537400,301.065155,302.774217,304.922442,306.052568,307.049792,311.573128,316.235814,313.001282,307.876205,313.037211,315.491888,316.960004,320.212244,322.487136,325.236178,326.687426,326.636213,321.495006,317.445255,317.111930,314.281656,314.535456,314.906509,313.345936,312.034344,313.479614,307.123003,306.626385,308.233460,306.187923,305.410910,303.779558,303.588639,309.167277,307.896329,310.390066,314.825094,317.293856,317.969152,314.641655,309.358964,311.077783,307.670686,301.646819,304.750839,315.197498,325.339062,329.403495,330.507802,339.174758,335.097752,329.454883,329.037155,322.494254,320.896664,321.998258,321.153514,320.627949,319.713538,311.915135,311.175999,312.125741,309.357521,308.877428,311.290204,311.176685,312.100398,314.660460,319.667228,322.049062,322.004784,320.210570,318.834051,318.253380,318.855260,317.975926,318.301208,317.596900,314.160249,318.061341,317.180913,319.447808,320.260115,318.262961,313.389312,310.092557,312.004691,308.117231,308.478787,310.145565,308.345414,302.937945,304.494903
2025-05-02 04:45:00,100.412307,100.543190,102.936411,102.370760,102.111734,102.399361,103.127783,103.150111,104.460624,105.266814,102.952214,102.177599,103.048260,103.863286,103.327972,105.952380,107.703815,106.386565,106.282647,107.575408,107.090873,105.128670,103.906568,102.774310,102.399598,106.961574,104.258513,105.213279,104.010698,101.597863,102.467203,98.891427,99.652489,99.962991,99.730256,102.444045,100.439802,101.936347,102.048962,102.136079,102.972494,103.271047,103.595261,102.764709,100.318258,99.394318,100.063406,99.559536,101.315230,102.081635,106.921757,110.487147,110.752211,106.095546,106.678289,106.617392,107.784572,107.620529,107.502354,106.823191,107.384620,106.424007,105.806891,106.394002,102.559347,103.383607,102.141712,102.993902,103.123378,102.132997,101.605275,102.417692,102.041980,101.676162,101.455144,99.704147,102.512446,102.537842,103.039483,103.093670,103.603529,103.350276,103.868753,103.906244,102.831573,103.792344,103.642291,104.545152,103.699302,105.267961,104.757767,104.584033,104.993258,104.819032,104.494038,103.411389,292.031494,289.155805,290.686783,291.206253,293.920468,295.621326,297.818678,296.943301,307.665549,308.800070,304.268773,306.297854,312.549366,314.253362,318.774087,321.868912,322.315005,322.867822,321.790591,321.221161,317.395689,312.545005,313.280713,311.239011,310.527527,312.186006,310.303689,311.126429,308.371539,303.656249,305.570474,306.563606,304.825859,301.947798,301.759651,307.248179,308.265282,305.484142,312.947857,314.442348,316.805139,312.036703,308.067851,308.553094,302.919743,302.751422,301.296396,304.695629,318.665539,329.130380,328.667396,333.333061,333.379965,329.473307,327.382882,320.372683,319.796335,317.784883,318.237195,319.857360,316.222790,311.464500,310.259046,308.851637,311.735499,307.988167,308.016949,311.448752,312.632888,317.747364,318.670330,321.583490,324.601871,322.174969,319.454602,319.919004,323.395135,321.128154,319.771306,317.182152,318.319119,316.341478,318.534155,323.014469,320.401253,315.534623,316.849242,315.156399,310.098330,309.822885,304.435600,306.732421,309.680042,304.504400,305.452177,303.101943
2025-05-02 05:00:00,101.780570,101.699614,102.493986,102.110315,102.487974,102.848947,102.775820,103.113902,105.703690,103.076635,102.121573,102.955530,103.691667,103.135503,105.949448,107.659836,106.305250,105.734385,107.135621,106.539287,104.508138,103.507269,102.578670,102.808024,107.016242,104.217369,104.970434,104.471015,101.777978,102.415807,99.539191,100.267504,99.610057,99.903670,102.526679,101.106403,102.208007,102.365531,102.157992,103.521210,103.914887,103.407209,102.777343,100.411802,99.820445,99.608767,99.786130,99.694106,102.329187,106.729201,110.672605,110.684037,105.946787,107.302243,106.721739,108.061137,107.522706,107.166594,107.037201,107.651139,106.433541,105.689183,106.818611,102.759485,102.162322,102.146753,102.787925,101.757390,101.428246,100.629137,101.535622,100.737436,100.606981,100.770023,99.015022,102.324907,101.729476,102.576874,102.004546,102.928040,102.597438,102.583529,103.956592,102.328223,102.736537,103.358831,103.740534,103.898762,104.518591,104.862356,105.437195,104.966298,105.305454,104.262865,103.099536,104.169134,280.325944,277.878734,281.987653,283.521001,288.915568,291.316757,297.160064,299.535911,306.152321,308.753872,307.182274,310.534172,311.104569,316.207468,317.564589,320.820209,319.751374,317.860325,317.029584,311.355047,308.551260,306.826846,304.350001,304.039358,306.108935,308.319028,308.151284,304.695189,304.100383,301.419919,302.363279,301.324590,299.079209,298.192508,303.933305,302.613195,302.836631,305.062564,310.529977,312.587963,310.180121,305.123928,306.175282,299.346992,297.261889,299.978074,300.327185,306.160779,318.249014,322.748481,330.345171,325.893194,324.933799,324.773492,317.902812,314.569425,315.151282,313.071670,314.535554,312.868220,305.370664,304.945764,303.679682,304.060455,306.594813,305.566577,303.642163,309.186505,310.618047,316.260273,316.565164,318.354700,321.375435,318.542891,317.620841,318.102898,317.745856,313.918304,312.925186,313.162571,313.027046,308.173997,316.300300,313.927779,308.714435,310.960694,310.801945,309.125495,303.569234,301.007124,300.198289,304.422500,299.508358,301.101983,302.203054,297.970127
2025-05-02 05:15:00,102.928741,102.986644,103.958811,104.254037,104.878205,104.717459,105.097097,106.597103,104.546849,103.544668,104.623637,105.420161,104.776741,107.673122,109.386913,108.135401,107.797600,109.020586,108.564806,106.484820,105.540636,104.538774,104.759192,107.986783,106.621562,107.073837,106.289946,104.079886,104.313767,101.446832,102.680191,101.902107,102.034840,104.330759,103.206682,105.109085,104.884972,104.819207,105.461968,106.445668,106.143020,105.244155,103.047225,102.480611,102.410217,101.862697,101.848262,102.154298,108.670223,111.917036,112.769469,107.908036,108.976329,108.745007,109.606964,109.750973,109.185332,109.180504,109.473751,108.493301,107.818607,108.597988,105.114396,105.072246,104.436504,105.562942,105.334892,103.696367,103.507922,104.221265,103.616147,102.426064,103.252978,101.877047,104.440797,104.568891,105.505973,104.864172,105.527018,105.268906,105.602500,105.969947,104.979213,105.772610,105.536247,106.219146,106.019606,106.794870,106.820022,107.780699,107.841801,107.852748,107.023818,105.184307,105.612580,105.980329,285.504452,286.981513,293.938197,297.167277,301.114208,299.467434,308.278460,311.355710,307.568149,313.443125,315.200242,315.712031,317.607588,321.351299,323.328180,322.130601,320.303992,317.856640,313.452008,307.106919,310.900183,307.053140,304.857352,308.084269,307.433324,311.039945,306.447893,303.626406,305.906877,302.735443,303.691412,302.645341,300.540478,307.263974,305.058904,303.372035,309.187936,310.266519,312.700619,311.576032,303.656499,307.681340,302.709513,298.218195,299.689469,303.574910,305.828087,312.388818,321.523571,328.503857,330.521633,320.543411,327.381989,319.686419,313.400248,314.284221,312.833953,315.423618,314.558836,307.230579,305.745234,306.061812,305.632787,304.806893,309.543716,308.797076,306.741924,313.060877,316.198160,318.568605,319.389992,322.401597,321.567631,319.725164,321.580154,318.187504,321.156649,313.556920,315.549045,314.229293,315.403612,319.095359,319.696365,313.492890,309.573516,310.796745,310.097966,310.423975,301.901041,304.267448,304.056188,302.206936,303.888732,303.372232,305.304473,303.782811
2025-05-02 05:30:00,100.296633,100.001244,102.101588,102.832143,102.646569,102.751964,104.231342,103.224939,101.419812,102.293667,103.217726,102.700831,105.634708,107.454599,106.171270,105.993743,107.172757,106.835744,104.776602,103.512129,102.534832,102.689194,105.821916,104.172488,105.135456,104.296230,102.043923,102.806698,99.512914,100.664210,100.365984,100.397527,102.817257,101.736462,102.736268,103.525354,103.176906,104.167125,104.559919,104.456067,103.423894,101.382055,100.862830,101.129027,100.101294,99.947743,100.674054,105.543055,111.120158,111.624627,106.660062,107.593715,106.755441,108.457512,108.354611,107.962744,107.751875,107.967915,107.105355,105.925148,107.771465,103.850475,103.643517,102.990237,103.275353,103.664798,103.041760,101.972059,103.166695,102.219991,101.673036,101.688519,100.379660,103.340302,102.819059,103.706011,103.440496,103.824387,103.548630,103.564904,104.757874,103.583406,104.273840,103.952312,104.301175,104.576376,105.779097,105.353574,105.543904,105.726790,106.194902,105.462840,104.401389,104.280910,105.071194,104.579702,279.868460,279.612608,283.880291,286.792399,290.752434,290.865558,298.835878,303.211178,305.683021,311.993278,309.882552,313.629871,316.913277,319.652381,317.749049,318.585156,318.753826,312.728176,308.376181,303.612369,305.108720,302.333715,304.191760,303.486854,306.964975,301.503442,298.195491,300.451930,304.349098,299.649847,300.683854,299.841755,304.031388,305.447655,303.643262,307.490749,310.958663,309.280620,309.590198,302.657380,306.292260,301.811679,298.646502,298.308957,300.261884,307.285492,308.499231,313.030475,323.218910,323.798650,320.195200,318.967179,318.379527,315.374519,312.832514,309.922895,311.794860,310.955749,306.110205,303.744556,301.755706,303.972023,303.502200,304.049510,309.398537,307.939156,307.156898,316.678085,318.205835,320.187003,319.500333,318.053597,320.150570,318.783092,318.735399,317.575105,315.665025,311.969013,313.993351,311.268576,318.675038,316.056917,313.082840,308.794643,307.993933,307.933400,307.522666,304.170106,300.159507,301.702778,299.637458,302.999315,303.673474,303.182659,304.323674,303.105809
2025-05-02 05:45:00,101.470471,101.692419,103.836082,103.853309,104.310132,105.683058,104.566969,103.694257,103.315689,104.125341,103.676174,106.258633,107.992891,106.762114,106.366165,107.886052,107.533337,105.454561,104.473758,103.451667,103.658898,106.780119,104.996147,105.586624,105.796742,103.196648,103.988944,100.785185,101.440841,101.194753,101.516267,103.721857,102.446631,103.829841,104.333665,104.714591,105.477326,105.736311,105.000683,104.603207,102.517991,101.747878,101.941199,101.961019,101.225471,101.413757,106.920131,109.173199,112.027157,106.943463,108.559323,108.004097,108.985247,109.114040,108.617315,108.762923,108.786299,107.726473,106.948403,108.009514,104.882588,104.277387,104.229793,105.043382,104.120802,104.009832,103.542873,103.857122,103.437480,102.534085,103.291413,101.112124,104.258189,104.173260,105.309138,104.470944,105.428699,104.564092,104.493520,105.501932,104.378714,104.832327,105.120954,105.248631,104.842789,106.626080,105.850976,106.754402,106.398028,106.975457,105.863607,104.451015,105.462753,105.976781,104.874350,105.893299,284.743164,286.919349,291.253625,294.141978,297.815088,297.305820,304.826522,308.784332,310.515353,315.236470,317.581000,321.061188,321.771624,322.548208,318.956909,318.035557,313.134527,306.816975,305.855208,301.310652,305.118460,305.407412,302.558513,306.059382,300.521318,299.769917,299.704332,301.809882,303.689743,299.969355,301.516637,306.471669,304.411645,305.188655,307.351296,310.756808,312.904663,308.817237,302.239447,306.991764,300.441926,300.815257,302.003798,302.388362,307.633495,312.037887,312.861857,318.962960,320.635961,317.979804,319.809827,315.179016,316.295556,314.921890,310.242735,311.576331,308.844410,306.472713,305.545222,303.695745,304.875702,305.096218,304.968084,307.483713,309.172615,311.498255,311.728852,318.182251,319.778289,320.911920,318.224011,319.475312,322.445202,317.893042,320.985004,316.867925,319.763593,315.612785,313.196180,316.750364,322.149695,316.517198,314.825993,309.856866,307.018029,305.867823,303.662799,306.091071,299.618687,299.943182,303.154161,305.167536,306.310711,305.422519,305.139053,307.274329
2025-05-02 06:00:00,105.015060,105.682545,106.747071,107.250424,108.603981,107.429752,106.492022,106.685500,106.685270,106.109691,109.067306,110.817956,109.337572,108.841023,110.346658,109.717967,107.699389,106.751312,105.706210,105.949492,109.002658,107.292882,107.789015,106.795728,105.887814,106.264501,103.469134,104.112913,103.516392,103.676628,106.567486,104.864183,106.729481,106.871086,107.110652,108.561859,108.808019,108.264467,106.993391,105.381412,104.341327,104.737494,104.026515,104.340211,104.366760,108.946551,111.815934,111.942164,108.725960,109.782709,109.838606,110.300952,110.251861,109.812106,109.792864,110.568629,109.409770,107.970946,109.274956,104.837034,105.336956,104.431829,105.929773,105.986135,104.705023,104.701039,105.952989,104.314146,104.415953,103.989401,102.579499,105.177497,104.893262,106.048619,105.271407,106.121805,106.158386,106.088731,106.775569,105.680276,106.167987,106.277795,106.634419,106.462539,107.615547,107.351188,107.969766,108.115491,107.614523,106.866791,105.359266,105.216303,106.072571,105.676971,106.950054,107.953211,291.978260,296.957475,305.593075,307.137764,308.638656,304.860185,311.966686,315.219714,315.215282,319.981581,323.123764,326.670051,324.029332,324.419803,322.846943,319.082450,313.821640,306.559766,306.755837,303.653436,310.104334,304.646351,305.396983,304.638966,300.224793,301.409800,301.602481,303.162975,304.522901,301.267466,307.062450,308.656249,306.591801,311.610785,312.608393,314.930227,313.147183,305.327220,308.549604,302.855619,300.845593,303.404185,306.793178,309.453986,312.938422,315.398418,317.898007,318.574032,316.684779,319.509906,315.806005,314.789971,318.016436,314.949247,312.729523,311.199145,306.047090,307.678083,304.866193,306.942596,305.992039,307.110651,306.970281,308.156920,311.252835,315.583839,315.398132,319.727430,321.996190,320.060787,318.084383,319.235539,318.898262,319.036897,317.314246,316.096115,319.372328,313.717663,319.906650,318.193686,318.447698,316.221857,315.045715,308.156977,306.479872,303.403927,306.037488,305.117592,296.862402,302.680719,304.144136,306.918005,305.516191,305.612597,306.828506,307.173139
2025-05-02 06:15:00,99.359912,99.305679,102.230407,102.934228,102.440927,101.739584,101.559628,102.634704,101.781512,104.587511,106.348258,105.469979,105.296587,106.844669,106.109139,104.328831,103.152222,101.745656,102.423223,105.426188,103.645762,104.055139,103.001141,101.364352,101.695672,98.312873,99.518328,98.813684,99.221893,101.422649,100.358514,101.826919,102.283320,102.544576,103.237341,104.333063,103.925309,102.771453,100.794557,100.122672,100.106156,99.913086,99.689658,100.341357,105.084101,107.061573,107.642005,103.180425,106.566095,106.239290,107.681836,107.236892,107.110103,107.245652,107.821419,106.550125,105.538892,106.237825,102.537836,102.440996,102.813901,103.369509,103.624376,102.618442,101.404604,103.687493,102.278048,101.152794,102.217094,100.498188,103.482338,102.602338,103.863851,103.187275,103.772339,103.421367,103.737123,103.932387,102.514736,103.325450,103.297825,103.691749,104.011067,104.253423,104.132370,104.995609,104.653457,104.767135,103.328241,102.308796,102.524039,103.379295,102.179498,103.450606,104.984834,102.929067,304.521813,306.176886,307.353511,305.747805,306.406223,304.318003,308.922825,307.975089,314.563391,319.145787,321.252346,321.559804,320.198994,321.640354,318.327138,314.709812,311.985483,306.052570,307.532353,309.571214,309.535516,308.530137,306.924495,305.389130,303.449588,305.044819,304.018093,304.512436,308.214791,309.028408,312.070374,313.832044,317.256495,319.395989,319.553303,318.230504,311.701711,311.391767,306.954741,305.782166,307.500671,310.336913,315.387904,315.927962,318.478008,323.090284,319.633594,320.158138,320.220935,318.539224,319.910669,317.461291,319.716280,318.595331,313.708082,308.504171,308.247499,308.348573,308.837800,308.418354,310.535103,314.127316,314.640488,316.064018,321.630230,323.689278,321.315918,329.013715,322.425525,321.111317,321.206773,323.255664,324.455408,323.367111,321.880304,322.042426,321.508439,325.441891,324.590587,319.482590,322.775796,319.316178,317.357343,311.731614,306.959913,307.590389,308.796749,306.200913,305.646613,308.870017,308.178933,311.304200,310.587587,309.852693,311.822120,315.595969
2025-05-02 06:30:00,101.015757,101.688367,104.395070,103.440416,102.586460,102.478460,103.716783,103.207461,105.349865,107.038620,105.960647,105.633279,107.113134,106.588299,104.666245,103.644134,102.549821,102.924639,106.041197,104.233339,104.772113,103.629677,102.040061,102.822614,99.843927,100.557750,100.220214,100.270635,102.688755,101.468518,103.402219,103.575436,103.812516,105.078388,105.498847,105.540903,104.342237,102.199129,101.119047,101.717210,101.219339,101.084361,101.584583,107.054768,108.963056,108.846900,105.321671,105.898965,107.115323,108.147591,108.275032,107.747693,107.747889,108.336492,107.135348,106.558025,106.982227,103.312015,103.073789,102.689796,104.178960,103.504637,103.657007,102.877433,103.551215,103.498670,102.417132,102.408599,101.291637,104.120881,103.880178,104.647464,104.222248,104.934903,104.528151,104.318169,105.126759,103.732444,104.116301,104.563687,104.620201,104.907132,105.699805,104.908527,105.389399,105.971261,105.791287,105.232787,103.039942,103.619240,104.368962,103.592086,104.453335,106.055388,103.765634,105.184453,309.419178,311.873390,316.890341,318.079078,320.896151,317.560239,322.081861,326.710527,327.210622,332.050720,331.910376,331.117037,327.455042,325.283480,323.345464,319.021758,316.189645,312.654808,315.415489,314.684600,317.017725,313.633518,309.967342,313.163648,308.476259,305.493092,305.924131,307.175229,316.303747,311.640619,313.643945,317.793295,320.802966,323.783152,319.251137,312.834797,316.011912,309.212097,308.164643,310.764907,313.107080,318.916835,321.675391,322.537086,324.300680,324.883166,322.299908,322.941527,318.642435,321.978880,321.289106,318.229526,322.894325,318.825091,307.681120,309.867260,308.328503,311.897542,310.814700,311.572127,314.660540,317.137767,317.976695,321.928249,325.987092,324.903745,325.005162,326.371978,324.615210,322.360564,323.086673,326.696042,324.355720,325.429892,324.820485,324.420658,331.169386,327.845731,325.989002,322.356613,325.556877,320.840895,318.602695,311.757729,311.126517,311.650426,308.143968,312.319512,312.614172,313.089074,309.586884,311.473518,316.856339,313.050860,315.130906,322.156411
2025-05-02 06:45:00,102.523013,102.869099,104.168164,103.147218,103.192827,104.327071,103.581426,105.031942,107.468268,106.289399,106.083759,107.680056,106.814780,105.008318,103.994609,102.856350,103.280319,106.308110,104.510270,104.939695,103.951978,102.239538,103.135375,100.964754,100.800822,100.054487,100.305250,103.072795,101.106972,102.841227,103.198732,103.303590,104.519469,105.256631,104.998884,104.742930,102.360980,101.517875,101.495556,101.420597,100.960924,101.476148,106.977227,109.502664,109.847030,105.470273,106.973388,106.231740,108.473502,108.488060,108.749610,108.214907,108.531574,107.873361,106.629290,107.877271,103.636224,103.528316,103.377207,104.291334,104.761788,103.523318,103.534338,104.434971,103.414926,103.092143,103.632490,101.149065,104.633574,104.391952,104.828237,104.407356,105.671433,105.195663,105.038167,105.742467,104.200228,104.595569,104.635739,104.750357,104.604579,105.956013,105.547450,106.198081,106.024749,106.559198,105.712884,104.466621,104.246218,105.478159,104.440241,105.513853,106.515024,104.586396,105.533356,106.244127,316.386652,315.656483,316.125146,317.362541,318.853871,316.011792,317.985387,317.884789,324.895838,327.089494,328.146759,328.756644,326.253314,321.740229,324.017116,318.643401,316.094815,319.326689,317.232162,317.531424,314.058863,312.218801,311.148538,312.648438,306.591023,305.694986,306.146745,316.131656,314.277087,312.319859,318.353287,322.126217,323.230233,321.970056,312.531439,317.920691,312.861793,309.090366,312.702899,316.152667,320.388896,325.306416,325.650663,328.318813,326.741332,326.609001,324.046756,320.398891,319.369784,322.995771,320.688824,320.516130,321.624134,315.546608,310.749588,311.069184,312.881173,314.234776,312.635272,315.389849,317.247449,320.376907,322.301473,325.466323,328.560269,327.203520,326.391249,327.209075,326.616101,323.269908,326.581077,323.310649,326.361968,329.208537,326.176076,331.843000,334.704564,328.029813,329.145865,326.315983,326.227326,320.967119,317.618771,315.511454,316.102085,312.111986,313.703236,315.254732,313.913650,314.205234,311.834270,314.780832,320.124989,315.900405,321.478143,321.764110
2025-05-02 07:00:00,111.307336,111.039024,108.242988,108.226144,109.517981,108.684432,109.871144,110.070434,109.891895,109.034613,110.817551,110.300645,108.241826,107.379624,106.414877,106.498630,109.260668,107.427561,107.949535,106.620084,104.978587,105.511769,103.244362,103.734502,103.336173,103.327065,105.996488,104.755436,105.756416,106.317625,106.514898,107.545984,107.865456,107.552762,107.402753,104.950212,104.133608,104.103227,103.820054,104.220441,104.517423,109.406518,111.916836,112.060871,108.091803,109.130426,108.268257,110.021504,109.608775,109.693187,109.507708,109.565000,107.584762,107.076464,108.417053,105.046592,103.910603,102.981995,103.294535,103.090568,102.769016,102.271755,103.858160,103.054760,102.590727,103.230613,101.461533,104.090487,104.179300,104.559753,103.717033,104.921779,104.269061,104.567687,105.319832,103.691625,104.030273,105.151154,105.356014,105.680163,106.404847,105.706816,106.541373,106.608833,106.885326,106.184425,104.640524,105.112496,104.868569,104.593000,105.598455,106.725915,105.050495,105.704226,106.392545,109.074527,322.100165,323.011377,321.759368,321.871649,321.156641,318.668696,320.962678,319.493623,324.521173,324.824405,326.912160,325.929953,322.383570,320.947792,322.627428,317.645915,318.634657,319.296533,319.283628,314.278814,313.508350,312.078300,311.882946,310.912800,308.415605,308.787735,315.137114,316.638550,314.559876,315.359890,319.288157,322.781497,321.069291,313.980285,317.508674,312.213974,311.935378,313.015883,317.639159,323.288361,326.894809,329.373815,331.329625,328.454352,326.269599,327.305671,323.370924,323.146994,319.114430,324.483479,322.558445,319.977833,318.517695,318.084162,312.123658,313.448762,313.422685,318.430393,316.131111,316.137714,322.184634,326.702884,325.079250,326.842843,328.194710,323.258693,321.858938,325.206094,324.218396,325.408711,323.107136,325.454790,325.891378,327.673355,331.294046,332.242950,332.817919,328.143162,325.447207,324.167791,324.610320,318.962904,316.568998,312.147593,313.473840,312.458848,314.381655,315.397576,311.315852,312.331288,314.156206,313.249206,314.104334,314.708967,314.224535,317.927902
2025-05-02 07:15:00,112.283338,112.364518,108.928736,109.993187,109.501323,110.639315,110.815200,109.543673,109.979659,111.282819,110.897373,109.047347,107.975703,107.051661,107.350489,110.143172,107.980546,108.507807,107.508963,105.436268,106.144901,103.920491,104.434441,103.844105,104.172977,106.357220,104.750835,106.654930,106.431595,106.763838,107.971067,108.557655,107.554542,107.531668,105.007207,104.587829,104.393769,104.067850,104.174521,105.009983,109.781622,112.445638,112.289610,108.129378,109.825933,109.311888,110.170879,110.524514,109.077089,109.433282,109.653128,107.602471,107.081678,108.767077,104.970840,104.019343,103.013936,103.338956,102.956563,102.479434,101.708119,103.342976,102.563191,102.239433,102.815891,101.486926,104.394868,104.059956,104.513383,104.046677,104.591326,104.072765,104.760516,105.313748,103.824723,103.830552,104.280733,105.583645,105.457418,106.548865,105.483502,106.318671,106.352203,106.600047,105.844976,104.467607,104.866480,105.514183,104.355537,105.713380,106.989277,104.875273,105.349033,106.066910,109.603684,109.549237,311.299999,309.160378,309.750898,311.726816,312.070559,312.954173,316.044648,315.465024,320.245587,321.918687,319.113112,317.405279,318.005490,315.770825,315.991929,317.499227,314.340642,316.314307,312.657292,309.346907,310.377110,307.386223,307.082447,307.556324,307.245678,315.230408,314.461494,315.408420,316.166947,315.354671,318.543396,316.902424,310.451512,313.148801,309.318430,306.610586,310.028380,311.643596,319.057099,323.000422,324.374878,327.827951,327.090537,323.561804,323.585202,319.518652,320.199649,319.191298,316.378600,324.026679,322.121668,313.447423,316.646691,314.021146,311.257093,311.686697,313.524149,318.221306,314.289465,316.819265,320.450750,322.502195,321.877729,321.982149,322.828425,319.065582,319.605404,320.265569,322.936811,322.190596,323.240773,322.425995,324.401566,331.972452,331.057891,329.890169,330.150262,326.141318,320.429146,318.993263,318.173570,314.936943,313.719834,307.477192,311.974510,310.932154,312.500299,311.859866,307.934647,312.414882,314.353132,313.010730,317.952764,318.672482,318.052022,317.383747
2025-05-02 07:30:00,105.089816,104.849884,105.780665,105.202521,106.445346,106.529412,105.592221,104.566929,108.520714,107.974887,106.101714,105.112999,104.037862,104.555758,107.507266,105.642355,106.213242,105.240617,103.458893,104.173802,102.023636,102.551900,102.007979,102.018908,102.668870,101.025557,102.193632,102.878531,102.652239,103.695593,104.744869,104.064715,103.358633,102.036168,101.199612,101.827355,101.155438,101.325808,102.011414,107.562814,109.189195,109.848130,105.256605,106.145429,106.024587,106.941188,107.020548,106.682141,106.809461,107.432006,105.655705,104.275264,105.864134,102.114772,102.056948,101.735710,101.908497,101.642002,100.914373,100.754400,101.740248,100.686943,100.944848,101.002025,99.626022,102.834142,102.652370,103.507289,102.763016,103.980635,103.356380,103.017523,104.745754,103.566204,103.510173,103.638747,103.550236,103.623507,104.881688,103.902850,104.584940,104.878163,105.128797,104.493498,102.569541,103.532068,104.233122,103.793603,104.043859,105.628439,103.565916,103.405430,103.504481,107.303711,107.260655,103.539923,304.310848,302.253811,301.641160,304.757710,306.377099,306.277844,308.710415,308.511171,316.266785,314.851853,308.092157,308.231854,308.460833,307.977447,310.340600,308.053255,306.794123,305.286274,300.833583,300.965868,300.510372,297.322190,299.616328,300.089472,309.284660,309.145789,308.274822,313.520143,313.309397,312.260192,311.412905,305.132027,306.738152,302.710967,301.225345,302.480580,306.788856,310.310597,314.050062,316.880208,321.063414,316.666631,316.485391,314.845945,310.308847,310.463947,310.696049,310.796555,314.348461,318.137447,309.975925,308.534622,309.653461,309.353920,307.136942,307.117570,309.899659,313.409011,314.528733,318.073380,318.660144,320.231660,317.654591,317.436815,318.472027,317.252668,317.702896,319.376743,317.645349,320.900443,322.478897,322.190740,329.628872,331.019766,325.815134,327.498313,327.365686,320.553943,316.701446,312.218530,315.492681,312.798436,308.119669,308.803089,306.818817,307.362980,308.226994,306.919378,307.234164,308.068679,309.289485,314.499527,315.205247,318.645449,312.281738,308.648015
2025-05-02 07:45:00,105.691888,105.762622,105.715181,107.012220,107.268477,106.240309,105.117628,106.458455,108.323855,106.496710,105.540291,104.400828,104.746130,108.013792,106.135749,106.656165,105.613442,103.777167,104.445699,102.249172,102.796606,102.290195,102.370154,106.123906,101.809608,103.208184,103.378817,103.678760,104.444713,105.161990,105.031120,104.015554,102.062362,101.975372,102.142304,102.211647,101.621813,102.513896,107.411983,110.396849,109.826000,106.351775,106.735016,106.362552,107.968493,107.466283,107.561378,107.480348,107.170767,106.021017,105.149722,105.774843,102.424341,102.179490,101.985342,102.822395,102.603599,101.680229,100.922977,102.110144,101.405442,100.672769,101.491940,100.041527,102.887519,103.128278,103.835040,103.369710,104.323592,104.036523,104.024917,104.620784,103.694707,104.135765,104.259321,104.164118,104.128980,105.069587,104.466600,104.934105,105.166143,105.618068,104.581166,103.417314,103.940258,104.842221,103.834526,105.258143,105.914252,103.830690,104.168704,104.466460,106.931391,107.676554,104.593522,105.191036,304.200853,304.805075,307.164044,308.524714,309.084280,306.006727,309.006287,308.597068,313.517497,312.618903,307.291916,307.090279,304.063868,309.233681,309.480172,307.893693,302.741730,301.664273,300.867199,298.053860,297.494971,296.968234,298.495403,299.506710,309.193312,309.020773,311.406338,315.741460,314.766736,309.121857,304.264059,306.042821,301.829771,299.179539,301.698982,303.590320,310.428854,313.278668,314.658260,320.893063,316.300191,312.365346,315.862762,311.590350,309.555976,310.162839,309.663033,311.579566,311.443062,309.174722,308.461996,306.103727,309.169605,308.535402,306.176317,307.976658,309.019662,315.658011,315.196399,318.599199,318.672920,318.986287,316.714038,315.616166,318.071944,317.522753,315.770777,315.057471,316.365029,320.004318,317.583179,324.373492,325.742131,324.259485,321.466294,322.606693,322.799298,314.778189,311.815986,311.140771,313.969160,307.227876,309.112233,307.500322,307.377260,308.354575,307.998676,308.932850,304.191275,308.120574,313.000528,311.273291,313.694543,316.088844,310.067530,307.555389
2025-05-02 08:00:00,104.519972,104.691272,106.102775,106.231912,105.258603,104.255550,105.473294,104.906334,105.807551,104.897262,103.815270,104.225774,107.214123,105.526145,106.055786,104.986715,103.089148,103.805176,101.713089,102.184861,101.703126,101.825053,105.655722,103.017178,102.591415,102.683861,102.465380,104.111260,104.366464,103.872932,103.768892,101.499669,101.040261,102.030313,101.542293,101.689517,102.069176,107.380629,109.902093,110.141665,105.084342,106.658335,106.160432,107.137967,106.926770,106.350990,106.979189,107.113505,105.238166,104.543982,105.905905,101.724249,101.752608,101.365440,102.212468,102.197587,101.137683,100.168972,101.388208,100.527301,100.152703,100.827636,99.596015,102.168941,102.034251,103.133253,102.963819,103.375612,103.376354,103.473577,103.955673,102.761789,103.577856,103.685394,103.763867,103.895736,104.654687,104.073095,104.686859,105.195153,105.395198,104.338375,102.874550,104.127260,104.337280,103.978502,104.422687,106.376823,103.256094,104.085811,104.175289,107.032563,107.164029,104.308620,104.967452,103.816791,312.509278,313.892599,313.620721,314.165245,312.290505,308.581518,312.185694,308.574852,311.814145,310.177243,307.720658,309.915887,310.353056,310.706091,313.449677,307.613367,303.578712,305.978033,305.138630,300.346937,302.569082,298.980180,305.095711,304.206508,307.829204,310.858643,315.838458,318.916344,314.035043,306.356178,307.694909,305.172281,302.449107,305.497439,309.413501,313.278575,319.444086,321.170827,325.822990,324.678527,320.726781,317.778567,316.334686,314.781611,313.559337,314.834945,315.602379,313.551801,309.008664,313.217303,311.881240,311.494154,314.456780,314.041776,311.994117,313.137279,314.007913,320.574192,320.447661,323.444091,322.490606,321.489697,320.250145,321.670573,322.837453,322.325401,320.535465,321.592854,322.877976,323.416000,328.527142,330.906813,330.869774,331.257186,328.632311,326.965865,327.183922,319.252025,319.327100,319.419728,316.809406,313.303599,316.657185,314.505882,313.269910,315.026824,317.401462,316.961376,314.408543,319.793046,319.472644,321.724825,322.530806,319.259650,317.466748,314.305608
2025-05-02 08:15:00,107.257383,106.987118,108.326004,107.085895,106.014375,107.329837,106.463056,105.658825,106.023904,104.899676,105.313269,108.388526,106.491555,107.157105,106.069057,104.254160,104.565818,102.383024,102.905915,102.105109,102.298579,106.275731,103.549644,105.828101,103.823708,103.379166,104.534778,105.555062,104.607884,103.723325,102.330213,101.242936,101.039074,101.513333,101.162780,102.375514,107.187961,109.997579,110.072623,105.793454,106.571967,106.426557,107.415723,106.949730,107.171703,107.241404,107.603910,106.289968,104.343880,106.355092,102.708015,101.925468,100.912853,101.532319,101.470708,100.989339,99.958031,101.196563,100.301383,99.562939,100.269614,98.737487,101.984014,101.746955,102.861142,102.350623,102.923378,102.560775,102.916697,103.659462,102.336025,102.801958,103.626263,104.057844,104.286128,104.914522,104.024953,104.701845,104.961250,105.180159,104.457958,102.892066,103.318247,104.902183,103.962576,104.946138,105.985975,104.161336,104.080982,103.880373,107.136060,107.308831,103.786157,104.975625,104.258562,105.096670,332.744203,333.898298,332.520490,329.558030,322.344018,320.717877,320.364609,316.264358,316.332739,316.315689,312.543548,319.207967,317.971153,320.442422,317.514993,313.312880,311.862906,310.355912,309.242967,307.256233,310.104378,308.402193,313.533171,312.643380,316.792921,318.788624,319.690267,317.921047,311.237811,311.390828,307.269573,303.577147,305.997145,309.277949,314.768383,318.544307,323.245306,325.745646,323.848153,319.530919,319.943975,315.740485,317.208224,316.422822,315.149161,315.039036,312.221948,307.556771,308.421688,310.316950,310.097421,310.494860,316.703827,316.896063,314.294033,315.882702,319.437555,325.592165,324.890049,327.411601,324.189036,326.119130,326.175980,326.365622,328.231975,322.537035,323.559758,322.619528,323.097774,330.573424,330.861819,326.478134,328.899811,331.097651,327.904733,325.887216,323.344190,321.221555,320.010156,317.094393,316.628998,316.642499,315.289055,313.415371,314.389917,317.178134,319.794353,319.410040,321.853892,322.207306,322.858838,323.059467,319.434099,322.982447,318.792626,314.142479
2025-05-02 08:30:00,105.110267,105.287068,105.231051,104.257756,105.609355,104.879405,104.003489,104.104187,103.481418,103.941891,106.903000,105.154520,105.715342,104.745871,102.835050,103.508951,101.195536,101.698707,101.159792,101.284891,105.165651,102.667695,104.775892,105.033760,102.685695,103.390265,103.782794,104.109881,102.899362,100.786419,100.456456,100.387526,100.001860,99.953079,100.660599,106.636538,108.552540,108.902934,105.078796,106.343161,105.369189,107.099064,106.239661,106.497183,106.506182,106.942624,105.467909,104.335419,105.211478,102.257514,102.034614,101.273387,102.532633,101.858836,101.812983,101.203197,101.892435,100.755038,100.345607,100.673471,99.522773,102.357363,102.534657,103.134815,102.704075,103.550426,103.237690,103.137164,104.276619,103.605864,103.444671,103.565672,104.088201,103.975586,105.008531,104.112913,104.697288,104.849250,105.091427,104.096676,102.738366,103.105439,103.906651,103.421151,104.195694,105.718594,103.493290,104.425964,103.853799,106.994710,107.085736,103.781199,104.560572,103.865431,104.798885,103.551102,335.261363,336.726772,338.120263,338.562747,341.523801,336.595787,337.690728,336.954572,329.225849,329.504144,326.867617,328.920757,327.885394,327.938345,323.645588,320.456479,317.724257,315.700969,315.582243,313.526533,319.302569,315.395936,319.423973,322.230499,322.875496,322.724056,319.233637,312.324995,312.525234,309.334255,306.028765,307.073944,310.478322,316.631620,321.604433,321.259480,329.117653,325.089234,320.175348,320.471187,315.745625,316.789337,319.159391,316.968466,318.221518,314.789876,307.148637,307.279212,308.480814,311.376353,313.345999,313.902029,319.970383,317.431215,317.867505,317.578087,321.557393,328.232694,325.570450,326.169941,323.209569,325.790243,327.619916,326.938462,326.553089,326.955574,324.896476,322.715645,327.889644,332.515323,328.970172,328.029390,326.539498,328.150318,323.967544,319.563083,319.472941,316.474097,314.076634,316.460730,316.296137,318.341196,316.578249,311.873939,317.399830,315.913359,319.614145,322.140046,318.806039,321.756347,317.350203,318.027557,315.734666,317.276248,310.003252,318.812718
2025-05-02 08:45:00,102.373156,102.342085,102.326903,103.457947,102.907751,102.020708,102.155929,102.593669,102.231965,105.444207,103.670683,104.146980,103.154279,101.620629,102.315594,100.041537,100.573806,99.886305,99.972425,103.741280,101.296542,103.413406,103.909779,103.738085,102.498954,102.725960,102.628042,102.363885,99.862626,99.239490,99.917355,99.652738,99.424979,99.584351,105.122591,108.270507,108.310200,104.626222,105.693948,105.449304,106.290111,105.917292,105.948934,105.519969,106.199227,105.032472,104.780039,104.852161,101.429913,101.683662,100.861063,101.925951,101.663483,100.855496,100.439261,101.879549,100.509433,99.493324,100.475300,98.905157,102.155367,101.972173,103.080658,102.370048,103.310718,103.427586,103.041204,103.837063,102.726777,102.885320,103.429889,103.443872,103.360271,104.218125,104.153401,104.503267,103.871317,104.502368,103.637365,102.499616,102.710968,103.528783,102.541159,103.935705,104.967779,102.997384,103.523909,104.117804,106.348200,107.052711,103.562648,104.410713,103.496252,104.293405,103.938846,102.706593,333.463148,332.101514,331.053963,329.997255,325.438061,321.840774,319.845722,315.068182,315.321648,319.218676,316.980598,321.884172,319.576585,318.526521,317.314273,313.778742,310.548956,311.882724,312.530692,311.760904,316.305753,312.953077,319.888200,320.331065,322.128575,318.478762,312.150869,313.765393,307.375392,305.938985,306.767358,309.139407,314.193875,319.361237,323.692796,328.493446,325.984646,322.465029,323.337686,320.300428,319.539724,320.957501,321.088146,318.679229,318.678506,311.281851,310.012792,308.134104,308.045019,313.323115,315.205194,316.656910,319.230388,321.034712,320.627529,321.089351,323.815939,327.625770,326.223363,325.512282,325.719780,329.112377,329.185726,324.438999,326.359190,326.638955,325.146876,327.239894,328.970245,327.678367,328.532688,325.017585,324.126222,326.432477,320.546955,318.583151,316.669287,309.676148,310.778858,314.180089,313.613711,314.473976,311.392621,312.398455,315.422186,315.289948,323.941092,319.756475,319.211352,321.313926,314.004307,320.046983,318.794850,316.601795,317.444083,323.959310
2025-05-02 09:00:00,103.482063,102.761606,105.073522,104.417929,103.570332,103.593490,103.865196,103.381326,106.387027,104.693233,105.434688,104.375917,102.714487,103.704657,101.417811,102.009804,101.536061,101.533947,105.541967,102.664547,105.152548,105.636517,105.586248,106.512388,105.387002,104.143564,103.650425,101.601718,100.710100,100.994323,101.522769,101.293460,101.752932,106.396423,109.468584,110.285956,106.038701,107.327700,106.710980,108.425735,108.174233,107.917486,108.017184,108.429022,107.166420,106.342478,107.189102,102.478526,102.674225,102.726882,103.706344,103.102246,102.610032,101.787084,103.025390,102.254774,101.506034,101.462231,100.176682,103.191616,103.008367,103.885098,103.658510,104.050559,104.542347,104.304117,104.741173,103.624673,104.309273,104.275741,104.200978,104.200406,105.517558,105.005523,105.726704,105.832006,105.505391,104.900379,103.422365,103.727198,104.522585,103.410625,103.820096,105.766685,103.176270,104.222906,103.640613,107.946009,107.213413,104.781036,105.310560,103.980973,105.023555,104.172643,103.553146,103.715568,337.155457,336.377808,333.389607,330.209641,323.186536,319.915192,319.004286,318.500609,320.676276,322.961556,321.841526,323.017997,320.581639,322.339724,321.348716,316.103568,316.313963,316.422016,318.586307,317.379749,319.605830,319.321772,325.215825,326.010736,321.382388,313.470156,315.376030,310.576197,309.020787,312.582048,316.154957,319.616183,323.869458,326.128958,334.513996,331.742579,326.634908,326.727834,321.769027,321.992443,322.902395,323.218860,324.205098,320.691276,317.244296,313.020793,309.562323,310.721294,310.262944,316.689071,319.593033,316.455248,322.073168,325.653086,323.156425,323.734311,325.022409,325.273617,325.403532,327.070644,326.337514,331.445028,329.013794,329.115226,330.868815,330.374150,331.817391,331.903362,330.307308,324.813809,329.869507,326.107838,323.169156,319.482623,321.057466,318.635965,314.214983,310.673706,311.083428,314.055606,309.888867,308.670924,309.624035,307.747868,315.782131,318.277625,317.821463,316.429877,318.083501,319.068334,318.238441,318.112224,318.886043,323.464469,323.206569,329.806905
2025-05-02 09:15:00,103.052775,103.642767,104.738651,103.845882,103.993420,104.215241,103.820954,104.725097,104.875697,105.493429,104.419850,102.826221,103.545064,101.477520,101.870233,101.441225,101.575871,105.366702,102.520430,104.856076,105.350807,105.440038,106.302226,106.519872,104.774479,103.413933,101.721793,101.322998,101.096742,100.719022,101.221921,101.935444,106.911583,108.993830,109.545468,106.221231,106.968741,106.972277,108.096200,108.201440,107.584310,107.539935,108.420378,107.265744,106.532655,107.400808,103.124130,102.624968,102.321399,103.265219,103.555773,102.747669,102.121363,102.944124,102.592169,101.823943,102.252886,100.111698,103.703318,103.332145,104.477317,103.797309,105.126593,103.796395,104.524170,105.252812,103.919900,104.254860,104.920212,104.883672,104.559128,105.569725,105.264291,105.621685,105.674681,106.200013,104.908218,103.539674,103.864669,104.442232,103.832905,104.632887,105.465642,103.772980,104.316422,104.482754,107.105425,108.307746,104.107050,105.491382,104.513018,104.921225,104.738703,103.571747,104.556854,103.785782,336.072702,336.777366,336.195867,336.981520,335.468416,333.349011,333.306274,333.750429,329.774041,330.702670,325.686109,325.485671,325.003446,326.913679,323.196694,319.796493,319.166578,321.401005,320.820040,319.384262,324.067614,325.688769,327.459894,326.225954,315.803813,314.451958,311.782961,309.235156,310.738649,314.018077,317.510156,321.722818,324.873412,333.175860,331.027578,325.148738,324.868196,320.696923,320.275115,318.591446,318.356431,319.698055,320.121531,313.008162,314.848287,310.016767,309.145624,307.330668,308.212818,316.817941,318.098226,317.534054,323.976866,326.490830,325.614612,323.616953,322.677941,325.861358,325.654248,326.023187,323.344815,327.168586,326.324012,326.028503,325.790595,331.471122,328.925940,325.163907,327.358562,323.917380,325.938031,320.570312,316.414085,317.730169,321.062103,314.233684,316.305737,313.233009,314.766613,313.284660,310.966766,312.017358,312.105323,310.802458,319.706940,317.330238,321.153199,318.700500,315.916833,320.125450,314.704986,315.547211,322.556145,323.317040,322.277931,325.389827
2025-05-02 09:30:00,101.740207,101.302214,102.095752,102.112084,102.408138,101.991978,102.884921,102.504156,104.162703,103.219305,101.700212,102.533192,100.359996,101.136075,100.555493,100.723540,104.803145,101.801416,104.166942,104.601279,104.602468,105.573098,105.902782,103.496362,102.922338,100.462605,100.073011,100.530153,99.862814,99.827032,101.361625,106.585447,108.868895,108.925791,104.978392,106.452238,106.076812,107.537300,107.100532,107.243096,106.689734,107.283808,106.132948,105.312223,106.506662,102.142255,101.765606,100.495738,103.392151,102.917842,102.451581,101.721502,102.763119,101.920430,101.356012,102.058342,99.700315,102.735916,103.208358,103.768107,103.621061,104.481716,104.201495,103.650799,105.084456,103.949870,103.932555,104.137647,104.324214,104.243900,105.259734,104.955717,105.632555,105.067994,105.928227,105.144531,103.354727,103.346215,103.925986,103.017797,103.965469,105.392036,103.081553,104.452563,104.003013,107.615445,107.284742,104.509918,104.981506,104.191494,105.058928,104.089913,103.930911,104.291085,104.441246,103.432104,335.228405,334.506061,333.319017,331.564583,326.953010,325.614155,324.797184,323.104834,321.856044,321.537495,317.135056,319.380300,318.058499,317.164160,316.311957,313.726336,315.704750,316.730705,317.234244,319.070969,322.893294,324.486203,322.068157,320.804988,314.134812,309.594978,307.387451,307.971287,311.142759,318.270602,320.981138,322.327260,330.466857,330.572222,324.401960,324.908439,321.191837,319.982441,319.028450,317.173767,318.333538,317.281921,313.248234,311.782758,312.387234,308.675573,308.326065,307.557608,310.840084,315.656620,320.373435,321.518659,324.826414,327.470149,325.159360,324.263296,322.181980,328.767348,328.007389,329.583856,325.634217,331.682159,329.050473,326.668116,332.724292,333.387830,326.713220,327.957142,325.830654,322.445788,322.909269,316.589345,317.365696,319.328330,316.903877,318.847222,317.180823,312.464191,313.378043,314.811820,312.878963,315.440705,314.714530,317.148530,317.624539,322.605856,324.430767,319.397284,321.132812,321.766221,316.628673,323.132948,326.483714,328.414396,325.245923,323.095861
2025-05-02 09:45:00,102.698978,102.114259,103.472709,103.732620,103.324000,104.171136,103.691515,103.991037,104.220278,102.635514,103.543844,101.373875,101.822669,101.471104,101.503124,105.568915,102.813209,105.092620,105.399124,105.435658,106.328988,106.646961,104.148992,103.970721,102.175500,100.455885,101.650193,101.094810,100.699310,101.627031,107.329453,110.338639,110.504352,106.002995,107.123535,107.272776,108.636220,108.444242,107.962227,108.334050,108.039849,107.144254,106.539209,107.375414,103.319435,102.773198,101.820211,102.864154,103.407672,102.808309,102.660648,103.320418,102.524515,101.639934,102.309644,100.826205,103.492546,103.403345,104.375088,103.879151,104.863906,103.969185,104.382177,105.137211,104.376304,104.514873,104.284255,104.843964,104.762205,105.542594,104.992150,105.338645,105.581525,106.018599,105.527056,104.117981,104.094220,104.359346,103.729080,103.913700,105.593231,103.450108,103.869057,104.553839,107.207961,107.874073,104.681360,105.821612,104.361553,105.579878,104.719608,103.380154,104.751835,104.894470,104.007970,103.960488,335.581091,334.324531,331.987230,326.652472,322.455011,322.262104,320.557181,320.587661,318.760020,319.692166,318.234595,317.043467,317.733510,318.319118,318.320199,317.245794,318.720737,315.923194,319.829556,321.457536,326.090190,321.719527,319.964875,320.985783,308.868126,306.433038,309.229128,310.668226,317.534561,323.367789,326.140619,330.359485,330.597679,324.451980,325.695713,322.875119,323.160319,322.002603,319.195051,320.972043,319.344925,315.092322,315.172346,311.669728,314.014737,310.889021,310.789765,311.029285,315.664986,321.555737,325.780420,324.224273,329.414556,327.762735,322.760156,323.031039,324.882773,327.849615,328.881079,328.325109,327.233927,331.973227,330.158826,333.118264,334.287025,332.364455,328.802742,326.444169,324.843413,320.258058,320.623289,322.628801,320.101981,317.590410,319.257311,318.169048,317.358006,317.819350,316.012832,321.380275,317.473773,316.072676,322.575702,319.991902,318.855204,323.324826,322.868496,321.603489,320.552066,322.375950,326.051968,328.835264,330.365506,327.699229,326.770958,328.471261
2025-05-02 10:00:00,103.133935,103.922950,104.223473,103.598914,104.395405,103.902489,104.143971,103.925441,102.758258,103.714083,101.572314,102.071677,101.527453,101.636903,105.435004,102.668191,105.132390,105.491776,105.351765,106.276491,106.568119,104.043593,103.859566,102.092191,101.038083,100.414889,100.787570,100.709844,100.896951,106.825274,109.753542,110.200523,106.172760,106.820457,106.772122,108.221174,108.263541,108.227264,107.869801,108.518798,106.944170,106.733756,107.460934,103.312308,103.319957,102.398314,103.170433,103.101611,103.027131,102.280756,103.693123,102.781389,101.764265,102.176959,100.960955,104.117557,103.499428,103.869387,103.918170,104.472205,104.226642,104.007115,105.172152,104.032454,104.606374,104.285685,104.559755,104.323044,106.088706,105.038666,105.467947,105.399823,106.131575,104.958323,103.800680,104.399489,104.367047,103.511985,104.060840,105.301224,103.063914,103.870211,103.657763,107.947559,107.464640,105.083991,105.509736,104.948872,105.250024,104.672846,104.336723,104.004349,104.704745,103.851196,104.716971,103.796748,336.557046,334.400767,329.245608,326.330761,323.208814,319.130690,319.624891,320.190536,316.241393,319.451025,315.606625,313.630757,315.727155,316.588191,316.420536,313.558784,314.564473,316.035537,320.602703,320.599651,320.730462,316.409485,319.004994,317.665408,306.875534,310.385519,312.318290,315.550864,318.723450,323.443809,327.936062,325.873146,319.593430,322.317512,318.831345,318.523220,319.050230,315.408617,316.259318,315.134775,307.345984,308.251246,307.840700,305.864132,307.949042,305.960557,307.223638,306.698510,313.341200,321.168886,323.395430,321.459070,327.440333,324.852767,322.430282,323.510515,324.438967,327.999529,325.132702,328.148290,324.825195,330.114126,332.157922,332.101968,329.556305,329.619277,326.874715,322.136488,322.037200,315.419590,320.892074,318.996492,315.473836,318.028849,316.787344,316.702618,314.975530,313.284185,310.923511,314.216468,311.927791,313.411109,314.218217,312.759913,317.485312,314.674599,321.942223,320.199207,317.365288,326.348906,326.615957,330.536450,326.719542,324.501705,322.400570,320.243510
2025-05-02 10:15:00,103.899069,104.045717,103.688696,104.542137,104.074886,104.325199,104.201613,103.934929,104.146176,102.066199,102.636058,102.187337,102.281084,106.389985,103.386164,105.919306,106.381252,106.251009,106.974959,107.269668,104.907908,104.698816,103.032213,102.516775,101.827650,101.234297,101.412735,102.484969,107.106850,109.771424,110.525043,106.674596,107.309202,106.619525,108.060994,108.311992,107.859355,107.954866,108.256877,106.681207,105.764296,107.286588,103.058557,102.878953,102.175592,103.346626,103.110198,102.379427,102.757798,103.485572,103.165227,102.364341,102.649529,100.876937,104.271330,104.340410,104.588380,103.741112,104.722373,104.468732,104.750953,105.060455,104.371701,104.332506,104.645055,104.844266,104.534636,105.649148,106.023359,105.720048,105.878868,105.946535,105.761931,103.967496,104.635590,105.223487,104.093045,104.768243,106.031589,103.558622,104.400351,104.671829,107.455523,108.477235,105.028171,106.309614,104.785343,106.172508,105.115756,104.569520,105.612426,104.685324,104.221432,104.926300,104.784392,104.156209,329.271308,323.513617,318.902568,315.457719,313.361072,311.809083,312.446149,309.767205,311.849862,313.136145,310.853975,309.782921,311.976198,314.215603,314.341900,312.098352,316.312372,314.862369,318.262498,316.491319,317.021964,315.266579,314.303000,313.587347,307.644902,312.430794,316.119304,318.131494,319.107089,326.615764,325.087297,318.042572,318.817574,317.455062,317.521706,316.499993,315.461460,314.494104,313.315704,306.765696,304.439541,304.097890,306.413447,303.716832,306.496816,306.051551,304.899078,306.846894,319.860808,324.574961,325.487493,324.254173,326.067143,324.756833,323.421579,323.774056,325.173018,326.123709,328.395484,330.327603,326.126235,335.620441,335.719018,331.008445,329.842304,330.390978,325.482835,321.793701,319.966845,316.800629,318.985729,314.915996,319.552286,322.014689,318.097241,317.897170,313.152179,317.911474,317.010102,322.723544,322.724346,317.020254,320.574249,323.054011,317.683978,321.850305,325.820242,320.378178,326.320755,332.970079,331.614110,332.471033,327.245408,325.646660,320.138040,312.182091
2025-05-02 10:30:00,105.470924,105.689952,104.965801,104.441007,104.578764,104.511409,103.934960,104.535933,101.578576,102.088160,101.524402,101.638315,105.527395,102.672080,105.045639,105.447145,105.341161,106.078082,106.237855,103.821341,103.604195,101.847037,101.235004,101.777100,100.585301,100.021333,101.021042,106.377512,108.767080,109.387620,105.644476,106.935152,106.354913,107.399837,107.131392,107.434306,107.331511,107.491907,106.167042,105.217040,106.021108,102.025087,101.684448,100.844026,102.046715,102.198153,101.219489,100.947723,102.235661,101.341887,100.995880,101.390930,99.789847,102.118313,102.411769,103.479398,102.522691,103.020690,102.940658,102.653718,103.837882,102.762488,102.882131,102.952443,104.214023,103.744623,104.606839,104.123589,105.438729,105.044310,105.770932,104.847661,103.225941,103.705533,105.010423,104.002889,104.624970,105.664593,103.753646,104.069525,104.298920,107.528883,107.404340,105.108232,105.772406,104.801887,105.034001,105.069713,103.447634,104.609670,105.359371,103.414661,103.963983,104.244584,104.254396,104.469260,334.031141,328.958348,327.170165,321.396661,319.590281,316.749236,315.490663,313.096412,313.127311,315.680191,313.418955,312.471539,314.584135,315.405336,315.756471,317.633635,320.210061,318.871852,319.337773,315.839599,317.432841,313.581082,314.138619,315.054415,311.678439,317.571974,320.645664,319.316455,327.540114,327.252910,325.790367,324.722165,316.735266,318.531925,318.194741,317.984713,319.189471,315.995191,310.501627,307.733885,305.107979,306.751993,308.741234,306.941852,311.427320,308.882022,310.564318,312.278457,319.534867,325.132980,323.229472,322.330755,323.466153,323.339035,323.357374,325.685037,324.431613,327.499634,327.499917,330.881649,330.709423,336.496786,331.679138,330.875106,329.630280,328.921169,325.000731,319.666880,318.985048,315.654947,315.959273,317.878812,319.942606,323.150385,320.941347,317.321210,317.849543,321.426966,321.771321,327.374532,322.464107,317.290782,321.329001,316.694922,320.022744,321.756658,324.342809,325.559243,328.105939,334.734048,330.021500,330.459970,326.167898,322.565984,312.964440,311.612873
2025-05-02 10:45:00,101.995878,101.892396,101.163478,101.256042,101.198845,100.750668,101.397031,100.961344,99.418753,98.852833,98.906709,102.792421,100.117586,102.270228,102.570407,102.578874,103.303018,103.549512,101.004300,100.751220,99.079857,98.395310,98.887002,98.678514,97.474932,97.945790,103.351594,106.006054,106.094901,102.252219,103.726009,103.208634,104.325094,104.353252,103.944973,104.055790,104.261954,103.240216,102.686397,103.010784,98.852365,98.933817,98.093940,99.081271,99.206629,98.609339,97.637727,98.929274,100.130251,99.401973,100.074989,98.348069,101.511904,101.104856,102.171612,102.029212,102.152166,101.611255,102.106644,103.067251,102.451512,102.061056,101.979545,101.951795,102.989293,103.962048,102.588639,103.069541,103.558069,103.757778,103.229165,101.644826,102.340864,102.691000,102.597806,103.830378,104.050062,102.052281,102.743285,102.192387,105.406620,105.917801,103.099656,104.278419,103.124704,104.312925,102.722637,102.487184,102.712429,103.397558,103.010492,102.316391,103.401848,102.923400,103.475859,102.214750,322.069978,319.569751,318.702506,316.513612,315.694015,313.732199,313.075978,312.358964,307.592854,311.079580,309.286767,309.321512,311.584238,312.147572,314.513687,313.822009,315.278355,311.202370,311.201293,311.171548,310.346193,308.548676,309.666824,312.668624,313.428281,320.042910,319.420208,325.673081,326.544441,322.599959,325.036694,319.654166,318.399186,318.499230,315.924545,317.469334,313.109896,305.461870,306.413699,301.140372,300.967654,300.740867,304.796676,303.681018,306.393893,306.487480,309.553867,312.389246,319.451583,322.639845,320.198452,319.915471,322.813224,319.841308,322.210147,321.014367,322.894792,326.012712,325.850528,333.936919,331.207041,331.506399,330.129661,329.102212,325.485712,323.390439,318.943262,317.048914,316.629256,313.580042,315.822694,316.553375,318.643764,317.909153,317.537208,319.538044,318.166153,318.713038,321.746067,321.782007,318.890728,317.382976,318.569783,316.200468,320.883695,317.328727,328.707793,327.690941,331.246444,333.223563,328.091336,329.181358,322.692104,316.136936,313.158994,308.311194
2025-05-02 11:00:00,99.708547,99.681282,99.767205,99.818594,99.387963,100.254266,99.930659,99.729365,97.856290,97.875512,101.568523,99.094429,101.440901,101.664501,101.600396,102.371164,102.577390,100.305726,100.051658,98.319842,97.890408,98.044262,97.650895,98.218864,97.788978,102.823856,105.216824,105.969001,102.089361,103.273909,103.064561,104.906262,104.368366,104.572984,104.599349,105.001842,103.610356,102.988009,103.929722,99.067529,98.859454,98.575604,99.287204,98.780406,98.625919,97.865981,98.944150,98.538913,99.540460,99.573217,98.716278,101.347330,100.841154,101.304940,101.209090,102.287140,101.384471,101.824314,102.823542,101.360901,102.050362,102.140182,102.411684,101.962530,104.035792,103.234685,103.573479,103.253957,104.218787,103.200580,101.570580,102.495067,102.840676,102.253072,103.511216,105.201767,102.074412,102.297372,102.374312,105.245444,105.743659,102.550942,103.916912,102.941782,103.853102,103.383727,101.708963,102.506432,102.861070,102.330589,103.228260,102.130269,102.970284,103.104586,101.330504,100.971368,304.982148,301.134757,302.735581,299.143303,298.826909,298.326610,297.715528,297.147455,299.847271,300.763182,303.686842,303.504751,305.476849,307.994969,310.255980,308.472125,308.821874,307.759834,307.731455,304.890365,303.905848,303.005458,305.922343,309.183191,314.487774,320.754595,325.282413,324.103564,321.758837,320.691004,320.752753,318.969121,316.778241,316.924810,315.825929,312.034664,306.463489,304.274227,301.117188,300.822398,298.805195,300.549609,302.720416,300.829484,304.844525,306.716814,308.981125,310.725189,321.731828,321.206184,319.589150,319.672103,321.158041,321.846153,317.692595,321.728461,322.039632,323.343397,329.617970,331.939718,323.555605,327.159119,324.044954,323.714716,319.822523,316.442311,314.925725,313.955713,310.471945,313.396855,318.309189,317.906498,319.892075,318.838323,320.855068,320.100748,320.968380,321.589638,322.723453,325.263364,322.760002,318.892201,326.497077,322.752219,324.445875,328.684861,337.762216,335.371064,334.740628,333.805715,330.826486,327.705897,317.448180,315.282186,313.091317,308.383686
2025-05-02 11:15:00,94.807109,95.095914,96.823998,96.407281,97.856069,97.473804,97.415378,97.061294,96.111523,99.288156,96.823939,99.113931,99.614390,99.456519,100.240070,100.592787,98.833113,98.294767,96.822951,96.291186,96.650487,95.874901,96.741479,97.678028,101.241414,103.383737,103.572113,99.932327,101.267471,100.959698,102.571358,102.974706,103.108955,103.168187,103.394109,102.149966,101.605829,102.503481,98.173796,98.027944,97.152608,98.995239,98.621350,97.517748,97.087737,98.218429,97.126631,96.151040,98.950268,96.895275,99.743476,99.872856,100.140088,99.466364,100.442749,100.476759,100.047125,100.394058,99.822439,99.720854,99.902614,100.503637,100.193599,101.118235,101.373595,102.286362,101.830467,102.155685,101.862090,100.190770,100.091711,101.215311,100.123396,100.502983,102.664080,100.246993,100.130614,99.974412,103.213719,103.275670,100.093126,100.842366,100.594732,101.750950,100.549324,100.129649,101.015313,100.678259,99.976772,100.830414,101.339941,99.906647,101.128156,99.019746,98.290812,97.963377,300.443460,300.406157,301.675088,299.916487,303.391070,304.014386,303.962905,307.087418,305.118695,306.005505,306.500610,305.360553,310.218353,311.491331,314.246747,312.093706,311.283530,309.495763,305.994295,305.417874,307.403226,307.815826,312.398358,314.949705,319.161991,325.174337,325.727516,318.889712,323.674187,319.671748,321.015858,318.585865,315.969049,318.017756,312.121719,306.504984,306.652880,302.909683,302.210327,303.375037,303.011795,305.251976,305.796373,306.037882,311.418038,312.472065,313.937886,313.236269,317.524154,318.765513,318.269044,317.344848,319.012911,317.875067,316.682928,320.159349,320.062467,328.491658,327.388380,326.187815,321.327069,322.832501,319.152935,317.087717,312.587655,312.282664,312.591278,310.023010,314.150355,315.425582,317.220162,319.226515,318.924603,317.862997,318.225666,320.731630,323.808849,318.463021,324.332380,323.223029,319.453918,319.555592,322.450576,321.246938,326.458462,329.630258,335.620016,332.214526,328.777433,331.325094,325.080920,319.511679,317.773753,316.661526,314.111955,311.847719
2025-05-02 11:30:00,91.868104,91.290799,93.046756,94.123491,93.955993,93.805785,93.636025,93.570375,96.261566,93.759970,95.979694,96.504828,96.470974,97.188405,97.585683,95.792352,95.353479,93.844952,93.331738,93.565551,93.054988,93.724414,94.680315,97.901218,100.907505,101.089895,97.414276,98.615286,98.001684,99.871035,99.870664,100.747326,100.440747,101.055944,99.922415,99.519328,100.193755,95.907381,95.662968,94.963577,96.030544,96.517731,95.441390,94.415223,95.710027,95.050880,93.805364,94.101973,94.797138,97.043990,97.255624,98.219102,97.204937,97.903737,97.973943,97.972647,98.315949,96.819998,97.474868,96.904199,97.527090,97.627667,98.949494,98.239037,99.547318,99.604023,99.603464,98.532055,97.598132,97.228095,98.283748,97.898561,98.385611,99.297850,97.757602,98.417754,97.775312,100.771176,100.874651,97.345652,98.483562,98.138920,99.194445,98.616248,97.885779,98.933447,98.525409,97.744312,98.507495,99.069809,98.986465,98.595892,97.122400,95.962156,95.627367,94.769237,297.447597,295.962444,294.863984,291.561081,290.198602,290.054455,292.922967,292.956276,296.444695,297.604924,298.700549,301.118735,304.752645,304.630710,307.643497,305.196187,308.249061,304.544146,301.557847,301.502903,303.008588,304.160669,310.172451,312.962732,324.218331,323.870518,318.892544,320.319782,318.523249,317.153680,318.247435,316.038780,315.712849,313.539793,305.262610,304.745270,303.999180,301.106752,300.441833,301.895447,303.178444,301.821812,305.411685,307.547545,311.172194,312.133668,312.105388,310.541899,313.903289,318.154004,317.005265,316.523030,316.313711,317.702829,317.381779,318.535930,324.249504,328.050399,322.512509,324.345387,319.690009,319.415319,315.055396,311.866560,309.115389,311.659868,307.678162,310.749348,311.351453,313.739559,314.091958,316.689793,317.742396,315.994159,316.542847,322.272339,318.506153,318.330037,320.009929,319.765109,320.478479,318.131431,322.055624,325.956869,328.990241,332.272807,336.658820,328.769676,327.667707,325.624989,318.680417,321.386416,318.212716,316.413397,316.253099,313.993874
2025-05-02 11:45:00,94.531566,94.263169,98.011015,97.594796,97.790560,97.451685,97.558693,100.429617,96.847615,98.907538,99.405988,99.463284,100.235547,100.370396,98.664010,98.194318,96.789959,96.225065,96.576757,96.108847,96.784056,97.475848,100.627197,103.864958,104.064793,100.428242,101.620757,101.078778,102.717408,102.813283,103.343241,103.477515,103.866270,102.444111,102.616438,103.350318,99.217165,98.764800,97.785645,99.311011,99.411378,98.659924,97.833967,98.571179,98.259028,97.432741,97.122659,95.641644,100.017971,99.585575,100.636451,100.454217,100.642456,100.431549,100.538979,101.364137,99.661218,99.664705,100.330633,99.682047,99.830764,101.259246,100.908967,100.952671,101.758453,102.495348,101.125193,99.300854,100.032647,100.422720,99.764412,100.537702,101.976204,99.203111,100.662797,100.508368,103.741463,103.245286,100.036358,100.992363,99.986084,101.158159,100.989038,100.224634,101.289780,101.299636,100.430938,101.149917,101.262637,101.226501,101.814753,99.319562,99.754915,98.156700,96.989730,98.354671,302.772953,301.830753,302.246172,299.970410,302.646649,300.802467,301.109834,307.246978,304.806969,304.596246,308.078370,309.920988,311.875120,309.417284,310.936252,313.597258,311.695641,306.959909,307.480983,310.870355,312.379781,312.873440,319.560722,322.110756,326.363316,320.397610,321.884492,320.260336,320.800683,319.709909,318.809111,319.000939,315.313756,309.199263,308.030537,305.375674,305.919558,303.783091,302.246858,305.856782,304.591084,306.579798,310.233663,311.450286,315.015099,314.498614,312.732429,311.017163,316.030636,318.896478,319.661579,315.699585,317.757436,318.977746,319.013066,326.236371,325.878806,325.316600,324.740262,324.483661,318.129286,318.454948,313.752324,313.899536,314.117796,312.175502,314.596370,314.301933,315.810051,314.094616,313.247092,319.086241,318.191392,316.105838,320.822303,321.311255,319.853560,318.124598,318.332181,321.339477,319.663641,319.138255,328.203703,330.010265,331.854009,331.867939,331.680999,329.685369,323.390549,319.219575,317.446004,322.748739,318.485331,315.695587,315.637580,316.997012
2025-05-02 12:00:00,94.280349,94.955419,96.232154,96.105075,95.972561,95.989866,99.215043,96.152497,98.109106,98.469521,98.458335,99.343294,99.589012,97.528204,97.022533,95.573067,95.110519,95.491464,95.203156,95.540494,96.294708,99.437565,102.894715,102.713088,99.246463,100.436316,100.070253,101.520423,101.783864,101.889108,102.222557,103.057028,101.471017,101.374744,102.517636,98.331815,97.570187,97.037491,98.211306,98.089225,97.371107,97.093010,97.969107,97.082302,96.546148,96.886775,94.849615,97.888755,99.606897,99.931979,99.608669,100.793550,99.793618,99.732487,100.895107,99.767860,99.247890,98.969510,99.477716,98.804964,100.194886,100.059679,100.706758,100.145715,101.346837,100.695894,98.670806,99.068217,100.220892,99.022240,100.043972,101.474055,98.948334,99.717175,100.340391,103.491048,103.004960,99.648915,100.801967,99.292042,100.246955,100.221084,99.400237,100.469648,100.605831,100.094239,100.621917,100.568368,100.535948,101.212702,99.578166,98.478190,98.536884,96.608330,97.698075,97.453065,297.568144,297.696889,297.320094,296.102392,298.650103,299.763559,304.788805,309.331345,304.695778,309.548847,309.331183,311.478620,312.549246,309.533578,312.713970,310.792697,308.150656,306.776963,308.668182,311.357730,316.012150,318.050445,323.745643,321.881466,321.578005,322.973707,318.126991,319.620504,320.080511,316.661294,317.558951,315.756558,308.386332,307.327730,305.582175,303.983705,304.934256,303.160348,302.969600,302.717394,304.967373,307.073022,310.519129,311.362849,312.733381,310.513913,310.438064,309.756571,317.833239,320.274944,317.530367,317.041059,319.937465,318.888169,325.579830,325.585939,322.141669,326.160254,321.776267,319.274069,315.770190,315.741384,312.785237,314.028958,310.956851,312.776383,313.671717,313.958282,315.062458,315.011598,314.108221,319.270121,318.162538,322.394542,324.613453,324.841399,325.388579,317.765495,323.477212,324.032529,320.456790,324.717345,330.524706,332.158866,330.472676,330.838011,334.567575,327.468853,319.498618,319.947145,322.280554,321.931100,319.262487,318.173580,318.521241,314.339770
2025-05-02 12:15:00,93.925637,93.968350,94.378194,94.106223,94.184702,97.414943,94.409922,97.110327,97.114025,97.008196,97.694928,98.018902,96.049866,95.479378,94.113633,93.531407,93.860590,93.200958,93.878065,94.464347,97.789050,101.084675,100.893872,96.656761,98.512541,98.086771,99.302729,99.418828,100.138638,99.928321,100.730419,100.280298,99.117836,100.528692,96.408913,96.150870,94.993917,96.064196,96.306544,94.645148,94.312593,95.449811,94.148643,92.963753,94.008269,92.097295,95.342992,95.191453,98.063995,97.329625,98.275226,98.263072,98.080576,99.067519,97.980884,98.090580,97.719595,97.637443,97.945862,98.691494,98.491841,99.403599,99.463399,99.412187,99.574240,98.194428,97.358517,98.499627,98.498072,98.891655,100.536931,98.126651,98.410237,98.692069,102.174339,102.654516,98.312187,99.271421,98.756246,99.295979,99.094603,98.536070,99.101705,99.407167,98.460484,99.372604,99.402573,99.079052,99.751843,98.536283,97.627125,96.639946,96.499702,96.858219,96.257459,95.414078,293.740965,288.326670,284.340262,282.872566,283.901948,283.983646,286.394211,288.530696,295.675052,301.174083,301.011453,300.726863,302.730291,302.058337,302.375252,299.582956,302.264716,300.423922,304.499604,308.672942,312.312145,313.785819,313.724399,311.537091,316.266460,314.204402,312.486743,314.150712,311.823765,314.439143,313.759370,308.066392,305.382193,303.254694,303.103551,301.941514,302.735771,301.784736,300.503844,302.204780,304.624400,306.510703,309.546017,308.707741,309.002581,306.327999,305.847291,303.758242,317.731694,315.432819,315.849105,315.848087,317.426086,323.270935,324.841743,320.513027,321.632497,323.180769,315.964905,316.793180,309.871292,313.684318,312.112243,310.045694,312.666537,312.842160,310.434539,311.296322,310.816804,313.660424,314.939050,319.245973,320.177210,320.788590,320.719785,321.377430,318.425903,316.769067,320.927471,322.928196,325.789377,326.779452,332.967058,331.838796,327.525745,330.113151,328.737181,319.111282,318.804810,320.123032,318.060945,319.255289,316.090309,318.525204,315.074228,310.669115
2025-05-02 12:30:00,94.354461,94.257427,94.839319,94.893188,98.284911,95.166762,98.060794,98.108697,97.794422,98.471921,98.681149,96.639743,96.191968,94.600835,94.096882,94.559504,94.121278,94.407684,95.047504,98.325758,101.771329,101.430310,97.158795,97.902968,98.659516,100.017777,99.760897,100.487086,100.834962,101.000500,100.325589,100.390886,100.849480,96.936126,96.915380,96.189372,96.886353,96.895547,95.775318,94.807176,96.169629,95.343436,94.242982,94.140453,93.049981,95.781337,95.818003,96.696593,98.626700,99.100312,98.864553,99.000341,99.477056,98.701842,98.745707,98.936971,98.816750,98.393721,99.553825,98.604106,99.457863,99.703387,100.239662,99.060573,98.377079,99.108555,99.294578,98.702835,99.793068,100.636147,98.773820,99.124052,98.989613,102.576098,103.179794,100.026548,100.507672,99.003942,100.178611,99.616758,98.812522,99.958629,100.040958,99.425755,100.213971,100.525943,100.334852,100.369810,99.135730,99.155257,97.866727,96.316894,98.169391,97.123099,96.105080,96.208872,285.501852,282.900959,281.688031,280.990460,288.298531,291.921668,293.224401,295.706331,300.503558,303.147046,302.895637,300.907784,304.834269,301.811565,300.716276,301.127109,302.910213,303.391559,307.355842,311.588432,315.390748,313.988084,311.639817,311.904148,311.714457,312.403191,310.646807,311.524843,312.124578,309.327314,305.900460,305.283596,301.919782,301.082051,300.445709,300.586996,301.449278,298.137821,300.987359,301.983389,305.686273,305.170683,306.421624,304.549147,306.588514,305.759905,302.896471,301.462034,312.763143,311.730520,312.741296,313.476393,319.728897,323.011554,317.705384,318.128644,319.137983,317.051436,312.126716,308.254113,307.792841,310.813622,304.919212,309.609912,310.708594,311.560970,308.666720,312.765187,314.083866,315.613593,314.104395,320.750466,318.165894,317.596103,317.423320,317.090014,316.246310,314.374799,317.514175,326.712980,326.471641,326.555706,328.593606,324.931460,326.672484,323.592715,319.193451,319.240350,317.262831,315.235145,316.837592,316.275929,317.872153,314.008114,307.900906,310.366839
2025-05-02 12:45:00,94.619177,94.493160,94.897095,98.189679,95.246809,98.089952,98.038573,98.008895,98.503312,98.614605,96.451379,95.960207,94.492057,93.836259,94.277716,94.024041,94.146359,94.718617,98.006421,101.446896,101.194725,96.821058,97.416822,96.928738,99.370519,99.244124,99.122140,99.122573,99.866988,98.442387,98.219209,99.447951,95.022400,95.419317,94.661537,96.061448,95.466312,95.033769,94.119774,95.065981,94.092434,93.819481,93.283740,91.783125,94.959125,94.852624,95.193350,94.730842,98.810908,98.341361,98.641237,99.276391,97.937958,98.041941,98.227812,98.560567,98.228912,98.654162,98.160294,98.070307,98.842972,99.351766,98.578894,96.826181,98.194160,99.467637,98.079086,99.002320,100.663245,97.884362,98.870186,98.661002,101.798361,102.348162,99.428133,100.483846,98.889542,99.924819,99.492242,98.265598,99.283916,99.616084,98.878194,99.632170,100.023254,99.784923,100.471954,98.407485,98.262078,97.949596,96.725517,97.405926,97.576140,96.359564,96.180371,96.463030,285.621373,284.875904,283.944644,284.753693,288.390002,292.062655,295.989786,297.564083,304.798867,304.020383,302.266082,302.055596,300.933668,300.530068,299.743607,299.262712,301.411734,302.641230,306.898562,311.452441,311.362787,306.995296,308.411699,305.547692,308.237809,311.057159,308.376863,309.840314,307.377432,300.009367,300.377463,298.499253,297.187830,297.613629,297.050229,297.121116,296.110209,295.847719,297.851416,297.611362,298.919165,298.751462,298.371562,298.401045,299.714000,298.835803,299.303316,297.493232,311.954523,311.603499,311.667105,319.150961,319.108641,319.479840,317.576489,316.038104,314.254630,311.530984,306.721308,307.786674,305.214770,305.965216,306.327043,308.291299,309.024360,310.461535,309.039348,315.301811,316.224934,316.598148,317.960696,319.261902,318.338997,319.152585,317.582801,319.508813,317.184056,317.077330,325.461296,328.974001,329.756682,327.418153,326.932576,324.830474,320.984851,316.348551,318.863615,317.345327,314.943066,312.696090,315.250690,320.471748,314.146495,312.456276,306.403924,311.403824
2025-05-02 13:00:00,94.193902,94.446824,97.227479,94.163835,97.036411,97.147663,97.029985,96.895406,97.793614,95.631687,95.058991,93.653600,93.091199,93.473020,93.058989,93.436029,93.852361,97.094511,100.629757,100.366998,96.088071,96.667564,96.060468,96.721935,98.464524,98.858719,98.671946,99.197679,97.675011,97.336656,98.690486,94.972314,94.381825,94.450744,95.948415,96.098970,94.678677,94.097001,95.190628,93.754529,93.088190,93.723440,91.381026,94.318333,94.233996,94.950957,94.763393,95.679095,97.675757,97.505519,98.784852,97.452608,97.421730,97.659175,98.077688,98.032774,98.773082,97.439942,98.177546,97.710033,98.607179,98.108510,96.424463,96.931015,98.396378,98.158211,98.285308,99.753551,97.805453,97.913328,98.355112,101.276779,101.400268,98.687102,99.745919,98.888937,99.076849,98.532933,98.125478,98.363117,98.636896,98.216164,98.820849,98.966987,98.856764,99.380350,98.051105,97.424664,96.651009,96.302646,97.306873,96.470202,96.196130,96.036629,95.785682,95.732704,281.612278,279.952207,276.477627,273.843972,273.959508,279.162213,281.298007,281.770724,292.723628,294.124260,293.972818,290.002025,290.697732,291.414908,293.752422,294.513540,296.999004,300.051079,304.725144,304.224583,303.387475,300.600950,300.708464,299.817702,304.241755,305.355107,305.024048,302.315653,296.156663,295.531070,295.930882,295.960400,293.178563,293.903769,296.633795,294.875455,295.319773,296.430882,296.803147,297.336829,297.120488,294.449027,296.150640,297.049991,298.380057,298.099777,295.846027,296.997500,306.612127,308.557214,313.195067,315.005739,311.405556,314.270504,314.578837,310.889596,310.537372,306.549399,305.812953,305.899097,301.721019,306.657963,306.742242,309.143715,307.656314,309.005292,309.688398,314.481347,315.768089,317.738969,316.751861,320.415257,318.375574,317.233844,316.648961,318.090818,312.750790,320.929803,325.899263,330.013152,329.789988,323.800447,325.404018,319.517910,314.896323,316.289612,318.853944,313.709894,312.897230,313.423576,317.590011,317.589183,314.763575,315.496637,307.552661,312.550535
2025-05-02 13:15:00,95.315680,96.496427,95.654479,98.488699,98.650927,98.612072,98.488930,98.370212,97.051108,96.446295,94.944713,94.413750,94.937829,94.449838,94.777315,95.393952,98.469688,101.864778,101.650374,97.325884,97.987563,97.584821,98.238108,97.382909,99.770106,99.867182,100.068964,98.876275,98.341143,99.496769,95.766096,95.820485,94.768842,96.536144,97.078090,96.331058,94.794418,96.176128,95.201703,94.042949,94.678738,93.052345,95.570559,95.217311,96.064297,96.098448,96.376927,95.669903,98.769913,99.227892,98.457561,98.250917,98.229107,98.609970,98.765787,99.804658,98.979913,98.867135,99.181830,98.987164,98.881825,97.248736,98.112570,98.758730,98.535096,99.944840,100.565259,98.449095,99.553094,98.789368,102.893737,102.743594,99.527546,100.790648,100.043282,101.176293,99.676614,99.307127,100.047604,99.698497,99.178523,100.232254,99.927596,100.026109,100.595462,98.790059,98.546279,97.866944,97.471675,98.458425,97.919816,96.922529,97.367395,97.665049,96.914444,97.354446,281.683000,280.548130,279.343274,279.770390,284.323130,287.919110,289.961421,292.054309,297.797210,299.158454,295.252337,293.682182,295.861720,296.343400,298.178491,300.253736,301.965499,303.349938,307.372766,304.223498,305.711028,303.191981,305.090283,303.682819,304.870450,308.683289,304.833690,300.295667,299.231094,296.931006,297.050092,295.593306,294.898633,295.820950,293.495286,295.174995,299.280842,297.955215,298.564637,298.024858,296.550495,295.208096,296.246411,297.617529,299.393946,296.395043,296.790103,297.491407,308.830409,314.611880,315.190590,312.751471,312.713116,314.849904,311.299512,307.285569,307.068021,307.689701,306.327038,302.523276,302.292382,308.245329,306.216067,308.061161,305.926084,310.437484,312.159235,314.958677,320.510426,318.826324,318.819203,322.284575,315.953643,318.346307,317.823409,318.267258,321.343790,324.073506,328.801855,329.356556,327.069819,323.863688,319.820070,312.430895,312.994456,314.551200,314.377563,312.578403,312.525230,314.285147,313.581887,314.208724,313.846625,315.980454,309.924410,311.674903
2025-05-02 13:30:00,102.387120,101.224024,102.221188,102.265248,102.319432,102.271331,102.096177,98.265329,99.044092,97.232668,96.673618,97.158187,96.716459,96.979197,97.493974,100.837235,104.549223,104.299116,99.760463,100.343254,99.942505,100.596123,99.919812,99.670014,102.392920,102.529920,101.095311,100.590443,101.845932,97.769189,97.671127,97.600176,98.556256,99.284040,98.680635,98.350712,98.555222,97.508319,97.097462,97.050464,95.432273,99.094322,98.470461,99.243477,99.099299,99.982397,99.110895,99.104316,102.166034,100.952455,101.154585,100.669965,100.699815,101.065285,101.984166,101.629138,101.591861,101.140177,101.760032,100.755828,99.939936,100.449159,101.448066,100.442220,101.733866,103.337832,100.674306,101.086503,101.533577,104.238863,104.849702,101.834911,102.260885,101.524139,102.681633,101.868165,100.664802,101.902815,101.687041,101.210516,101.818704,102.569804,101.635262,102.739300,100.771754,100.582075,99.400140,99.231373,100.311337,100.678756,99.361167,99.486418,99.858883,99.634741,100.171027,101.126396,288.149946,286.072644,284.366042,287.352222,291.523785,294.269218,296.071578,295.734281,300.611762,299.769818,296.840366,295.794954,299.288809,299.729937,301.225132,304.772893,305.074850,303.625887,304.132461,305.332508,304.640173,303.853294,303.994109,303.272917,305.541453,305.220481,299.044098,297.955946,297.147991,296.533755,296.283910,295.422739,295.538277,292.938633,295.588046,295.518463,299.860616,299.547630,298.550567,296.497752,296.761118,296.848051,297.452646,300.479101,298.824032,299.570288,299.418394,298.265774,316.314209,316.213953,312.021633,313.925867,313.251717,314.489587,310.108965,307.139038,309.214595,309.064876,304.174798,306.184258,305.491739,308.660118,307.775773,307.872763,310.569984,311.261186,315.190322,321.919143,320.036164,321.414675,318.237484,317.720720,318.186185,314.085035,314.980612,318.893675,321.096730,326.191605,329.715711,328.816726,327.612500,321.195682,316.167695,314.888946,316.387607,315.780115,316.698099,313.080315,316.627423,313.636041,313.506657,318.239424,315.959519,318.041605,310.496092,313.003747
2025-05-02 13:45:00,103.054534,103.265188,104.752874,104.740389,104.845185,104.669806,100.945296,100.815375,99.088196,98.424237,98.858258,98.430033,98.701539,99.288270,102.492734,106.481038,105.994501,101.470231,102.155910,101.423593,102.064969,101.485824,101.141387,101.137006,104.148449,102.810941,101.857679,103.047804,99.018053,98.754273,98.397902,100.094731,99.998168,99.985462,99.154709,100.628576,98.888316,97.977705,98.821046,96.793764,99.884941,100.389172,100.577351,100.469468,101.145865,100.710260,100.710479,101.447161,101.635510,101.667673,101.839495,101.584351,101.303933,102.396946,101.759043,102.656527,102.577405,102.501817,101.425898,100.189936,100.667117,101.798279,101.388938,102.160214,103.379960,101.741526,102.385776,102.144252,106.187679,105.448145,102.207980,103.581151,101.835605,103.287307,102.442910,101.975131,102.383631,102.756123,102.344310,102.715081,103.028947,103.182947,102.345940,101.865519,100.671045,99.824645,98.785135,100.772077,100.440847,100.843985,99.998961,100.073305,99.823953,100.091747,101.500949,100.930385,290.356443,290.510178,290.951706,293.364589,299.486473,301.721315,302.201300,303.865890,302.973683,302.620811,303.291682,302.680495,306.317492,306.783171,308.273535,309.869460,308.814133,304.818109,306.515626,307.243571,309.216929,305.959579,305.421976,308.006374,306.077405,300.859059,300.444366,298.523437,299.839995,297.211281,298.950933,299.024903,296.299757,296.214383,300.042796,298.684923,302.405787,300.967324,298.424953,297.578482,299.162195,299.201502,299.722980,298.676124,301.512092,301.296471,300.669401,306.080561,321.202355,314.490538,314.525645,314.935593,314.443850,314.238718,307.817117,309.156186,310.696836,306.407841,308.227563,308.165255,307.796685,310.108593,308.260758,310.117077,311.312686,317.099247,319.871660,323.352525,323.544619,323.709036,317.235511,318.170386,317.751324,315.076171,322.733021,324.239296,327.493651,328.352237,328.169791,329.630701,324.661383,315.450487,317.959576,314.956669,314.133503,316.560132,317.746154,316.141674,313.431807,313.203742,313.398789,319.455835,316.751072,317.257269,309.964978,314.136037
2025-05-02 14:00:00,104.522917,104.931417,106.433488,106.417309,106.500192,102.792460,102.831379,102.063275,100.358834,100.708563,100.226568,100.547126,101.180487,104.416565,108.250906,108.032346,103.338867,104.050795,103.422266,104.003254,103.200009,102.880118,102.881045,102.775549,103.988385,103.397566,104.311773,100.147752,99.846679,99.177133,101.040866,101.255616,100.156758,100.379839,101.580626,100.812359,99.417391,99.595744,98.032879,100.567200,100.809378,102.050887,101.165797,102.162733,101.355627,101.529729,102.553124,101.067567,102.298785,102.393189,102.657217,102.480594,103.553231,102.617822,103.112487,103.882410,103.810853,102.958628,101.488736,102.019009,102.635831,102.342680,103.592233,105.204175,102.750161,104.030099,103.879582,106.704464,107.789373,103.724431,104.506430,103.930049,104.216132,104.165339,103.139268,104.211006,104.046349,103.654515,104.148122,104.267378,103.720110,104.433590,102.171479,102.556478,101.079703,100.247865,101.331678,101.620259,100.666360,101.363851,101.179441,100.583976,101.428041,102.388910,103.320151,102.809183,295.546856,299.164469,302.594856,304.831090,307.823844,308.668212,309.707325,304.131815,305.274767,306.290479,307.649989,308.456508,311.485779,312.466393,311.211502,311.648565,308.905633,308.163714,307.910055,310.924440,312.005120,308.747845,309.352914,310.751780,302.218781,303.107290,303.115946,302.782361,301.507668,300.441574,302.950858,301.860057,302.148158,303.451906,305.545455,303.696143,305.464119,301.469081,300.174837,301.151126,301.962019,302.697161,300.483580,303.059126,304.997743,302.526241,307.903871,309.586247,317.951195,314.980038,315.645236,315.269094,313.384165,311.154072,310.226008,311.005063,306.781374,309.937334,310.539242,311.019654,309.895880,312.614755,310.226144,313.125668,315.145644,320.595321,321.752690,326.516042,326.174695,321.816870,320.091236,321.379935,321.261024,322.947169,328.742864,329.720204,328.384268,329.959762,331.586957,328.259849,321.040819,319.258680,319.587402,314.564523,316.863293,317.666621,321.766892,312.398262,311.282157,313.160302,316.744533,320.028839,318.225552,318.578865,316.590849,316.567747
2025-05-02 14:15:00,105.943072,105.653158,105.588540,105.494185,102.033230,101.986402,101.324055,100.894744,100.130090,99.567869,99.833586,100.551027,103.812700,107.623758,107.270890,102.872487,103.218494,102.763935,103.426488,103.224152,102.979365,102.887616,102.800599,101.241258,102.825820,103.806718,99.456607,99.413312,98.798259,100.133113,100.578907,100.067020,99.044154,100.853727,99.987508,99.596324,99.363201,97.550692,100.711079,100.093310,101.395956,101.043643,101.509292,101.159004,101.275598,102.137912,100.902076,100.569215,102.222624,102.509620,102.255816,102.884829,102.240761,102.953543,103.094758,103.469568,102.873976,100.912590,101.255625,101.424353,100.590002,102.072778,103.584558,101.546711,102.005731,102.573944,105.956375,105.860082,103.087233,103.620741,102.722958,103.495245,102.757978,101.838133,102.797964,102.863691,101.639459,103.036032,103.012349,102.778998,103.097876,101.549577,100.558143,100.583718,99.343494,100.432831,100.013496,99.379679,99.657686,100.527421,99.631311,99.398026,101.465961,101.823794,102.230528,101.622208,298.648386,301.133676,303.296725,305.424323,307.715517,310.149487,307.753377,304.471065,307.231749,308.643693,308.904714,310.719572,312.316606,313.269946,312.013880,310.456302,310.032691,307.691226,308.438161,309.553191,309.957429,308.453280,305.630756,303.691954,300.797295,300.577530,298.780049,298.462045,297.086573,296.970438,294.918298,296.216787,296.068431,296.344304,300.067257,298.157071,299.621764,298.129384,298.756025,297.675646,299.220130,298.636519,298.962123,301.840529,299.625633,305.262669,307.635615,305.366545,320.790210,315.080109,315.329359,314.550095,311.763897,312.370553,311.506635,308.324729,312.312614,311.962591,313.760776,312.820899,312.712068,318.295480,315.154377,316.722712,321.791602,322.549525,325.291859,328.118847,322.298250,324.841134,320.957500,322.438880,326.432630,325.811832,329.523033,331.358253,327.365767,330.590501,328.690057,322.902345,323.456143,319.314698,318.998482,315.668597,318.399079,321.595832,318.406735,312.067403,312.801499,313.976376,316.829438,318.998817,318.282938,320.377795,317.114839,317.587200
2025-05-02 14:30:00,108.260003,108.697686,108.069419,104.612480,104.783125,104.034213,103.943636,103.934970,101.845659,102.026561,102.713081,105.993274,109.858690,109.464571,105.091834,105.802877,104.962772,105.688725,105.416212,104.588104,104.550831,104.406445,102.714344,101.884083,105.546067,101.319169,100.849382,100.270526,100.907392,101.002547,100.705095,100.459930,101.251175,101.293069,100.096631,100.360275,98.059464,101.354505,101.054371,101.415347,101.322103,102.118810,101.373000,101.121202,102.434990,101.767738,101.163592,101.491401,102.902267,103.074392,103.609863,102.549378,103.577308,103.885254,103.992154,103.017026,101.976451,101.951435,102.695261,101.652448,102.649795,104.225725,101.808117,102.733015,103.146334,106.537621,106.730733,103.108748,104.858701,103.271661,103.834327,103.434065,102.696612,103.369181,103.454317,102.813233,103.514449,104.234716,103.904438,103.919188,102.435964,101.726456,100.566397,100.260026,101.412419,100.858321,99.887452,100.410963,100.469851,100.420450,101.005457,101.699352,102.748989,103.369824,103.428435,103.877142,308.269962,313.187123,320.108035,319.122615,319.066628,313.220788,313.506293,310.784310,312.457713,313.433856,314.635368,317.593963,316.306373,316.590527,314.014475,314.872507,311.429132,312.707027,310.361808,312.637095,313.945640,309.606100,305.515787,307.102683,301.846156,303.827102,302.065903,302.605427,301.165387,300.115685,299.047828,301.181443,300.460913,298.841819,301.875300,299.221418,300.944174,301.127509,300.359534,301.039121,298.533337,302.505225,301.594520,302.545801,308.237247,309.192123,305.389815,303.859287,323.308278,318.525873,317.029615,314.363819,315.201344,314.544354,307.645020,312.392921,312.874971,313.486909,313.766255,314.693954,315.082084,321.213354,317.678513,322.022209,323.841699,324.690615,326.466591,326.237760,324.159660,322.484235,321.292062,328.851726,330.685975,331.109643,331.965534,332.919017,330.988785,328.422616,323.953161,324.648721,324.819483,319.371136,320.244016,316.475983,321.678085,320.641410,317.200170,314.539384,313.598476,315.905611,319.066807,320.972085,323.576491,322.197800,321.202410,324.675393
2025-05-02 14:45:00,107.119181,107.065351,103.550390,103.561437,103.071594,102.920371,103.214196,102.492137,101.226563,101.955167,105.168866,109.173791,108.890761,104.368191,105.003833,104.476372,105.006135,105.090642,104.756048,104.562988,104.512771,102.806838,101.969117,102.896115,100.876324,100.304611,99.456275,101.011042,100.526746,99.832185,99.359912,100.374339,99.702552,99.647782,99.813163,98.290239,101.224455,100.650890,101.824147,100.624565,101.765115,101.240458,100.902498,102.222365,101.097824,100.657349,101.475819,101.418134,103.591849,104.596939,103.567951,103.951824,103.910622,104.544017,103.252270,101.918929,102.323232,102.777473,102.118433,102.517069,103.955860,101.834469,102.538471,102.886252,106.427126,107.004549,103.437875,104.379388,104.162817,104.569680,104.213298,103.221145,103.648658,103.832031,103.180964,103.796726,103.813515,103.613798,104.265775,102.513376,102.039808,101.200055,100.207515,101.762629,101.400547,100.801947,100.329560,100.703427,100.519135,101.359983,102.417477,102.756598,103.173699,103.318932,104.430878,102.978662,310.338022,313.968546,318.804577,320.248157,316.881251,315.021728,313.198486,311.935437,313.730116,316.816662,318.410584,319.594351,316.757091,315.028802,315.186590,314.448211,314.559380,313.779717,310.626269,312.721223,311.886699,306.932601,306.103988,305.501970,300.685150,300.325126,305.095786,303.978553,301.890195,301.611933,303.190484,304.291937,303.176782,301.143697,302.505104,301.294903,304.233683,304.595579,305.079998,304.678381,304.132792,306.849904,306.195494,311.252500,313.903568,308.659468,308.737189,306.412382,323.194830,317.518559,316.987338,315.984602,316.798294,310.887027,310.684841,314.634561,312.025112,314.935049,312.419264,315.802121,317.978849,322.281781,320.703331,323.071919,325.925016,324.679044,325.022291,327.223732,324.085457,324.700656,329.220302,334.436757,338.231042,335.356149,333.257221,334.805551,331.240954,321.921002,328.213885,327.176162,325.285136,323.055674,323.537710,322.598401,320.862491,320.321951,319.709690,315.747433,316.623593,316.673467,319.276073,327.844843,325.607645,324.630193,327.757201,326.266632
2025-05-02 15:00:00,106.055852,105.153566,102.597832,101.973674,101.976493,102.184256,101.714351,101.675586,100.931637,103.950622,107.857247,107.633583,103.216139,103.778946,103.278364,103.963249,103.839603,103.534743,103.367513,103.119793,101.457229,100.491541,101.402177,98.560324,99.672711,98.901197,100.320321,100.604990,99.273499,98.838240,100.247269,99.323438,98.734223,99.597907,97.811546,101.325156,100.831298,101.292902,101.063493,101.499379,100.807186,101.068674,101.553234,100.861033,101.258630,100.244794,101.219812,100.052569,103.219180,102.645336,103.085560,102.798876,103.076013,102.440499,100.531577,100.601216,101.513313,100.660554,101.440092,102.618265,100.349188,101.293832,101.349968,104.803496,105.451646,102.625460,103.254726,102.208878,103.832003,102.700771,101.896750,103.018198,102.657334,102.016447,102.936465,102.894157,102.391594,103.141062,101.922078,100.837357,100.340997,99.299429,100.389122,100.635543,99.436659,99.733618,99.575329,99.271027,99.978265,101.935184,102.222032,101.830323,102.074427,103.056502,102.643298,102.331782,314.108407,314.886741,314.514679,315.200292,315.273310,314.654052,312.742680,313.683030,316.103041,319.758061,320.276280,319.727537,315.867422,314.378351,314.942489,316.988669,315.728251,314.551694,315.308073,315.447714,307.599248,307.791835,305.082193,303.337532,297.806486,297.710018,296.588125,298.913714,300.430441,304.020191,305.618628,306.057861,306.082869,303.845291,304.696146,303.773150,306.925248,307.899662,304.938396,307.623073,306.488058,308.654875,314.131435,316.626708,313.035718,311.947907,311.067751,305.881679,320.623121,314.665861,318.709473,319.097876,316.008229,315.321548,312.964989,316.329248,314.471116,315.978241,315.620608,317.342426,321.847524,328.076412,322.501804,325.261582,327.505397,323.756336,328.895121,328.873370,326.748498,332.257100,335.490220,337.722597,340.853228,336.457326,335.891323,332.278408,325.903666,323.807322,328.420215,326.025776,327.527952,325.538140,327.677678,321.059817,319.451776,323.112380,323.812189,318.616439,318.156865,320.306607,324.168461,330.031967,328.314644,330.584924,333.705003,331.882627
2025-05-02 15:15:00,111.214764,111.543390,106.813496,106.689954,107.166521,106.596739,106.942281,107.151592,108.421547,111.723114,111.492689,107.031324,107.751645,107.031366,107.944854,107.608632,106.815331,106.569452,106.332796,104.338610,103.820388,104.558842,101.754233,101.042783,101.634706,102.748389,102.887068,102.386927,101.344956,102.616111,102.081662,101.375600,101.251713,100.043650,102.364901,102.860143,103.403889,102.485289,103.688063,102.279881,102.780037,103.632466,101.946016,102.522199,103.084878,103.595488,103.673051,104.551633,104.100746,104.855254,104.692534,104.921665,104.093412,102.502119,102.177139,103.506926,102.473032,103.617512,105.157378,102.528162,103.089871,103.770900,107.005881,107.631667,104.926802,105.367270,104.532581,105.217260,105.358086,103.838083,104.677599,105.338852,103.961195,104.648383,105.139672,104.595432,104.878992,103.977157,102.887568,101.863494,101.187527,102.167985,101.619999,101.532770,101.216437,101.859273,101.008828,101.807574,103.362331,104.382992,105.050034,103.930942,105.298950,104.727907,105.767869,107.492621,327.364872,330.173696,331.760246,328.912644,328.129183,324.833922,323.001324,321.792285,326.456630,327.835430,327.480006,326.920994,324.029640,321.002606,322.687919,322.813780,320.117292,321.455355,320.071481,316.311717,314.502411,313.932386,310.450702,310.460606,303.371463,304.714773,301.734285,305.095530,307.674734,310.012581,312.289374,310.911598,309.464780,307.275238,309.032509,310.125798,310.387100,308.606123,307.527231,310.632817,308.467394,316.551782,316.399474,313.403666,312.144202,312.592901,310.912137,308.740361,319.693063,316.920601,318.031075,317.073248,319.306391,319.020907,314.139620,318.647794,315.665250,320.671501,320.088608,321.123659,325.300175,327.724336,327.148658,330.364089,327.518478,327.896714,325.940328,330.526620,330.438785,335.791274,337.968879,342.267457,338.189379,337.683726,334.322148,329.764974,330.496196,322.966858,325.622380,325.128566,325.990545,324.929205,321.395442,312.539380,322.350910,323.999033,323.941170,319.958003,318.589020,324.720581,326.433225,327.775198,328.971992,329.899681,334.378923,329.969729
2025-05-02 15:30:00,107.188794,106.795871,103.623215,103.961473,103.669942,103.997547,104.438706,104.634306,109.730648,109.379602,105.171138,105.891640,105.428192,106.040781,106.213571,105.873163,105.561765,105.386492,103.711161,102.720445,103.704055,100.763138,100.185619,99.594900,101.147950,101.061426,100.199663,99.985157,100.908131,100.186286,99.780581,99.993902,97.952544,102.197865,101.521979,102.853215,102.182044,102.850925,102.009546,101.211529,102.984737,101.056209,101.239630,101.234073,102.125659,102.095445,103.995750,103.042573,104.225376,104.251421,104.481809,103.805362,101.989317,101.921548,102.544568,102.235401,103.103198,104.293697,101.787454,102.241934,102.519789,106.276025,106.397242,103.580687,105.101607,103.919452,104.743350,104.220638,103.680164,103.919342,104.562670,103.753007,103.967795,104.140732,103.993287,104.406335,102.703095,102.397810,101.373679,100.043355,101.900414,101.543794,100.260329,101.214418,100.834322,100.964169,100.693461,102.075425,103.263303,104.050158,103.627686,103.817707,103.402944,103.914900,106.226359,103.786395,324.448624,325.549647,321.311856,320.533900,321.775093,321.536852,319.964449,319.112461,323.334419,323.427210,320.490700,320.910210,318.914308,318.129023,318.557865,319.014145,317.680900,317.799862,313.121757,311.659296,310.386326,309.449104,306.217551,306.970541,301.467947,302.765627,301.018490,305.249010,306.178771,308.511591,308.110259,306.257869,306.269629,305.657525,306.897263,309.089766,306.753024,309.483090,311.500006,309.815732,314.829130,318.297825,315.767440,314.346809,314.254956,310.650260,311.897580,307.589946,320.795940,318.860789,315.006454,318.405165,318.366632,315.942618,315.371875,314.308855,314.595023,320.228738,322.622443,325.326329,327.260765,331.021743,327.866422,327.634706,330.135701,328.502245,327.193830,336.742321,335.562586,340.273384,341.823716,340.439536,341.294114,337.096835,329.684743,331.523766,330.845839,321.461716,327.271122,327.104084,328.205049,325.966838,320.502895,317.786745,322.655555,325.486638,323.496020,321.259816,321.258686,324.931709,324.519260,331.610956,331.493738,333.733089,331.693080,327.096051
2025-05-02 15:45:00,106.103585,106.169822,103.296656,102.932873,103.472009,103.835636,104.253556,107.848060,108.883495,104.342082,104.994427,104.537065,105.270295,105.389584,105.059222,104.925798,104.551014,102.723820,101.812598,102.603044,99.811733,99.256222,98.575018,99.033747,100.424805,99.658498,98.870065,100.087137,99.185479,98.690163,99.495057,97.316371,100.357480,101.073496,101.643655,101.584833,102.150038,101.532717,101.094884,101.364146,100.942265,100.492002,100.538314,101.136548,101.455522,102.673643,102.442201,102.351422,103.187986,103.397773,102.479780,101.062731,101.096944,101.950070,100.836152,102.184862,103.539110,101.181899,101.748200,101.516240,105.256841,105.762245,102.605092,103.695430,103.056734,104.136114,103.059918,102.766854,103.868225,103.250615,102.979956,103.872324,103.156541,102.830920,103.659247,102.275911,101.522372,100.484156,100.182135,100.678331,100.817167,100.372267,100.090467,101.326967,100.537360,100.738938,101.721098,102.428179,102.858428,103.425510,103.698869,102.364191,103.057935,105.375567,103.586299,102.794500,323.506859,323.851245,323.066815,323.709053,323.722035,323.226752,321.111058,321.227254,323.816763,322.643913,322.273946,320.657827,320.516742,319.016351,318.042533,321.213451,317.520799,314.447612,313.937909,312.203933,309.580850,309.626597,309.359126,309.415776,301.051401,304.908891,304.241381,307.440693,309.577527,309.550906,307.956892,305.865610,307.176874,306.267043,307.430803,306.596822,306.542298,306.751154,307.228280,312.367669,312.054778,312.753459,309.947686,312.016169,308.956644,307.175736,305.058618,306.757880,321.491634,314.724379,317.885135,318.994639,318.297505,317.055067,312.656899,317.910794,318.489374,322.781484,325.672814,325.018169,328.011103,331.158006,324.543555,329.027992,330.167698,329.651840,334.633522,340.596397,339.251611,340.874124,338.678815,338.477992,332.522925,329.438482,329.013991,329.508038,327.930908,321.680086,328.750954,329.380284,326.329693,322.944438,320.809796,315.915729,322.364222,323.392471,323.568874,324.693922,322.048089,322.618446,326.724020,333.071973,332.137975,328.903511,326.496807,327.952458
2025-05-02 16:00:00,104.302931,104.430558,102.614494,102.983231,103.525279,103.945905,107.756499,107.449591,104.718161,105.248789,104.763244,105.582947,105.187668,104.873084,104.672833,104.615019,103.036455,102.049714,103.001679,100.091283,99.802508,99.502093,100.111290,99.561234,98.921938,98.472697,99.685717,99.292132,98.343774,98.732234,97.448721,100.193827,100.309092,101.598703,100.971834,102.105762,101.258405,100.878300,102.458743,100.599101,100.887027,101.194051,100.569235,101.316260,103.014557,102.204176,102.617255,102.274505,103.560842,103.044553,101.755273,102.153373,103.010640,102.211527,102.373208,105.038869,102.019344,102.546563,102.694483,105.796077,106.168208,103.491005,104.240661,103.594472,104.929800,104.375980,103.176074,104.472222,104.699710,103.482945,104.598692,105.209245,104.265098,105.070251,103.475051,102.977147,101.486722,101.060785,102.419473,101.336969,100.965457,101.098512,101.427931,101.691721,101.418994,102.674616,102.846258,103.488302,103.175060,104.660785,104.239396,103.918560,106.088525,104.142049,104.434725,102.952480,320.023062,320.635429,320.627940,319.443983,319.235179,317.029518,316.233966,313.683755,317.948137,318.286300,316.993804,317.975623,316.294874,315.526929,315.678444,318.286658,313.449625,312.474859,310.737340,309.488320,308.931982,307.697481,309.955967,309.147296,305.191558,309.921728,307.317798,310.733936,310.600016,310.821011,309.041248,309.483742,311.141179,311.238650,309.605337,310.375345,308.214568,307.838754,315.573184,315.037632,312.015584,313.660886,309.192271,309.227231,310.041295,305.542781,308.161840,310.986603,311.937979,312.735227,315.878521,313.833865,315.285897,314.062508,312.730443,315.982764,317.668023,324.113112,322.297548,323.063871,326.031686,325.844978,323.371605,326.515183,325.824401,328.649656,330.427532,340.653184,336.733256,337.713600,337.734324,334.215097,327.672171,329.175954,328.269102,328.000248,325.721095,321.064208,321.029980,317.486575,313.744399,315.745350,315.547856,310.951603,319.398592,317.954145,322.677674,321.400397,319.925216,323.252560,323.645055,329.881993,325.003216,322.629564,322.806117,321.304469
2025-05-02 16:15:00,100.123355,99.828128,98.972780,99.508286,100.064113,103.708743,103.417584,99.586826,101.942579,101.443087,102.200573,101.839193,101.749734,101.678691,101.643270,100.132429,99.457904,100.130623,97.258973,97.001483,96.828277,97.344379,96.888827,96.241212,95.418196,96.731654,95.850017,95.541107,95.572188,94.015972,97.466988,97.242115,98.093484,98.523738,98.876019,98.603110,98.623473,99.412413,98.051120,98.071925,98.357732,98.623085,97.810647,99.594200,99.494478,99.864944,100.024124,99.423639,101.322529,100.031016,100.613882,101.757140,100.529567,101.581577,102.878491,101.413239,101.101501,101.097432,104.554330,104.659197,101.594447,102.878039,102.396627,103.277278,102.966800,102.594048,102.825155,103.058199,102.643785,102.429240,103.108076,103.699659,103.727986,102.320464,101.584067,100.628810,98.533651,100.600900,100.364686,99.689606,99.684190,100.350010,100.169174,100.230012,101.706621,102.515207,102.071873,102.315601,102.771670,102.565057,103.307095,104.333687,103.262044,103.638691,103.068146,100.910720,311.954251,309.409218,307.553567,308.757106,309.666080,312.736343,312.413770,308.285789,313.415688,313.623262,313.571393,313.556095,311.762960,313.215117,312.162230,311.173634,310.575208,309.062955,306.885084,304.934829,306.678145,306.623953,306.710272,307.010702,305.896189,309.155938,307.146643,306.956790,306.734372,307.837930,307.528392,308.295362,308.325717,305.968123,306.507786,307.843678,304.657028,310.976484,312.888478,308.594064,308.724707,310.847802,306.911674,305.871165,303.327011,304.475853,306.214456,305.157176,313.285768,313.513982,315.711587,314.356615,311.883704,313.502923,313.514505,318.796740,322.093931,320.553851,321.950637,323.646585,320.196701,324.407921,322.957866,324.794402,330.705679,330.646443,331.608255,337.611071,333.492620,334.043531,332.928748,326.760409,327.191687,326.753439,326.008203,322.619113,322.552616,324.455128,319.295759,315.905692,317.536354,315.235153,315.932038,313.498356,319.600683,322.737203,323.429288,319.090222,319.815861,323.333251,325.232388,328.050798,321.482247,324.313042,314.693922,315.303487
2025-05-02 16:30:00,100.395568,100.584512,99.825325,100.357667,104.202082,103.881732,100.188199,100.141060,101.893733,102.464398,102.007184,101.693037,101.592989,101.481825,99.954535,99.136439,99.907113,96.996433,96.639232,96.450473,97.180224,96.672668,96.166931,95.663776,97.354178,96.578002,95.627853,96.339992,94.315190,97.535795,97.870913,98.597456,98.402767,99.827870,98.840058,99.158482,100.124864,98.758625,98.792009,98.685094,98.957865,99.050585,99.749406,99.518507,101.015299,100.484310,100.733523,98.965919,100.140505,100.721388,101.835472,101.311085,101.510347,103.016527,100.598661,102.220547,101.408957,104.575621,104.879895,101.880208,102.923701,102.768658,103.907396,103.051564,102.795367,103.657268,103.699202,102.673670,103.359004,103.009487,103.330961,104.317308,102.290527,101.852044,101.407216,100.503164,100.712901,101.324005,100.347224,100.353441,100.997194,101.375667,101.218198,102.541369,102.837072,103.673222,103.013269,103.672877,103.233138,104.092894,106.102844,103.471340,103.765230,103.665556,101.864598,102.012725,306.777971,304.880369,303.697499,303.964140,308.106221,312.923213,314.033467,310.208764,311.631676,314.187970,311.757847,312.814224,310.729798,309.971295,307.388513,309.668709,308.776848,305.131230,305.092799,304.616533,303.861011,304.613990,305.120418,307.528074,306.373135,310.639571,308.986787,305.623317,304.208152,306.294068,306.586928,307.169225,304.865617,304.964978,306.908946,305.225346,309.576521,311.223241,309.490463,310.404070,308.675532,307.508918,304.028871,300.471044,301.953679,303.829643,300.816206,303.734262,312.347800,310.105978,314.534975,313.715866,313.667059,315.497967,315.503046,321.624616,320.791448,322.989463,320.907952,319.110601,319.076342,321.845598,317.684826,325.945138,330.351831,331.418109,330.553641,332.918231,330.092242,328.146592,325.260150,327.576507,325.590190,322.211631,322.752186,321.178377,323.396410,319.775825,316.475368,315.856600,316.714563,314.264947,314.591339,313.178905,319.484572,320.065492,320.440086,320.273114,321.557437,323.692001,320.691814,323.017934,322.843420,320.436390,312.476130,315.663433
2025-05-02 16:45:00,98.775321,99.094171,99.461581,102.966528,102.775814,99.255240,99.167266,99.016683,101.443720,101.193836,101.099803,101.050292,101.008948,99.370751,98.802655,99.456352,96.588255,96.268825,96.106835,96.819181,96.273536,95.660215,95.212292,96.075334,95.973119,95.106087,95.228866,93.893813,96.407995,96.493155,97.765944,97.220250,98.155755,98.414086,98.173639,99.270836,97.981453,98.109705,98.106726,97.950948,98.200067,99.395473,98.479350,99.180711,99.900991,99.808741,98.736483,96.384177,100.272464,101.122277,100.627398,101.552177,102.161649,99.834233,100.784375,101.380572,104.156587,104.325897,101.325923,102.068049,102.187421,102.911627,102.801576,101.841080,103.102967,103.207875,102.834718,102.960524,103.318118,102.724924,103.645211,102.568366,101.317711,100.780869,99.760606,100.997844,100.053511,99.756404,100.086075,99.874294,99.902288,100.849831,102.062634,102.217804,102.451610,102.987805,102.904778,102.846240,102.775621,105.298811,103.791600,102.973796,103.281652,101.553494,101.941376,100.883456,309.043165,309.616425,309.745897,311.582331,311.566528,313.195832,312.564378,310.889325,313.755561,317.053830,315.703186,316.333551,311.613166,309.135917,308.626308,309.606066,306.724207,305.530134,306.202767,306.021442,303.199436,306.450774,307.284792,309.794565,309.478228,310.050007,305.644685,303.665209,306.545146,305.621664,307.630346,305.692708,305.160334,307.350060,306.533939,309.712741,310.465865,308.031196,306.937657,309.382634,304.820503,305.394646,301.087699,300.431068,302.716707,300.479815,302.544752,303.830037,313.540123,311.759682,313.661372,316.413937,315.275668,316.325417,317.736871,319.507611,319.482870,322.143339,319.869289,319.365152,319.269510,321.025971,325.843552,330.228369,331.286401,332.835819,331.374148,334.232343,328.684412,323.817547,325.410499,326.747149,326.061978,322.869879,321.676220,324.260297,319.402983,316.967152,316.955122,315.351324,318.879212,314.953191,316.278279,317.051706,320.689339,319.871233,324.857358,325.020459,325.563873,322.682438,320.672851,324.967686,319.778542,318.403267,315.075466,319.011505
2025-05-02 17:00:00,104.546127,104.106969,106.720755,106.412426,102.792787,102.810110,102.593445,102.200960,104.153034,103.793169,103.773408,103.667242,102.216849,101.063385,101.947727,99.016014,98.604026,98.373376,99.365785,98.877278,98.347241,97.890789,98.799972,98.114680,98.735042,98.852183,97.009144,100.035588,99.616709,100.522864,100.462761,100.923999,100.470805,101.308426,101.799643,100.953641,100.900079,100.249312,100.668236,100.458830,101.721776,100.869411,101.975917,102.132556,103.044411,101.389145,100.316693,100.162220,101.476373,101.236602,102.142631,103.280354,100.684898,101.446133,101.434363,105.194024,105.413883,101.827220,103.180047,102.188887,103.124766,102.946698,102.294306,103.587484,104.045687,103.004619,103.564114,103.756906,104.107445,103.825679,102.443992,101.929710,101.076936,100.161534,101.391790,100.988605,100.448160,100.730144,101.183898,100.275627,100.850557,102.923258,102.545386,103.701951,103.025182,104.018726,103.281929,103.320009,105.664578,103.726764,104.110842,103.428901,101.518161,101.970358,101.135382,102.519818,317.164733,316.873947,318.344312,317.297455,315.943441,317.765031,315.960636,313.924713,316.989342,319.219737,317.531625,317.157545,310.999371,309.717837,307.843231,307.617106,305.916136,304.947601,306.801341,305.027804,304.114526,307.534322,306.957601,308.518568,305.534799,308.160069,303.299383,304.978709,306.009650,305.220865,303.919036,303.694871,303.883228,302.645495,310.881598,311.460499,307.793568,308.017443,306.049473,307.737777,303.727319,302.432387,302.075974,303.256010,300.540183,303.276537,304.887147,304.970709,314.249918,311.489066,316.650794,318.877339,318.659609,324.945084,320.536637,324.666173,321.298348,320.990933,323.323095,322.568909,322.834773,330.346662,331.481575,334.511608,335.967067,334.216599,333.422554,333.111568,324.312650,325.031542,327.474047,325.831193,324.108434,323.771281,322.851127,320.672233,318.111880,317.146194,318.030319,316.366411,317.195853,314.030156,318.873133,315.818618,321.166310,328.044875,329.704964,327.947379,325.652588,322.096031,324.691265,322.640416,320.188084,323.931882,322.600608,326.327010
2025-05-02 17:15:00,104.819366,106.049108,107.128413,103.799706,103.839266,103.722050,103.602594,103.464133,104.956848,104.430787,104.653855,103.257616,102.259189,102.722262,99.806639,99.718467,99.300755,100.142080,99.778781,99.107322,98.590575,99.483595,98.816906,98.374710,99.200508,97.266793,100.414451,100.426909,100.767740,100.564023,101.583138,100.636416,101.045954,102.384589,100.992525,101.570198,101.115723,101.308602,100.637415,101.995162,101.237261,101.953635,101.986531,102.673255,102.211495,100.263550,100.903532,101.190991,100.827290,102.360371,103.957305,101.469253,101.473064,101.579667,104.783042,105.445082,102.260940,102.959541,102.315130,102.897972,102.572281,102.283079,103.139796,103.130293,102.732482,103.701771,103.567624,103.457691,104.342412,101.932102,101.731812,101.212693,99.648274,101.048967,100.910854,100.438219,100.354120,101.350365,100.914239,101.310187,102.351884,103.781009,103.318967,104.098507,104.319416,103.711450,104.123944,105.639892,104.146341,104.263107,104.312917,101.480015,102.114177,101.504035,103.616614,102.744034,322.344572,322.451145,322.378675,323.039539,322.265706,321.509380,322.367136,321.762642,320.520898,323.736656,321.924018,317.597665,314.882382,313.752025,310.439302,311.752233,309.849113,310.059035,307.755298,307.581089,308.713964,310.597649,311.348009,311.123575,306.091003,308.529986,306.025505,307.374686,309.128369,306.601962,307.852036,306.016707,304.334953,309.200853,312.993596,309.655059,306.518531,307.362456,305.203490,302.163116,299.636308,302.968957,302.371151,301.626413,303.168790,304.930909,305.832022,306.634990,312.710688,312.657737,316.596157,318.770744,322.531119,322.209601,319.116856,321.163686,316.419239,321.721181,322.294808,322.625641,329.764157,334.329045,335.356651,338.093828,336.403221,335.643065,330.121558,327.412331,325.488116,328.055704,325.696099,324.883805,323.580000,324.941005,320.503707,318.825750,320.005780,317.415298,313.356311,314.163698,312.612967,315.872602,316.848323,312.658254,324.148010,327.917110,330.023214,325.936218,319.687594,323.570853,320.316263,322.135814,319.648010,325.672322,327.962203,329.525378
2025-05-02 17:30:00,106.025494,105.684285,103.560653,103.577106,103.608749,103.428204,103.983179,103.429385,104.839551,104.775181,103.590337,102.725833,103.390117,100.424768,100.312706,100.180247,101.195685,100.835236,100.346087,99.724895,100.728752,100.063858,99.505278,99.665068,99.057434,101.594511,101.691905,102.516683,101.963202,102.583540,102.488788,102.836283,103.068579,102.138175,102.529322,102.559376,102.663016,102.484445,103.340178,102.707404,104.107985,103.149495,104.013573,102.997914,101.908585,101.671833,102.464686,101.450092,101.768043,103.678663,101.247399,102.059965,101.622954,104.950142,105.081039,102.467122,103.398241,101.950683,103.225370,102.275595,101.494673,102.561548,103.034629,102.110263,103.369216,103.807285,103.157994,103.940198,102.713791,101.016645,100.757468,99.875084,100.690287,100.707921,99.931796,100.057578,100.825339,101.196075,101.314815,102.653660,103.052766,104.123089,103.478622,105.027154,104.059644,104.283900,105.955361,103.986254,104.045240,103.878925,102.390237,102.262210,101.403299,103.083584,103.576654,103.651993,322.815600,322.060019,319.436772,319.192806,318.899792,319.221973,316.598543,315.223425,318.646992,319.005458,312.638680,313.157743,310.883940,309.313416,307.243621,308.316560,309.372626,309.696853,308.203147,309.941477,309.046563,310.812661,309.252039,308.975895,303.247066,307.479052,303.745417,306.856446,306.536035,307.837611,308.836531,308.758888,311.783428,312.009032,311.994246,313.366187,311.691810,309.160743,307.598091,303.359283,304.728303,306.725710,302.826906,306.126173,307.976988,308.032994,308.917136,306.234518,312.897608,318.246218,323.555296,326.178827,323.816583,323.308653,321.034187,318.008958,317.698155,323.705617,321.259646,328.137849,334.302420,339.321266,337.185522,336.085769,338.978942,334.144420,326.775066,329.898399,325.586947,325.869419,325.850730,325.224734,324.398820,320.892290,317.040859,318.352576,318.594826,312.069864,312.083381,314.599503,315.655312,316.315091,317.514147,318.934004,327.396281,330.025233,327.800939,322.538224,320.508649,318.302963,317.798333,323.507915,321.186120,331.412641,330.257118,331.578212
2025-05-02 17:45:00,106.425659,105.450153,105.831293,105.903584,105.863694,105.390102,105.131442,104.821604,106.318352,104.976787,104.321861,105.123712,102.225640,101.884816,101.674932,102.509394,102.117600,101.582358,101.116600,101.994501,101.385565,100.826567,101.006042,99.926616,102.553300,102.315003,103.473082,103.146395,104.215270,103.145218,103.907067,105.021886,103.283980,104.111570,104.492231,104.973384,104.884523,105.737582,104.782841,105.927283,105.902503,106.393324,105.325235,104.090304,104.904721,104.370963,103.789672,104.297632,105.749823,103.397343,104.611878,104.799804,107.573851,107.934287,104.368004,105.623817,104.865105,105.645285,105.172861,103.997118,104.988021,105.117807,104.369520,105.833793,106.311006,106.027284,106.019094,105.053550,104.968075,103.086324,102.830464,104.070361,103.630465,103.105559,103.060658,103.775789,103.087990,103.591287,105.132258,105.678148,105.918481,106.684320,106.659793,106.978047,106.680639,108.697114,106.338816,106.280368,105.605514,103.698920,104.907532,103.428219,105.397356,105.179496,106.464457,106.104617,321.762763,322.877752,323.394503,322.560484,325.770003,324.298711,324.279821,329.179993,324.376961,322.876984,321.039255,319.902540,316.300008,317.396365,313.946619,316.053874,314.764195,318.101607,316.022448,315.881245,314.018366,315.385955,313.499210,314.074094,309.036432,310.585212,308.734260,308.546908,313.954322,316.525820,315.532603,322.941182,321.859531,318.170908,316.987829,318.201916,315.302627,310.529836,309.551760,308.801860,311.455409,309.779232,308.440924,307.927777,311.638172,312.177464,311.400854,311.613036,315.008170,317.819960,323.937296,321.830669,323.680450,322.705555,316.803192,318.430957,317.714077,323.189091,325.945786,331.541634,335.394223,337.594197,333.942688,335.093318,332.863876,325.159407,326.483153,327.866856,323.140886,325.947623,326.204222,327.259985,321.078003,319.564136,320.434711,321.427158,318.998669,310.091360,311.076963,315.598282,315.124492,315.561247,321.191744,320.934716,326.410100,328.562166,324.263547,323.759589,314.478860,316.248633,319.663112,324.308918,325.232335,331.335784,329.432480,332.845383
2025-05-02 18:00:00,103.550801,104.005671,103.750163,103.694820,103.590873,103.179033,102.896219,103.051521,103.568703,102.744079,103.624844,100.864722,100.848573,100.417302,101.369463,100.881786,100.440368,99.923186,100.835171,100.141915,99.629888,99.943460,98.888189,101.003220,101.621589,102.388909,102.045870,103.237190,102.325083,102.126682,103.430161,102.424543,102.495229,102.742845,103.405522,103.495212,104.578734,103.631909,104.420290,104.192542,104.516706,103.982433,102.420232,103.090019,104.079096,102.161037,102.995028,104.051873,102.312331,103.161512,103.260911,106.892767,106.919595,103.417898,104.306707,104.072173,104.562383,103.499802,103.033385,103.543382,104.334613,103.443760,104.219409,104.582712,104.659387,105.344510,103.576665,103.089277,102.355267,100.879896,102.061546,102.293292,101.387152,101.939156,102.489243,101.850619,102.299296,103.889064,104.349412,104.514945,104.557226,105.708264,104.500681,105.536102,107.216915,105.340246,105.082622,104.648465,102.085677,102.952093,103.152793,103.696125,104.169458,104.774138,105.271142,103.844398,320.792358,322.129095,320.777261,319.389604,319.868629,319.184595,318.794965,319.978797,312.900851,315.504825,314.050007,312.369041,310.086902,311.941313,310.004718,311.161447,312.293190,315.824512,313.897412,313.995794,310.673285,312.886198,310.080517,312.280095,305.803867,311.004170,307.075384,309.130265,315.626415,316.311909,320.089204,324.930415,318.289096,317.038423,316.982913,315.816263,312.334537,305.827296,309.626050,307.881402,307.704444,311.522774,307.164313,307.388410,310.644259,308.973007,312.313748,311.223773,316.813994,322.382684,323.714965,322.222038,323.244625,320.076538,317.015958,317.805082,316.645812,327.188014,329.461580,333.972169,334.556063,334.652293,334.097995,329.360093,325.120205,325.469035,324.529943,324.747295,319.559129,323.843938,327.400535,322.882475,318.927275,318.919445,320.368827,319.653683,316.757319,314.872292,314.478359,317.314194,316.608178,321.207138,324.636810,322.377271,324.648234,326.365540,328.528144,321.026968,315.577721,318.914465,323.122820,328.856130,329.949648,332.873815,331.798704,330.175147
2025-05-02 18:15:00,98.513167,97.905754,100.103392,100.146374,99.914579,99.637866,99.757025,99.703497,100.540665,101.054584,98.353508,98.253243,98.106503,98.846353,98.482202,97.993959,97.592309,98.510306,97.826341,97.356623,97.591222,96.697748,98.475058,98.448900,99.125909,98.511654,99.608842,99.032005,99.200371,99.964663,99.053082,99.400011,98.951621,100.185466,99.721272,101.296017,100.625699,101.021259,101.095547,101.326710,100.501274,98.945617,99.463572,100.221162,99.516238,99.763634,101.226592,98.546854,101.619774,101.350547,105.090353,105.826296,101.964051,103.159963,102.059792,103.798367,102.406583,101.340895,102.691156,102.287124,102.306880,103.297738,103.183380,103.319848,104.174575,102.758381,101.697101,101.080898,100.859041,100.652763,100.501140,100.286434,100.155817,100.798454,100.695491,101.012773,101.939112,103.580412,103.247231,103.371409,103.740456,103.908910,104.101782,105.897033,103.845221,103.863548,103.368241,100.854850,101.200841,100.832256,103.354073,102.490355,104.269201,103.480235,102.592945,101.131639,316.041964,314.066149,312.742557,311.366106,313.404676,312.555749,312.026227,311.768704,308.312607,309.308474,305.026113,306.266467,305.655706,305.003402,304.289753,307.203020,308.690944,311.823080,310.629555,308.962688,304.844469,305.197701,303.829359,306.457384,307.061295,307.364479,305.798957,307.628929,312.197587,318.890763,316.963494,317.359139,312.116462,311.525027,310.021967,311.127416,305.939496,301.748995,304.770326,302.444521,306.531838,307.721494,304.914229,304.167091,304.504722,305.722209,306.761819,307.935885,314.309005,317.770544,321.401292,316.370644,315.367052,317.928586,317.412019,318.166815,321.903510,329.687199,333.404804,334.406786,332.045146,334.265631,329.139415,324.728006,325.633351,323.107756,320.957299,323.427923,320.900876,324.416742,323.382712,319.645406,320.020911,319.806259,320.078273,319.618735,315.493698,316.906558,314.205761,315.782705,321.640097,322.008102,326.637024,322.795611,319.229367,325.504838,321.535683,317.461846,315.711137,321.400781,326.369419,332.418125,331.603029,335.309311,326.096729,324.705031
2025-05-02 18:30:00,98.338004,98.171159,101.125491,100.866395,100.694743,100.764944,100.794705,100.045847,101.916310,99.016491,98.997235,98.837152,99.506497,99.194006,98.578207,98.244802,99.211242,98.672173,98.143179,98.365854,97.289297,99.340018,99.248488,99.989434,100.123831,100.643885,100.168535,100.416666,101.422389,100.391481,100.992351,100.512012,100.841386,100.949704,102.259447,101.892751,102.612280,101.800339,102.395556,101.567937,100.007530,100.746070,101.519205,100.745125,101.970727,102.118340,99.898986,100.783581,102.742540,106.440261,106.842106,103.896109,104.650771,103.705713,104.007681,104.542664,103.022060,103.989940,104.241440,103.293973,104.750533,104.951890,104.287564,105.213978,104.013388,103.553775,102.657813,102.029487,103.282800,101.899808,101.395860,102.325690,101.994849,102.094576,103.111559,104.262589,104.665784,105.165356,104.742031,105.708428,105.332916,105.949362,108.025181,105.747619,105.232046,105.162962,102.859274,102.983815,102.164637,104.736208,105.076154,105.011921,105.721312,104.543631,102.568528,103.521134,316.359242,315.983250,317.159008,315.542744,316.663043,314.564004,314.576453,315.966293,309.252124,312.378907,309.994663,309.184569,308.406074,308.613762,307.713384,310.704698,311.408857,313.439144,311.159267,310.170182,304.777486,306.578121,303.814795,309.293728,307.621847,308.066813,307.744533,307.569905,316.456595,319.649487,316.697327,319.444205,315.429854,313.404033,311.189601,307.828279,306.611112,303.579884,305.043963,305.993027,309.568600,310.342147,306.569616,303.182769,307.674922,310.220497,312.190997,316.200623,314.805402,317.869520,322.561329,315.799766,317.366554,318.027504,316.631660,324.228986,328.432219,333.148390,335.646767,331.877750,333.542534,331.294536,323.691891,325.599401,325.045922,322.558574,321.405688,322.382775,324.148669,320.496328,320.960198,320.218225,321.113912,319.036014,319.127036,319.842006,318.584543,317.313615,315.324871,321.136607,325.391912,324.186657,323.731751,318.938904,319.925558,318.558468,314.106811,317.375225,317.401242,323.295158,327.371689,328.698506,330.999667,330.115751,322.047038,325.697987
2025-05-02 18:45:00,98.578056,98.042050,100.571327,100.268583,100.473475,100.178465,99.441297,99.831862,98.860710,98.656869,98.444221,99.222459,98.763304,98.160733,97.926315,98.859882,98.237971,97.716978,97.886881,96.907117,98.724373,98.695634,99.327194,98.890827,100.100563,99.480307,99.514774,100.614445,99.364172,99.573832,99.788245,100.257753,99.947101,101.643915,101.343725,102.083537,102.009747,101.898274,101.258941,99.632665,99.772424,100.955831,100.316344,101.219338,102.914834,99.519966,100.527035,100.613972,106.497822,106.415365,103.392528,104.842477,103.637554,104.647534,103.461160,103.405732,103.888020,103.599924,103.304162,104.150089,104.593343,104.679432,105.180406,103.427817,103.260418,102.975349,101.847266,103.242077,102.988768,101.261647,101.824864,102.831306,101.685155,103.141698,104.549415,105.152956,104.948800,105.393454,106.122933,105.233939,105.742193,108.027243,105.860908,105.667989,104.844573,103.445588,102.880994,102.884602,104.756505,105.111050,106.220305,105.094343,104.960970,102.904757,103.412775,102.957172,317.137476,317.105697,313.816249,312.008281,307.788311,304.604459,301.713711,300.294437,302.367906,304.763302,302.268231,304.835721,304.501904,305.223000,307.427313,308.268235,309.905819,310.311165,309.238688,307.507410,306.143339,305.059072,302.029095,306.242695,306.275779,308.730270,306.261359,312.609877,317.107250,316.017480,312.723810,316.597543,309.697824,307.963114,304.593137,307.060892,306.288759,299.374831,302.816873,303.888055,305.584469,306.763722,304.446233,303.857823,306.638736,309.195492,310.846074,308.475607,315.384913,318.099606,319.784612,318.283351,319.432821,319.008589,323.270607,328.473007,331.621907,334.174868,334.982236,336.339619,331.040686,328.655635,326.198557,326.090874,324.398780,323.457799,324.627973,328.445827,322.905322,321.955611,324.778403,327.385475,325.683220,324.431358,323.200900,326.753790,323.738302,320.677520,320.401721,325.916697,329.790549,324.794274,324.060499,323.394469,319.022657,317.338478,318.133487,321.772304,322.858474,328.451449,331.126036,332.854665,331.449354,330.763884,324.528294,323.056266
2025-05-02 19:00:00,99.841463,99.081226,101.360379,101.459169,101.037664,100.376482,100.789155,100.191400,99.357634,99.181009,100.054535,99.584533,99.028477,98.632708,99.684191,99.023229,98.482009,98.748463,97.675343,100.009386,99.945967,100.582169,100.152963,101.008382,101.192319,101.127555,102.295878,101.386869,101.659095,101.902374,102.477058,101.953607,103.292522,102.839976,104.149686,103.760155,104.637719,102.901968,101.152547,102.193562,102.494719,101.649250,102.739066,104.099840,102.113014,102.083124,102.265008,105.705162,107.904617,104.234827,105.354851,105.089553,105.994429,105.439562,104.150809,105.840795,105.351242,104.354275,105.655219,105.904875,105.855961,106.762235,104.822828,104.270960,103.970296,103.529729,104.326240,104.170467,103.782489,103.125765,103.678257,103.742253,103.321585,105.832868,106.338397,106.638088,106.110398,106.859550,106.431427,106.636742,108.889850,107.394053,107.085249,106.817998,104.556768,104.718848,103.705467,105.635282,104.742838,107.039622,106.605784,104.970336,104.187318,104.210566,104.384792,105.219692,316.143410,315.828701,316.153244,314.241945,312.303631,308.842234,311.672628,309.486597,306.601919,309.544325,307.546642,309.031232,309.824023,310.680612,312.340600,310.842175,314.131767,314.394541,313.231793,311.556933,308.823850,310.035016,306.664327,312.392912,313.786362,313.909966,316.505425,319.063810,322.208445,320.780810,318.567826,319.721816,315.429962,311.297220,310.538826,309.365627,304.821349,305.254548,307.922250,306.116280,307.950524,308.357643,308.324388,306.363589,312.101546,318.139256,318.597723,317.350370,314.594878,315.766690,319.739046,319.297046,320.830180,326.216908,326.082727,332.918858,332.240773,332.008499,334.496957,329.216075,324.281558,325.229414,322.175849,323.536155,322.005030,321.436377,325.902148,323.006987,320.279863,319.309694,321.339892,322.656672,324.873084,322.245247,324.066480,323.660965,322.307543,322.481923,321.192501,324.276776,324.576266,316.903367,323.208601,316.777748,315.169459,315.658294,320.731935,321.119485,322.821735,324.589539,328.530132,328.796802,326.485606,327.484583,317.517737,319.699458
2025-05-02 19:15:00,100.972919,100.853359,102.579537,102.162585,101.222364,101.820207,101.159924,101.261544,100.179811,101.039703,100.795183,100.266799,99.846670,100.729744,100.204555,99.648740,99.899259,98.901112,101.172259,101.202774,101.825439,101.406823,102.234292,102.264484,102.420293,103.339020,102.244201,102.763222,102.680639,103.188470,103.328161,103.870188,103.418322,104.067411,104.888183,104.992896,104.091939,102.342799,102.659982,103.429114,102.589410,103.714733,105.187746,102.804677,103.979983,103.181040,106.704609,107.118149,105.216852,106.255623,105.695098,106.860688,106.048467,105.658234,105.740523,106.309005,105.530661,105.977571,106.509939,106.630992,107.562559,105.942933,104.927620,104.519471,103.726827,105.253791,104.602005,103.750457,104.496624,104.082900,104.156816,104.898425,105.586618,107.381294,107.689913,107.032995,107.898552,107.104961,108.120569,109.568501,107.753794,107.981808,107.004245,105.810796,105.188076,104.877412,106.225835,106.856830,106.944897,107.893075,106.807690,104.357183,105.550348,105.304417,106.232163,106.303660,316.883696,316.290899,314.377077,309.757976,306.298700,300.887085,299.346801,299.691858,303.547997,306.973771,305.233185,308.566550,309.699465,310.179076,312.674802,314.103720,313.277360,312.974296,313.241613,309.958234,310.912362,308.526710,307.069183,313.596713,313.408690,319.099075,317.819569,316.729551,322.657664,320.910488,316.062782,317.352033,312.116698,310.726053,310.313965,306.981620,308.022443,304.795339,308.937552,306.567919,308.768639,312.042126,309.876050,311.090227,317.828497,317.521167,320.332067,318.392624,309.482869,316.427872,321.133708,319.105721,326.556283,330.597250,329.657780,333.790039,331.153761,332.517903,330.699001,322.757684,326.281495,323.825281,321.263643,322.265403,322.041378,323.361843,321.684450,320.694690,320.753574,320.150506,320.364598,322.743113,324.362648,324.343563,325.406562,324.476483,327.575784,326.435546,323.223449,322.851619,323.259479,321.031992,320.362395,315.745895,320.597045,320.658784,323.827191,325.332161,323.335163,326.282043,325.254762,326.084106,327.231880,325.875210,315.703192,319.575034
2025-05-02 19:30:00,100.891130,100.508453,102.107896,101.404757,101.668166,101.052652,101.136918,101.245369,101.207985,100.632168,100.222720,99.727855,100.658771,100.098120,99.650706,99.872686,98.878220,101.219451,101.114683,101.808314,101.352941,102.202898,102.170821,101.995729,102.531610,101.618461,102.160234,102.614796,102.698021,103.052827,104.080777,103.293733,103.753217,103.918362,104.633617,103.686614,102.068144,102.258796,102.564552,102.275882,103.013792,104.764739,102.261823,103.322970,103.695809,106.450130,106.656359,103.068883,106.343946,105.939015,106.895008,106.784464,105.682631,106.643223,105.907005,105.694465,106.351172,106.248934,106.148024,107.111981,105.826030,105.647543,104.478264,103.483530,104.790905,105.287338,104.182719,104.410460,105.272391,104.302719,104.990957,106.586049,106.420356,107.980351,107.713426,108.416859,107.256403,107.693554,109.981910,107.727055,107.636589,107.890340,105.768858,105.713727,104.822348,106.795056,106.247645,108.026592,106.850078,107.217654,105.032625,104.683193,105.899270,105.881926,105.556194,104.781281,321.732054,319.847939,314.803456,310.153387,307.352292,304.515610,305.182004,306.207542,308.257943,310.481131,308.442719,312.336220,313.179669,313.391077,313.851668,312.358873,314.847281,314.243711,314.068329,311.996889,310.910951,310.473179,307.781075,311.548097,311.255469,313.745196,310.204065,312.755874,315.457670,314.100810,311.262357,309.814773,308.499771,306.882928,303.064761,305.050736,307.029009,304.530019,305.208741,304.067335,309.365875,309.769075,309.622518,312.574712,312.655120,317.801997,316.435883,312.516878,306.271960,313.525825,318.102846,322.226521,331.047273,333.910281,330.350941,329.430153,327.613127,328.204725,323.009461,322.524128,323.180455,323.205217,320.929201,324.277492,324.566900,322.034991,321.407099,321.701380,323.312976,318.345097,321.708745,323.022541,326.076074,325.753181,323.899994,325.211040,328.478436,323.439846,319.990311,319.359646,319.373220,314.742029,310.467943,311.764564,318.402614,320.383090,325.432706,322.663839,324.829837,325.211175,323.063333,326.927948,323.007820,324.188431,319.390299,318.463920
2025-05-02 19:45:00,100.127593,99.544590,101.105636,101.568227,100.814281,100.871347,100.957220,100.986537,100.376079,99.975855,99.610949,100.494058,99.876246,99.339906,99.698119,98.692655,100.968818,100.879633,101.436047,101.069302,101.902980,101.868727,101.746447,102.782974,101.319728,102.021204,102.201764,102.921569,102.381077,103.956050,103.397760,103.831366,103.603943,104.094894,103.574096,101.901666,102.492242,102.669735,101.589843,102.983341,104.393531,102.202011,103.071111,103.534756,107.160777,106.672492,103.178729,104.183479,105.451369,106.879844,106.154015,105.599102,106.344598,106.456823,105.201276,106.654880,106.495977,106.090693,106.557210,105.604423,105.487350,104.526178,103.490531,104.333784,104.226894,104.892300,104.265266,105.091182,105.003804,104.945608,106.396673,107.119974,106.779266,108.196245,107.918642,108.013504,107.717348,109.346822,107.755103,107.709438,107.063361,106.110848,105.853166,105.241309,107.285378,106.968485,107.542549,107.540951,105.922773,105.056337,105.303261,104.790412,106.160285,105.363928,104.724988,104.943943,318.697123,315.110619,310.851968,306.532261,302.906539,302.563317,303.619141,305.882090,307.753484,312.701549,310.698301,314.089141,314.612725,314.582931,313.109572,314.331647,315.931688,313.490438,313.647634,311.981692,313.028326,312.570860,308.219253,317.196768,314.582897,312.332771,310.022269,311.893925,315.033404,313.721213,308.732574,309.754911,308.432362,303.436517,304.935011,305.357557,306.670466,302.800160,302.781851,305.878722,310.924118,310.870638,313.964400,312.423442,314.287085,318.369843,313.675123,312.330420,308.132672,316.051049,326.755512,326.604187,333.950699,335.874142,330.904919,330.828248,325.694652,322.989111,322.760572,322.367498,322.841332,322.878570,322.358743,325.414453,322.624739,320.296195,322.632003,323.106137,323.172519,320.669385,321.736828,325.120554,326.141058,325.481535,328.377505,328.400699,330.407674,324.041487,318.076905,321.491370,316.365282,314.929725,314.800933,316.229092,325.273026,325.822541,328.135152,328.397743,324.266102,325.440166,323.136079,325.477873,322.523796,324.799553,316.899036,319.087727
2025-05-02 20:00:00,98.619849,98.793830,100.739697,100.006924,99.992611,100.133702,100.194258,99.740332,99.659938,99.386776,100.327575,99.646348,99.149934,99.373687,98.471125,100.738536,100.484324,101.187659,100.630089,101.529377,101.518747,101.290560,102.389032,101.752149,100.871350,100.905321,102.124230,102.007719,102.752578,102.749666,103.050412,103.052174,103.214126,102.565027,100.990637,101.490795,102.037601,100.557279,101.638105,103.438731,100.869651,102.114051,102.311982,105.932495,106.288485,102.439824,103.007484,102.007215,105.548675,105.363296,104.627053,105.860121,105.400496,104.666863,105.105191,106.011703,105.439944,105.632056,104.411427,103.869972,103.651972,102.997794,103.614678,103.160236,102.621890,104.143086,103.429505,104.038335,104.733667,105.460796,106.431410,106.868304,105.609485,107.742791,106.596775,107.288606,108.734525,106.439468,106.539672,106.390886,104.223909,105.193242,104.667373,106.638595,106.482861,107.169117,106.544624,106.338763,103.304914,104.715293,104.571222,104.405533,105.184710,104.122512,103.659965,103.702374,318.962259,316.611634,313.497908,308.371848,304.978651,301.873840,304.091927,304.447559,306.577768,312.390692,311.047158,314.412708,315.816654,313.562958,311.634446,314.221079,313.889809,314.278684,312.614556,311.538856,312.135883,311.117416,312.335870,317.381414,315.336986,315.506276,312.311986,312.243865,314.252364,311.433460,308.649189,308.586970,306.211382,306.552603,307.710839,307.574747,307.233492,302.731803,304.435408,305.098181,309.021206,314.003568,313.450034,313.752617,315.444562,315.273416,314.650536,314.934780,306.242233,320.665956,327.098279,329.586270,334.929505,334.792728,330.640777,327.169277,319.480751,322.983213,323.324783,320.338404,321.776122,321.306891,323.492008,322.346366,320.948152,320.729457,322.531628,323.155036,322.699717,318.737960,322.754156,323.637032,325.352475,326.943518,329.684979,330.953697,328.748933,318.177581,317.105024,318.432668,316.237922,316.515060,318.035118,319.597320,327.960602,327.468305,330.822344,325.809108,323.593679,325.660815,319.651155,326.255884,322.544892,323.370455,318.708916,317.177895
2025-05-02 20:15:00,99.066412,99.005455,100.432296,100.436048,100.715939,100.680640,100.248768,100.188905,100.205062,101.174276,100.541667,99.965007,100.206575,99.257629,101.197205,100.994932,101.636854,101.148332,101.872328,101.930098,101.812508,102.780908,102.159670,102.400743,100.947394,101.606639,101.817316,102.950655,102.147968,103.088434,102.772213,103.022902,101.709685,100.440712,101.206898,101.799481,100.744823,101.108059,102.438913,100.649570,101.413201,102.086972,105.308333,105.653252,102.876440,102.852624,101.898955,102.664960,105.125553,104.508871,105.576649,105.956603,105.059229,105.776583,105.540151,105.575452,106.154872,104.112250,103.978293,103.558081,103.330931,104.372414,103.213486,102.493794,103.294701,104.308022,103.322785,104.382364,106.334400,105.968808,107.040598,107.024186,106.949714,107.453702,106.797247,109.190225,107.882878,106.513054,106.868693,105.306509,105.042944,105.455456,107.042060,107.282950,107.792124,107.500696,106.002378,104.732210,103.756506,105.088498,105.094981,104.543211,104.136342,104.156772,104.428799,103.666324,319.077814,313.360553,309.397826,306.502650,303.042362,298.642299,302.443160,303.640692,309.280590,312.274229,312.233752,315.020836,314.511359,313.229740,313.442836,312.604381,313.882690,312.344845,312.900331,311.639688,310.327814,313.885741,312.069151,315.634683,311.135974,310.866775,308.192912,307.555513,307.268875,307.978407,306.054967,303.955828,307.309687,305.471186,308.016719,307.645143,305.139565,305.585067,304.311605,307.607465,314.453361,313.854689,315.011421,312.528971,311.838561,315.511875,314.421557,312.775170,315.378001,323.989363,330.876465,331.268184,333.723553,336.085723,326.923865,321.527083,321.447446,324.756057,321.302505,319.936438,321.055418,323.318050,320.872743,319.256646,322.630653,321.944391,322.919483,322.831591,321.200477,322.871564,324.730210,323.972254,329.207387,331.816238,329.797020,327.444356,321.726977,321.416874,313.330122,316.352956,317.527388,318.074761,322.195825,324.093794,329.960340,328.743573,328.346428,324.011533,323.347551,324.781224,320.791601,323.109334,321.451893,325.115047,316.295980,312.634168
2025-05-02 20:30:00,98.335764,98.326758,100.105801,100.120793,100.326066,99.929455,99.889149,99.666278,100.813219,100.225077,99.717780,99.911203,98.883552,100.893291,100.749354,101.282214,100.865377,101.648249,101.521162,101.422152,102.466670,101.782121,102.066901,102.278733,101.743543,101.450008,102.849208,102.671107,102.665085,102.963005,102.961304,101.956969,99.991488,100.685381,101.431852,100.727411,101.317564,102.169641,99.860782,101.299298,101.406967,105.497429,105.394736,102.220417,103.320645,101.656090,102.707494,101.661271,103.898836,104.722771,105.009456,104.660802,105.191809,105.472897,104.715616,105.883181,104.422335,103.156925,102.649189,101.860898,104.164103,103.727533,102.273599,102.349041,103.029938,103.667133,103.400729,105.401703,106.390854,106.117797,106.685457,107.434822,106.208165,107.622468,108.514951,106.974755,107.387547,105.556273,104.947802,105.203537,104.870339,107.510620,106.862808,107.953751,107.602104,106.612808,104.071183,104.874170,103.906204,105.673529,104.716011,103.003999,103.812226,103.872589,103.627254,102.513421,319.007514,317.072921,313.881982,311.601339,311.142665,307.097726,309.977863,311.550301,313.217420,316.227502,315.409838,316.247168,314.878737,315.491604,314.069259,314.112833,314.163599,314.198356,315.953018,312.190451,317.483603,316.559609,313.377455,316.603495,310.201192,309.463074,307.234621,306.096874,310.492261,310.921097,309.550202,313.112703,313.429477,309.208879,309.841127,310.202945,307.083057,307.072794,307.623339,313.153715,316.448274,316.469194,318.575894,312.238153,315.638206,316.209151,316.168502,320.539323,320.232368,329.584319,332.057073,330.363823,334.219987,331.366247,319.666063,322.585178,320.379215,322.841134,321.607352,320.087387,322.668286,320.831963,319.699726,321.831336,323.181982,323.904705,323.612525,321.614909,322.809470,322.175756,324.336150,327.233478,330.013828,331.520520,326.394103,325.169637,322.515442,316.008297,312.645957,318.494980,320.587208,322.048248,325.471399,324.819344,332.207359,327.324812,327.328283,324.462746,320.739643,323.736973,320.220058,318.166453,319.979267,322.478129,309.731537,311.005003
2025-05-02 20:45:00,94.047209,93.921124,96.279042,96.160496,96.007267,95.917974,95.748348,96.277865,97.066793,96.608748,96.977969,95.912706,97.941325,97.743097,98.273473,97.889319,98.768686,98.902952,98.629029,99.707419,99.002529,99.238793,99.584529,99.932156,99.209616,99.985393,99.829523,100.679045,99.813888,100.679227,99.614782,98.091402,97.974241,99.455822,97.992586,99.180728,100.380040,97.688539,98.471852,99.226385,102.335131,103.085305,99.482987,100.443874,99.776821,100.368997,99.690570,98.258683,102.045496,102.123638,101.562548,102.787859,102.327139,102.408177,102.560709,101.442962,100.719007,99.440843,98.809126,100.229263,100.994207,99.352887,99.253918,99.777305,99.311577,101.169974,101.613482,102.679951,103.514964,102.959142,104.054287,103.854305,103.144081,106.286922,103.601325,104.114672,103.756942,101.204974,101.723646,101.600380,103.487626,103.970619,105.142531,104.538416,103.540712,102.123567,102.197665,102.105517,101.671937,102.570355,100.639871,100.109209,101.131527,100.325533,100.834278,98.735410,298.900778,295.151777,294.582943,293.678882,291.905308,292.362138,295.057644,297.214766,304.166699,305.261876,304.776997,305.368895,307.223697,304.549208,306.256246,303.788477,306.257824,307.348743,307.588369,308.046165,311.131198,309.847685,309.637861,311.576145,311.735718,308.445805,306.497637,308.680071,310.677550,307.121807,310.072646,312.848324,310.773137,310.436310,305.614229,308.722537,306.772732,306.382517,310.266602,311.546578,312.826470,313.311055,312.116704,310.311912,312.530814,315.271334,319.668112,322.308988,328.059363,331.483384,329.618043,327.481945,326.630744,322.341004,317.127272,318.562060,316.150823,318.193688,319.909263,320.365336,316.998742,316.178463,316.379653,317.127531,314.838240,314.919630,315.196563,317.414044,316.907442,317.764705,322.074193,328.612452,328.005895,321.671675,319.491859,322.203701,314.393577,310.010125,313.757937,319.415554,326.287508,323.625986,326.845674,327.309851,326.153862,324.467197,324.790956,322.583556,319.331037,319.206292,318.247602,319.099867,316.661911,313.267190,304.924662,307.644614
2025-05-02 21:00:00,94.862322,95.145285,96.652044,96.456168,96.354007,96.210008,96.611267,96.125042,96.844749,97.039796,96.218295,98.078198,97.774806,98.353298,97.784055,98.717309,98.647836,98.360195,99.287492,98.650938,98.630538,99.164636,99.599870,99.560311,99.988465,99.068694,99.732070,99.891875,99.544235,98.725836,97.297134,98.361648,98.117494,97.923496,98.736687,100.199942,97.837217,98.726187,98.828437,102.595962,102.535872,99.568013,100.490598,99.284896,100.933213,99.370692,98.827281,99.541023,102.886947,102.423418,103.545748,103.937814,102.898912,104.330376,102.305794,101.986327,101.176751,99.844777,100.997753,100.876822,100.969515,100.561916,100.723221,100.515001,101.326156,103.528326,103.653661,104.428509,104.880862,105.433761,105.147138,105.557129,106.742202,105.663576,105.006441,104.996103,103.058892,102.884916,102.505279,105.025735,104.770717,105.766817,105.866718,104.922108,102.689405,103.787173,102.835294,103.603091,102.264933,102.748746,101.778367,101.278491,101.443678,101.411174,99.606290,100.012235,284.661904,282.670167,282.082100,282.650720,282.924350,283.654840,287.687064,288.681608,300.843578,301.537554,300.752993,297.906839,300.208058,301.005523,299.550413,297.332545,298.126448,299.989871,303.997924,302.226796,303.900301,302.419310,301.465209,302.780047,305.851330,302.266742,301.272399,303.301361,301.685104,303.549864,305.568327,306.733406,302.339774,303.338604,301.492107,303.555434,301.997734,305.753710,305.701058,308.311611,307.883189,305.009758,308.321184,305.673660,307.951839,315.096104,316.718590,319.178766,325.928858,327.282435,326.345332,320.665009,315.059417,317.074058,311.521181,311.558998,313.292701,312.809848,315.146354,309.843646,308.863484,310.629586,310.680189,311.336751,309.745854,311.026081,312.046031,311.602813,315.034884,318.600690,320.100524,325.551726,322.961810,317.062923,318.243286,315.895190,307.950667,309.479311,318.039303,322.069983,328.232143,324.105756,328.810279,327.773288,321.325376,322.581265,321.167609,319.011842,314.751747,316.676747,315.478762,312.875816,305.596158,307.017889,301.379449,304.686151
2025-05-02 21:15:00,94.712047,94.873546,96.182975,96.055656,95.852989,96.368767,95.832530,95.803512,96.831873,95.952068,97.997879,97.676392,98.297211,97.758658,98.444560,98.525777,98.291724,99.205972,98.414955,98.420939,99.034054,99.386507,99.466421,100.103022,99.319893,99.706000,99.468556,100.144777,98.275936,96.949754,97.888777,98.774805,97.159662,98.859305,99.655392,97.613056,98.872743,99.006522,102.301847,102.538886,99.421458,100.445515,99.467150,100.269280,100.021192,98.441126,99.460025,99.374435,102.095495,103.138087,103.671399,103.333465,103.423503,102.607599,101.477505,101.178991,100.299959,100.985868,100.568051,100.017058,101.327200,101.021042,100.883803,101.354153,102.868501,104.663993,104.011929,104.292560,105.601053,105.208887,105.558034,107.308477,104.715696,105.616685,104.600886,103.103639,103.471508,102.447165,104.729607,104.695065,105.331597,105.257171,104.957614,102.710663,102.539094,103.672369,102.889503,102.965013,101.113534,102.610442,101.787233,100.649008,101.217101,99.876416,99.667931,99.692783,275.244174,272.604707,273.345922,273.926050,276.921748,277.384586,281.837112,284.457716,294.838396,297.015319,296.944381,294.559657,298.299519,295.208724,296.189311,295.262930,294.818212,299.980676,300.127530,296.943645,300.024396,297.615909,295.357340,297.508362,300.009373,298.664498,296.325358,296.320570,301.783620,298.983079,301.898515,301.345110,297.643983,299.590861,298.150377,301.112632,303.072284,300.480232,303.903500,304.098233,302.068533,303.304287,303.900108,302.443995,310.534383,315.796988,318.151701,317.790203,317.645467,322.129835,317.078458,307.544722,308.615694,311.022016,305.304755,310.101152,310.070027,314.117966,307.567560,303.744250,304.753991,306.911117,305.199890,306.000242,305.644160,308.843929,308.439675,308.598752,315.684362,317.653656,319.487779,319.705101,316.841368,316.362110,314.717163,310.813393,308.115463,308.945661,318.167014,320.405227,323.484787,322.077812,323.701939,319.950855,315.883334,317.347870,315.610426,316.222368,309.827221,311.955716,309.825812,304.092732,302.755620,302.138523,300.020406,299.519574
2025-05-02 21:30:00,94.010446,93.789382,95.419298,95.156816,95.610404,95.156016,95.114061,95.374268,95.280755,97.237629,97.013666,97.573714,97.034066,97.846324,97.898028,97.853774,98.692560,97.899970,97.934483,98.464008,98.892180,98.878821,99.484528,99.163720,99.502638,99.154573,99.191109,98.781936,96.682712,96.970748,98.145275,97.476526,97.968226,99.774624,96.967578,98.313863,98.752399,101.519583,101.986624,98.640296,99.449506,99.194081,100.182315,98.957723,98.712103,98.614576,99.157448,98.092548,102.539858,102.695060,102.914816,103.399779,101.306023,101.477479,99.945413,99.955162,100.894218,100.047631,99.386414,99.578888,101.175135,100.018684,100.550114,102.299289,102.832946,104.383323,103.598609,104.588915,104.606385,104.692700,107.083861,105.023241,104.360984,104.890663,102.262036,102.650128,102.393922,103.739433,103.968448,105.196913,104.728183,104.059365,102.760372,102.910683,102.263997,103.729344,101.760453,101.677187,100.903340,102.404594,101.276272,100.820444,99.671077,100.735553,99.216820,98.931498,281.220337,279.538251,279.800294,280.656520,281.894937,282.079448,285.546667,290.137819,297.542917,299.483810,296.742387,296.182135,298.469070,296.437761,296.971297,297.839758,298.889157,303.501853,300.499935,301.185650,301.588299,298.407832,297.861459,298.688491,301.935069,302.238926,296.801729,302.044650,303.048461,299.517181,300.326126,300.867390,299.400873,301.682388,300.180887,304.527534,303.637656,302.574782,302.167603,301.868963,304.851775,305.345364,305.212807,309.589020,315.687600,319.713653,317.996566,315.455339,319.988455,319.424744,310.320558,308.623449,309.470051,312.275809,309.081218,310.169326,311.663372,310.091982,305.488430,304.847002,304.585829,306.148135,305.717324,308.298540,308.566493,310.391211,309.923116,315.180351,320.210433,319.416341,320.179575,318.960744,320.550962,313.568565,314.952776,313.813812,314.587684,317.791465,324.457105,324.254217,326.247404,321.431902,322.901118,320.097782,312.991364,317.648434,316.588223,315.023810,313.424112,313.371444,303.578973,307.392008,304.148461,304.287553,300.368864,302.022899
2025-05-02 21:45:00,93.696989,93.765253,95.907793,96.299261,95.892867,95.925214,96.149091,95.919920,97.984478,97.669217,98.329300,97.783331,98.678813,98.904719,98.619496,99.677647,98.892586,98.846003,99.245908,99.749194,99.665727,100.397134,99.966350,100.384318,100.492449,100.137467,99.374828,98.032850,97.754854,98.442038,97.931818,98.757227,99.646476,97.892060,99.334414,99.766021,102.648315,102.671528,99.318369,100.343026,99.567667,100.754969,100.077425,99.253004,100.042565,99.406654,98.776256,99.153597,102.870706,102.903940,103.719729,101.983737,101.333400,101.226334,99.637119,101.526353,100.862204,99.795058,99.996414,100.419346,101.178108,100.909057,102.459857,102.977193,103.619083,104.852148,104.886034,104.633321,105.350963,107.144165,105.601737,105.445485,103.975944,103.417777,103.026685,102.786652,105.055635,103.787265,105.472167,105.273196,104.530376,102.757620,103.343141,103.197822,102.866558,103.239551,101.398238,102.348443,101.432365,102.662162,101.875320,99.843438,100.786691,100.828919,99.049888,99.086200,280.234841,280.358442,281.983544,284.010896,286.595438,290.196873,293.296373,296.695026,302.557055,302.734656,301.945116,301.069668,302.765634,301.238100,299.387813,305.758755,303.749095,304.112953,304.620781,304.769684,305.382277,302.304449,299.511234,301.859597,303.834285,299.313347,299.644905,301.605881,303.954400,299.359072,299.150066,302.205942,300.025000,302.549380,305.405921,304.992325,306.476153,303.902437,300.764398,302.816836,306.282213,306.020246,311.675937,313.696556,319.022895,321.841805,317.682114,316.605945,316.386161,312.481309,308.281910,307.549434,307.959403,313.786365,307.125400,312.992234,307.398673,307.489524,305.843755,304.812569,304.978557,303.791298,305.616046,308.622366,310.045957,311.154524,313.300532,318.064738,322.670265,314.646164,316.284953,318.886072,314.067384,310.734694,314.650186,316.159059,319.596586,320.569272,324.224868,325.914201,323.991294,319.636177,321.002931,317.939698,313.270294,315.387386,313.577532,315.357202,311.467061,304.955862,301.359063,304.871607,301.816193,302.714408,303.179948,302.052817
2025-05-02 22:00:00,95.074934,95.232850,97.855516,97.223034,97.280653,97.545111,97.284816,97.906992,98.998657,99.567082,99.167626,99.963224,99.977283,99.811053,100.643923,100.036915,100.025024,100.404021,100.713614,100.744586,101.405202,100.880976,101.265489,101.082262,101.625889,99.838736,98.394279,99.181524,99.481790,98.513717,100.119423,101.163254,98.187696,99.976543,100.822554,104.243658,104.134756,100.353854,101.201357,100.672057,101.746913,100.944968,100.320192,101.185801,101.211001,99.546709,100.611091,100.533833,103.727571,104.378761,103.260549,102.819780,101.621467,101.584336,101.922321,102.285803,101.380495,100.860433,101.469110,101.338081,102.725210,103.138383,104.041801,104.499687,104.694683,107.192925,105.512902,106.005458,108.426925,106.303788,106.492507,106.079692,103.269009,104.442825,103.775405,106.100076,106.208234,106.166492,106.319692,105.434612,103.257801,104.067877,104.037304,104.375890,103.050778,103.184151,102.282442,103.385482,102.086696,103.247035,101.141379,101.052748,101.301413,101.085967,100.049099,100.609975,286.043273,289.136499,294.704212,295.695557,296.841214,298.923134,300.588164,300.122507,305.299421,305.185864,304.236261,304.741699,306.324075,304.833037,306.328569,310.118723,305.207524,307.995967,308.169193,307.622186,308.423911,304.527023,304.661031,304.790704,301.937113,304.206486,302.698729,303.918914,304.398303,301.301720,303.658229,306.386985,305.457453,308.879337,307.183928,308.984904,309.188299,303.447932,305.637709,307.108044,309.180095,313.681826,317.680890,319.491378,321.818547,320.544836,320.115573,313.687606,312.366268,312.451145,310.285267,307.449747,313.705744,314.458397,312.104146,311.919254,307.012125,309.594434,310.138298,308.313878,306.304544,307.684016,308.941295,312.279771,311.600781,317.002278,317.962652,323.670808,323.520528,316.433578,318.613231,318.788862,317.350297,315.952633,320.454915,321.222970,325.616702,324.125555,328.939349,326.506967,324.782101,321.053141,321.269892,318.774177,313.826075,315.706076,317.697087,315.289509,304.051715,304.510712,302.155082,308.019920,305.088817,305.962366,305.268157,306.653576
2025-05-02 22:15:00,95.173148,95.412805,96.197404,96.130822,96.396416,96.131907,96.738860,96.579994,98.594942,97.975602,98.911675,98.810274,98.717852,99.645727,98.844302,98.866696,99.405924,99.683653,99.644301,100.341363,99.762989,100.114840,99.922442,99.812597,99.942007,97.831056,98.046078,99.251122,97.898033,98.905619,100.639808,98.385631,98.753668,99.745624,103.088497,103.577800,100.197054,100.692051,99.784696,100.999629,100.077694,99.136275,99.962166,99.606472,99.456552,99.515916,99.928476,99.433689,103.350613,101.926782,101.785275,101.196985,99.892637,101.779805,100.789428,100.560751,100.728055,100.749733,100.316299,101.148397,102.912519,103.050258,103.746955,103.726833,105.083279,105.454730,104.616971,107.114849,105.704738,105.521362,105.203982,103.344470,102.849445,103.332630,105.127690,105.381043,105.916182,105.212167,104.640770,102.784655,102.936680,103.304889,103.682879,102.536207,101.612038,102.167121,101.100950,101.909559,100.794452,100.983864,100.023589,99.783693,99.808695,99.306111,99.227684,98.976103,288.523016,288.783201,289.266679,290.036358,291.468987,292.236035,293.430622,295.092034,301.677102,301.284784,302.431534,301.960822,304.302863,305.050893,305.516261,307.209356,305.713613,307.110640,307.811261,306.756194,306.560420,304.381602,304.289136,303.756288,304.068857,304.364064,302.192500,303.540292,303.489212,304.156943,304.873512,307.507386,310.191669,308.609849,307.629271,308.658964,306.116401,306.846886,306.582763,308.135055,314.996907,317.959700,319.307465,320.193734,319.632526,321.046866,314.238131,307.133945,311.796994,313.116930,308.863139,311.209022,313.167906,317.248319,309.096122,307.103405,308.328371,311.444534,310.534416,306.980453,307.565561,309.284207,309.348782,310.847760,315.585188,319.125563,320.462145,322.454879,320.679244,316.675025,314.421800,314.266547,315.959157,316.854320,321.879197,324.679148,325.859324,328.075514,328.358966,325.421994,326.189158,318.777320,320.508512,316.959022,314.296707,316.469910,314.778685,307.632569,301.738210,301.304257,301.337436,305.100789,302.857656,305.697350,304.792546,306.587398
2025-05-02 22:30:00,95.638124,95.644332,96.661123,96.857945,96.564870,97.235090,97.102477,97.240290,98.439216,99.157813,99.113827,98.871060,99.806314,99.034959,98.833897,99.499419,99.712571,99.752541,100.365920,99.875763,100.190261,100.073104,99.919353,99.529112,98.545604,98.589359,99.097335,98.872075,99.288142,100.821966,98.573013,99.894432,99.813495,103.551906,103.861697,101.026829,101.607979,99.927745,101.242466,100.524198,99.404658,100.232779,100.596456,99.106954,100.507828,99.697280,99.979415,100.498101,101.952517,101.862534,101.311543,100.585272,101.338915,101.612950,100.494690,101.110206,101.457450,100.613020,100.922512,102.870108,104.030536,103.680317,104.372275,104.827481,104.832108,106.120363,107.367639,105.537368,105.783253,105.411488,103.865121,104.029980,102.990835,105.722483,105.559536,106.763349,106.412776,104.888705,103.122610,103.451833,103.373249,103.976961,103.945663,102.113685,102.258900,102.266971,101.115598,102.220806,99.724828,101.374837,100.350595,99.946842,99.446041,99.856944,99.366881,99.227743,306.838903,309.397510,311.863917,312.152149,312.393876,312.241501,310.880816,312.748217,310.365504,311.347196,310.860885,310.510571,313.859053,311.795704,313.054625,311.357861,310.644096,311.863346,311.604783,311.953891,310.592061,309.241502,308.098137,309.614496,309.553733,305.933789,307.013283,306.071823,309.128286,309.389660,310.679186,315.380993,313.059621,312.103991,310.230577,307.842138,313.086394,312.524483,311.779295,320.160752,323.128710,325.501567,326.006092,321.399949,322.871021,320.201767,312.798653,312.594394,315.151253,316.392957,315.900303,315.659676,320.813855,315.944317,309.528440,310.821981,309.919375,312.514342,312.070235,307.576325,312.271502,311.966473,312.746198,319.749114,323.071499,322.785313,323.552319,323.482367,323.959527,314.694517,313.683447,317.805041,321.652171,324.878978,329.822809,332.518378,332.581875,332.281525,333.048260,330.449486,327.453343,321.345885,323.849249,321.048195,319.422289,318.127107,312.541297,307.191304,303.653865,304.116790,302.958582,307.644016,311.591820,307.980119,309.869893,314.248528
2025-05-02 22:45:00,95.382959,95.130119,97.117110,96.756568,97.525537,97.438306,97.529520,97.333223,99.601343,99.511558,99.371483,100.313085,99.667958,99.606853,100.084493,100.536478,100.505127,101.225432,100.611298,100.920084,100.708186,100.688951,100.231689,99.136231,99.503414,99.415834,98.397261,99.775416,100.391938,98.395385,99.639152,99.976537,103.073142,103.929941,100.735673,102.101990,100.773482,101.763420,101.132010,100.063507,100.281433,100.398828,99.976287,100.459534,100.593964,99.970931,100.793444,98.706625,101.779449,101.178760,100.516491,101.966131,101.208617,101.278950,100.812416,101.599503,101.538820,101.305771,102.602604,103.407013,104.528593,104.311659,105.359816,104.750098,105.478906,108.394352,105.614864,105.853516,105.500717,103.854392,104.470746,103.922765,105.693606,105.858259,106.793899,106.927800,105.813132,103.250682,103.372478,103.968205,103.792069,103.641835,102.677847,102.317772,102.304223,102.179006,101.423275,101.206852,100.630127,101.376888,100.116907,99.742778,100.740175,100.317652,100.672151,99.867789,308.982220,310.755494,313.345710,314.868003,314.542854,312.729357,311.085669,309.957497,310.615026,310.148599,311.249690,312.023353,311.689252,310.628603,311.809600,310.657753,311.188221,313.382163,310.242193,311.887633,311.261340,308.338152,310.638998,310.198028,310.834788,307.925959,308.362853,309.058485,310.968151,311.620207,315.622382,316.791825,316.525076,314.100180,309.805490,310.832409,315.665936,314.891750,320.390868,326.088263,328.085750,328.731959,325.778294,323.525539,320.269832,316.144432,315.459882,314.310248,313.059971,320.599693,316.919701,318.998880,319.037397,314.544154,310.292536,311.328518,310.331365,313.685929,313.584910,313.328029,315.897332,315.031100,318.233213,321.850801,327.236800,321.773852,320.485159,323.084988,320.438694,312.453750,316.468982,321.261093,328.258345,330.934001,333.216742,336.347992,333.309889,330.996320,333.815742,328.698949,327.903717,322.687252,323.052770,322.086175,317.347395,310.763818,310.944897,308.445509,305.058213,306.198488,306.287599,313.355199,310.951277,310.474605,313.365876,312.733610
2025-05-02 23:00:00,94.542002,94.487610,95.764033,96.347032,96.266814,96.409445,96.158881,96.488178,98.373523,98.020235,99.024486,98.130526,98.246644,98.836039,99.075063,98.963967,99.577819,99.039585,99.228534,99.136314,99.027501,98.636430,97.534405,97.948940,98.866664,97.733064,98.536215,100.133423,97.346277,98.365879,98.660492,102.293156,102.400064,99.590017,100.090358,99.736862,100.798667,99.692856,99.055794,99.912740,99.541069,98.500164,99.567958,99.202738,99.659814,99.913945,98.346159,97.301268,100.035354,99.660802,101.071051,100.776018,99.776766,100.584828,100.671844,100.698093,101.259311,102.337336,102.561936,103.218685,103.853338,104.300346,104.064592,104.101051,106.540253,105.203594,104.322738,104.170460,102.964645,103.469647,103.263929,105.237267,104.311914,105.741210,105.579506,105.739595,102.941004,102.711823,102.346850,103.372522,101.972684,101.583421,101.875522,101.314578,100.794932,100.586281,99.247512,100.296443,99.111376,99.857287,98.690204,99.025744,99.208889,99.400051,99.250537,98.527949,321.094360,323.704108,323.276289,324.997088,322.953272,319.952726,318.136349,317.665203,315.357370,312.593833,318.998458,316.535138,315.578589,315.819376,315.047970,311.342761,313.728553,312.857823,313.213433,314.919346,312.201813,311.947376,310.048701,311.059078,307.380427,302.466469,302.243929,303.073732,303.662989,308.883378,305.063330,306.231168,307.149519,304.218315,307.166121,308.521367,310.739201,316.449217,319.079577,322.487293,323.623535,324.735653,321.717774,316.796984,310.946459,313.205085,309.458835,307.650575,311.133252,317.204301,320.119613,314.878615,315.409001,314.897024,312.413201,313.051212,314.037349,315.438063,319.546059,315.921388,316.896667,321.449297,322.611605,324.974617,324.302731,318.890380,322.733645,319.419590,319.978114,316.854735,322.617221,327.313894,334.793510,333.477851,336.192258,336.911437,332.665799,332.807980,327.174074,325.377429,325.053062,320.336712,322.131835,318.456772,309.604134,307.598216,309.158271,305.896782,302.594025,305.643296,304.682519,308.429330,312.044232,313.679534,314.630466,314.775637
2025-05-02 23:15:00,94.471963,95.424619,96.565890,96.360951,96.523946,96.313251,96.656737,97.140893,98.377541,99.128490,98.402472,98.297957,98.989941,99.219613,99.066454,99.709713,99.127781,99.453713,99.192138,99.110817,98.684850,97.657638,97.967666,98.791984,97.649654,97.967894,99.564522,97.477692,98.148864,98.764247,101.996535,102.422055,99.243975,100.457807,99.220706,100.825203,99.924509,98.526791,99.529935,99.630535,98.425470,98.986472,99.713163,98.855020,100.316286,98.205867,97.468511,95.861787,98.694524,100.515839,100.392502,99.663756,99.799504,100.770930,100.335604,100.941816,102.381709,102.640578,102.877918,103.119564,104.539846,103.840018,104.176470,105.787523,104.133420,104.923524,103.596299,102.035985,102.688529,102.576057,105.122708,104.988374,104.803209,105.289226,104.710981,103.373167,103.014335,102.512538,102.512900,102.849900,100.962278,101.465469,101.596043,100.908042,100.583383,98.860870,99.229760,99.577384,98.465229,99.198346,98.833991,98.532346,99.249986,98.933710,99.195235,98.892317,329.059728,329.133079,331.231494,331.731014,331.486745,329.057124,327.060144,326.198051,321.806286,322.484816,324.508283,321.832367,321.259161,320.991302,320.411761,318.690882,318.650952,318.228275,318.947693,318.986252,319.271678,317.084947,315.353414,317.435224,309.574272,307.214173,305.658581,308.116796,311.038651,311.919029,310.026426,310.295592,310.308041,310.540698,311.152517,312.461474,320.496159,324.370363,325.617802,327.019600,326.586812,328.176263,322.975492,314.740480,314.803687,315.646801,310.807597,309.462084,307.996082,318.921600,313.529396,312.573680,315.199859,317.556935,312.231318,313.100933,315.449772,320.016245,320.222397,317.874548,323.489893,325.464110,327.297506,328.891916,324.091122,324.263913,320.556729,320.475437,321.637629,322.970420,327.375439,331.018163,336.509154,337.747573,333.563032,331.834499,334.065912,326.837371,324.009283,323.286035,321.135780,321.690275,319.093188,309.623313,309.341626,306.577416,311.628128,308.128340,304.621261,309.243661,304.352631,311.462049,316.891167,314.294073,316.470022,315.678114
2025-05-02 23:30:00,94.477772,94.714969,94.950338,95.042925,94.864865,95.292489,95.974821,96.085275,98.353803,97.506769,97.690884,98.214903,98.644701,98.545622,99.119065,98.734033,99.228753,98.913670,98.764699,98.376953,97.294464,97.344667,98.563113,98.246826,98.596882,99.313455,96.750679,98.474339,98.088341,101.669923,101.627733,98.503103,99.322456,99.065777,99.705193,99.463866,98.504538,98.769318,99.145641,98.084683,98.394204,98.703413,98.873242,98.758978,97.908207,96.627125,95.556488,94.255270,99.269048,99.235382,98.640918,98.913080,98.954637,99.395000,99.391597,101.477743,101.976417,101.649416,101.483590,103.004394,102.944223,103.150902,105.638324,102.973150,103.455924,103.288468,100.816637,101.119784,101.451868,103.839914,103.819100,104.774562,104.357797,103.875981,102.077380,102.580823,102.352504,101.781339,100.908101,100.752781,100.116150,100.977211,100.677005,99.974963,98.568437,98.982168,98.536257,98.132231,97.062234,98.220709,97.415997,97.424398,98.279400,98.088644,98.050708,96.792828,319.456567,317.567657,316.481924,316.066327,319.249707,318.777544,318.207362,315.639145,316.309981,316.391469,314.679989,313.651470,312.740951,312.579726,313.080487,309.364703,310.896281,312.445591,311.442553,314.018888,312.430116,309.797409,308.973191,309.570387,305.227477,303.261439,302.397136,306.822555,306.644349,309.323381,306.353809,304.577844,309.106177,308.621324,308.894133,315.733933,320.197007,322.179346,325.167615,321.664257,322.748030,323.167611,314.848148,312.949043,311.574271,311.154779,308.733109,308.101285,311.694622,314.705538,314.777840,314.502607,315.285657,316.422343,310.812183,315.148142,316.954362,320.234331,318.186019,319.845437,324.140022,324.452239,322.532937,321.123530,323.342241,318.165492,316.356948,319.540591,320.625705,325.066194,331.112393,331.500485,337.017584,334.440934,330.353412,330.696786,329.405239,325.343049,323.857634,320.576577,322.216419,318.206055,310.968870,306.483958,304.969988,303.288776,307.636396,306.024378,304.461291,307.004223,305.155927,312.012057,316.822818,316.814220,313.999657,312.689810
2025-05-02 23:45:00,95.565359,95.628746,96.421173,96.142670,96.571267,96.997972,97.080216,97.294884,98.388753,98.224925,98.519668,98.655874,98.514419,98.865314,98.077205,98.539307,98.473891,98.300296,97.792081,96.667291,97.169223,98.060777,97.682821,98.756058,99.323430,96.597247,97.821089,98.002374,101.144290,101.942534,98.165374,99.133860,98.671603,100.138907,98.856188,98.713918,99.253324,98.933113,98.455395,99.601616,99.095963,99.092930,99.858189,97.872723,97.617824,96.017474,94.992535,96.272005,98.717391,98.292191,98.888188,98.804314,98.754136,99.847604,100.961092,102.171004,102.382969,101.731606,102.627723,102.586324,103.145028,105.080532,103.523508,102.936937,102.616334,101.434765,101.534486,101.041030,103.444858,103.507855,104.758957,104.007679,102.978579,101.386469,101.646213,102.008019,102.098436,100.868804,99.725219,100.365035,99.997008,99.716270,99.592835,97.926059,98.334648,98.056209,97.441634,97.656511,97.145551,97.784751,97.919364,97.508844,98.170536,98.318042,97.605678,97.533883,327.829204,326.779781,326.778155,327.522341,326.491838,325.467337,322.965280,323.109339,322.939939,320.916624,321.177964,319.880889,318.406409,319.613105,317.231836,318.649659,317.270716,316.955148,317.341396,319.105301,314.144292,314.234543,313.341808,315.377699,310.855912,308.454635,310.747021,310.639798,309.631439,312.384098,306.809268,309.318040,313.038472,312.196859,317.443761,322.072501,326.526796,326.341798,324.999757,324.946000,323.828057,319.964771,318.308920,315.947245,313.467306,313.706757,313.200632,312.246347,307.573354,310.332613,312.463384,312.333742,316.456720,315.689683,309.998544,316.922230,318.841199,319.294029,323.240558,323.958592,328.320041,325.265753,320.359639,323.757907,320.545950,316.812274,319.743115,322.126011,326.579444,330.300094,331.156205,334.088146,334.269698,333.820923,330.175718,326.812576,327.481866,322.398406,319.074096,321.251120,318.885337,309.378658,312.783129,307.868670,307.826015,305.686350,310.300707,308.892359,305.233844,310.922769,308.853446,315.588804,318.171165,315.673150,312.464302,311.522331
