datetime,generator_1,generator_all,generator_use_blast_furnace_gas,generator_use_coke_gas,generator_use_converter_gas,blast_furnace_gas_holder_2,feat_generator_1_lag_1,feat_generator_1_lag_2,feat_generator_1_lag_3,feat_generator_1_lag_4,feat_generator_1_lag_6,feat_generator_1_lag_8,feat_generator_1_lag_12,feat_generator_1_lag_48,feat_generator_1_lag_96,feat_generator_1_ema_2,feat_generator_1_mean_2,feat_generator_1_ema_4,feat_generator_1_mean_4,feat_generator_1_ema_8,feat_generator_1_mean_8,feat_generator_1_ema_16,feat_generator_1_mean_16,feat_generator_1_ema_32,feat_generator_1_mean_32,feat_generator_1_ema_96,feat_generator_1_mean_96,feat_generator_all_lag_1,feat_generator_all_lag_2,feat_generator_all_lag_3,feat_generator_all_lag_4,feat_generator_all_lag_6,feat_generator_all_lag_8,feat_generator_all_lag_12,feat_generator_all_lag_48,feat_generator_all_lag_96,feat_generator_all_ema_2,feat_generator_all_mean_2,feat_generator_all_ema_4,feat_generator_all_mean_4,feat_generator_all_ema_8,feat_generator_all_mean_8,feat_generator_all_ema_16,feat_generator_all_mean_16,feat_generator_all_ema_32,feat_generator_all_mean_32,feat_generator_all_ema_96,feat_generator_all_mean_96,feat_other_power,feat_clock_sin_1,feat_clock_cos_1,feat_clock_sin_2,feat_clock_cos_2,feat_clock_sin_3,feat_clock_cos_3
2025-05-01 00:00:00,103.6890869140625,316.1368408203125,928950.25,0,38205.70703125,144999.6875,102.52455139160156,99.158111572265625,99.619125366210938,101.13461303710938,101.09394836425781,100.01524353027344,97.72381591796875,103.43968963623047,92.436454772949219,102.96007537841797,103.10681915283203,102.01598358154297,101.24771881103516,101.1856689453125,101.02471160888672,101.34567260742188,99.6339111328125,103.71653747558594,104.35028076171875,105.20160675048828,104.19570159912109,315.46746826171875,309.06951904296875,307.3455810546875,306.16998291015625,301.58694458007812,293.52947998046875,282.53515625,298.218505859375,281.93508911132812,315.10519409179688,315.80215454101562,312.31268310546875,312.00485229492188,307.61959838867188,306.92691040039062,305.48800659179688,296.9949951171875,309.18380737304688,312.04678344726562,304.88931274414062,306.086181640625,212.44775390625,0.5,1,0.5,1,0.5,1
2025-05-01 00:15:00,102.64560699462891,319.2691650390625,919191.75,0,47212.640625,148339.15625,103.6890869140625,102.52455139160156,99.158111572265625,99.619125366210938,100.32917022705078,100.64910125732422,99.922355651855469,108.53276824951172,95.712295532226562,102.75042724609375,103.16735076904297,102.26783752441406,102.00434112548828,101.51010131835938,101.27427673339844,101.49861145019531,100.49458312988281,103.65162658691406,103.79545593261719,105.14890289306641,104.26792144775391,316.1368408203125,315.46746826171875,309.06951904296875,307.3455810546875,302.53155517578125,297.10733032226562,285.0926513671875,305.343505859375,286.22998046875,317.88116455078125,317.7030029296875,315.09527587890625,314.98574829101562,310.2083740234375,309.6971435546875,307.10931396484375,298.74960327148438,309.7950439453125,311.6806640625,305.185791015625,306.43032836914062,216.62356567382812,0.53270155191421509,0.99892950057983398,0.56526309251785278,0.99572241306304932,0.59754514694213867,0.99039262533187866
2025-05-01 00:30:00,103.30327606201172,319.70809936523438,896620.5,0,44421.0390625,153548.71875,102.64560699462891,103.6890869140625,102.52455139160156,99.158111572265625,101.13461303710938,101.09394836425781,98.057144165039062,113.9326171875,92.865646362304688,103.11899566650391,102.97444152832031,102.68201446533203,103.04063415527344,101.90858459472656,101.55044555664062,101.71092224121094,100.53630065917969,103.63051605224609,103.39539337158203,105.11085510253906,104.37664794921875,319.2691650390625,316.1368408203125,315.46746826171875,309.06951904296875,306.16998291015625,301.58694458007812,281.9111328125,321.46875,283.08157348632812,319.09912109375,319.4886474609375,316.94039916992188,317.6453857421875,312.31942749023438,311.9622802734375,308.59152221679688,300.394775390625,310.39584350585938,311.46051025390625,305.4852294921875,306.81185913085938,216.40483093261719,0.56526309251785278,0.99572241306304932,0.6294095516204834,0.98296290636062622,0.69134169816970825,0.96193975210189819
2025-05-01 00:45:00,103.04096984863281,319.963623046875,930515.875,0,34568.1015625,154216.609375,103.30327606201172,102.64560699462891,103.6890869140625,102.52455139160156,99.619125366210938,100.32917022705078,100.57342529296875,111.52600860595703,96.36895751953125,103.06697845458984,103.17212677001953,102.82559204101562,103.16973876953125,102.16022491455078,101.88941955566406,101.86740112304688,100.84246826171875,103.59478759765625,103.2327880859375,105.06817626953125,104.44615173339844,319.70809936523438,319.2691650390625,316.1368408203125,315.46746826171875,307.3455810546875,302.53155517578125,286.5411376953125,328.399658203125,286.50692749023438,319.67544555664062,319.83584594726562,318.14968872070312,318.76943969726562,314.01815795898438,314.14129638671875,309.92941284179688,302.74786376953125,310.9757080078125,311.5601806640625,305.78375244140625,307.16036987304688,216.92265319824219,0.59754514694213867,0.99039262533187866,0.69134169816970825,0.96193975210189819,0.77778512239456177,0.91573476791381836
2025-05-01 01:00:00,103.63095092773438,319.51431274414062,896427.375,0,46384.82421875,160695.1875,103.04096984863281,103.30327606201172,102.64560699462891,103.6890869140625,99.158111572265625,101.13461303710938,100.01524353027344,113.55282592773438,95.85009765625,103.44296264648438,103.33596038818359,103.14773559570312,103.15520477294922,102.48705291748047,102.20146179199219,102.07487487792969,101.211669921875,103.59697723388672,103.09536743164062,105.03854370117188,104.52719879150391,319.963623046875,319.70809936523438,319.2691650390625,316.1368408203125,309.06951904296875,306.16998291015625,293.52947998046875,332.46664428710938,286.6904296875,319.56802368164062,319.73895263671875,318.69552612304688,319.61380004882812,315.239501953125,315.809326171875,311.05706787109375,305.05905151367188,311.49319458007812,311.50003051757812,306.06686401367188,307.50228881835938,215.88334655761719,0.6294095516204834,0.98296290636062622,0.75,0.93301272392272949,0.8535534143447876,0.8535534143447876
2025-05-01 01:15:00,104.22092437744141,321.83209228515625,919257.375,0,41766.1640625,170271.109375,103.63095092773438,103.04096984863281,103.30327606201172,102.64560699462891,102.52455139160156,99.619125366210938,100.64910125732422,113.25577545166016,103.12132263183594,103.96160125732422,103.92593383789062,103.57701110839844,103.54902648925781,102.87236022949219,102.77668762207031,102.32735443115234,101.48033142089844,103.63479614257812,102.81974792480469,105.02168273925781,104.53865051269531,319.51431274414062,319.963623046875,319.70809936523438,319.2691650390625,315.46746826171875,307.3455810546875,297.10733032226562,333.19580078125,294.66583251953125,321.077392578125,320.67318725585938,319.95016479492188,320.2545166015625,316.70452880859375,317.62014770507812,312.32470703125,307.35525512695312,312.11978149414062,310.977783203125,306.39190673828125,307.7852783203125,217.61117553710938,0.66071975231170654,0.97346508502960205,0.80438071489334106,0.89667665958404541,0.91573476791381836,0.77778512239456177
2025-05-01 01:30:00,112.22403717041016,340.22705078125,893646.125,0,47489.7890625,167040.171875,104.22092437744141,103.63095092773438,103.04096984863281,103.30327606201172,103.6890869140625,99.158111572265625,101.09394836425781,117.16289520263672,99.35894775390625,109.46989440917969,108.22248077392578,107.03582000732422,105.77922058105469,104.95050811767578,104.40992736816406,103.49166870117188,102.36576080322266,104.15535736083984,102.671630859375,105.17018127441406,104.67266082763672,321.83209228515625,319.51431274414062,319.963623046875,319.70809936523438,316.1368408203125,309.06951904296875,301.58694458007812,346.36932373046875,298.14578247070312,333.84384155273438,331.02957153320312,328.0609130859375,325.38427734375,321.9317626953125,321.51483154296875,315.60733032226562,311,313.82327270507812,310.68341064453125,307.08953857421875,308.22360229492188,228.00300598144531,0.69134169816970825,0.96193975210189819,0.8535534143447876,0.8535534143447876,0.96193975210189819,0.69134169816970825
2025-05-01 01:45:00,120.08821105957031,349.17510986328125,950380.25,120.73580932617188,51476.203125,157288.921875,112.22403717041016,104.22092437744141,103.63095092773438,103.04096984863281,102.64560699462891,102.52455139160156,100.32917022705078,125.53756713867188,106.61715698242188,116.54877471923828,116.1561279296875,112.25677490234375,110.04103088378906,108.31444549560547,106.60538482666016,105.44419860839844,103.58543395996094,105.12097930908203,102.38529205322266,105.47777557373047,104.81298828125,340.22705078125,321.83209228515625,319.51431274414062,319.963623046875,319.2691650390625,315.46746826171875,302.53155517578125,360.32293701171875,306.60186767578125,344.06466674804688,344.70108032226562,336.506591796875,332.6871337890625,327.98583984375,325.728271484375,319.55648803710938,314.91464233398438,315.96578979492188,310.30160522460938,307.957275390625,308.66708374023438,229.08688354492188,0.72114431858062744,0.94843637943267822,0.89667665958404541,0.80438071489334106,0.99039262533187866,0.59754514694213867
2025-05-01 02:00:00,118.79052734375,349.76220703125,942561.6875,0,42604.1171875,148405.9375,120.08821105957031,112.22403717041016,104.22092437744141,103.63095092773438,103.30327606201172,103.6890869140625,101.13461303710938,128.12030029296875,103.9744873046875,118.04327392578125,119.43936920166016,114.87027740478516,113.83092498779297,110.64246368408203,108.49306488037109,107.01435852050781,104.75888824462891,105.94944000244141,101.96552276611328,105.75226593017578,104.96732330322266,349.17510986328125,340.22705078125,321.83209228515625,319.51431274414062,319.70809936523438,316.1368408203125,306.16998291015625,358.55642700195312,305.59814453125,347.863037109375,349.46865844726562,341.808837890625,340.24911499023438,332.82501220703125,329.93145751953125,323.110107421875,318.42916870117188,318.01406860351562,309.87289428710938,308.81924438476562,309.12713623046875,230.97166442871094,0.75,0.93301272392272949,0.93301272392272949,0.75,1,0.5
2025-05-01 02:15:00,115.40634155273438,346.05166625976562,946256.375,161.08006286621094,36758.6171875,133712.28125,118.79052734375,120.08821105957031,112.22403717041016,104.22092437744141,103.04096984863281,102.64560699462891,99.619125366210938,130.75555419921875,101.81005859375,116.28531646728516,117.09843444824219,115.08470153808594,116.62728118896484,111.70110321044922,110.08815765380859,108.00164794921875,105.68121337890625,106.5225830078125,101.94452667236328,105.95131683349609,105.10894775390625,349.76220703125,349.17510986328125,340.22705078125,321.83209228515625,319.963623046875,319.2691650390625,307.3455810546875,362.1583251953125,297.31625366210938,346.65545654296875,347.90692138671875,343.5059814453125,346.30401611328125,335.7642822265625,333.27926635742188,325.80911254882812,321.48818969726562,319.71331787109375,309.71267700195312,309.5869140625,309.63479614257812,230.64532470703125,0.77778512239456177,0.91573476791381836,0.96193975210189819,0.69134169816970825,0.99039262533187866,0.40245485305786133
2025-05-01 02:30:00,116.720947265625,345.80911254882812,957086.75,0,52499.3984375,120554.78125,115.40634155273438,118.79052734375,120.08821105957031,112.22403717041016,103.63095092773438,103.30327606201172,99.158111572265625,135.0472412109375,107.8214111328125,116.57573699951172,116.06364440917969,115.73920440673828,117.75151062011719,112.81661987304688,111.76536560058594,109.02745056152344,106.65790557861328,107.14067077636719,101.91987609863281,106.17337036132812,105.20165252685547,346.05166625976562,349.76220703125,349.17510986328125,340.22705078125,319.51431274414062,319.70809936523438,309.06951904296875,366.23379516601562,305.66409301757812,346.09121704101562,345.93038940429688,344.42721557617188,347.69952392578125,337.9964599609375,336.54190063476562,328.16204833984375,324.2520751953125,321.29486083984375,309.56094360351562,310.33377075195312,310.052978515625,229.08815002441406,0.80438071489334106,0.89667665958404541,0.98296290636062622,0.6294095516204834,0.96193975210189819,0.30865830183029175
2025-05-01 02:45:00,118.55720520019531,349.98583984375,957541.375,3041.03466796875,39963.05859375,105861.1171875,116.720947265625,115.40634155273438,118.79052734375,120.08821105957031,104.22092437744141,103.04096984863281,102.52455139160156,135.68778991699219,108.00575256347656,117.89671325683594,117.63907623291016,116.86640167236328,117.36875915527344,114.09230804443359,113.70489501953125,110.14859771728516,107.79715728759766,107.83258056640625,102.60521697998047,106.42870330810547,105.31156158447266,345.80911254882812,346.05166625976562,349.76220703125,349.17510986328125,321.83209228515625,319.963623046875,315.46746826171875,362.80386352539062,296.46054077148438,348.6876220703125,347.8974609375,346.65066528320312,347.90219116210938,340.6607666015625,340.294677734375,330.72955322265625,327.21798706054688,323.03372192382812,310.69161987304688,311.15133666992188,310.61053466796875,231.42863464355469,0.82967293262481689,0.87591993808746338,0.99572241306304932,0.56526309251785278,0.91573476791381836,0.22221487760543823
2025-05-01 03:00:00,119.24790954589844,336.59683227539062,914556.125,2985.515380859375,33220.32421875,109133.8046875,118.55720520019531,116.720947265625,115.40634155273438,118.79052734375,112.22403717041016,103.63095092773438,103.6890869140625,133.29421997070312,101.64216613769531,118.79751586914062,118.90255737304688,117.81900787353516,117.48310089111328,115.23799896240234,115.65701293945312,111.21910858154297,108.92923736572266,108.5244140625,103.26693725585938,106.69302368164062,105.49495697021484,349.98583984375,345.80911254882812,346.05166625976562,349.76220703125,340.22705078125,319.51431274414062,316.1368408203125,360.97415161132812,293.25811767578125,340.62710571289062,343.29132080078125,342.62911987304688,344.61087036132812,339.75765991210938,342.42999267578125,331.41983032226562,329.11965942382812,323.855712890625,311.49053955078125,311.67599487304688,311.06198120117188,217.34892272949219,0.8535534143447876,0.8535534143447876,1,0.5,0.8535534143447876,0.14644661545753479
2025-05-01 03:15:00,115.94168853759766,332.51461791992188,940520.5625,3080.930908203125,37805.5859375,96644.1953125,119.24790954589844,118.55720520019531,116.720947265625,115.40634155273438,120.08821105957031,104.22092437744141,102.64560699462891,132.26425170898438,101.9803466796875,116.89363098144531,117.59480285644531,117.06807708740234,117.61693572998047,115.39437103271484,117.12210845947266,111.77470397949219,109.94939422607422,108.97394561767578,103.88567352294922,106.88371276855469,105.64038848876953,336.59683227539062,349.98583984375,345.80911254882812,346.05166625976562,349.17510986328125,321.83209228515625,319.2691650390625,361.052490234375,291.10009765625,335.21878051757812,334.55572509765625,338.58331298828125,341.22659301757812,338.14810180664062,343.76528930664062,331.54861450195312,330.69271850585938,324.38052368164062,312.32891845703125,312.10565185546875,311.49337768554688,216.57293701171875,0.87591993808746338,0.82967293262481689,0.99572241306304932,0.43473690748214722,0.77778512239456177,0.084265202283859253
2025-05-01 03:30:00,117.46919250488281,332.39865112304688,889090.3125,3017.025390625,42150.00390625,97111.71875,115.94168853759766,119.24790954589844,118.55720520019531,116.720947265625,118.79052734375,112.22403717041016,103.30327606201172,124.24545288085938,95.3563232421875,117.27733612060547,116.70543670654297,117.22852325439453,117.80400085449219,115.85544586181641,117.77775573730469,112.44464111328125,111.09384155273438,109.48881530761719,104.67462158203125,107.10197448730469,105.8707275390625,332.51461791992188,336.59683227539062,349.98583984375,345.80911254882812,349.76220703125,340.22705078125,319.70809936523438,349.53302001953125,280.6741943359375,333.33868408203125,332.45663452148438,336.10946655273438,337.87399291992188,336.87045288085938,342.7867431640625,331.64862060546875,332.15078735351562,324.866455078125,313.32843017578125,312.52407836914062,312.03216552734375,214.92945861816406,0.89667665958404541,0.80438071489334106,0.98296290636062622,0.37059047818183899,0.69134169816970825,0.038060247898101807
2025-05-01 03:45:00,118.41244506835938,333.28335571289062,902810.5625,2979.6494140625,43349.140625,97512.453125,117.46919250488281,115.94168853759766,119.24790954589844,118.55720520019531,115.40634155273438,120.08821105957031,103.04096984863281,131.96546936035156,96.238883972167969,118.03407287597656,117.94081878662109,117.70209503173828,117.76780700683594,116.42366790771484,117.56828308105469,113.14673614501953,112.08683013916016,110.02964019775391,105.57172393798828,107.33517456054688,106.10170745849609,332.39865112304688,332.51461791992188,336.59683227539062,349.98583984375,346.05166625976562,349.17510986328125,319.963623046875,356.42529296875,273.9158935546875,333.30181884765625,332.84100341796875,334.97900390625,333.6983642578125,336.07330322265625,340.80029296875,331.8409423828125,333.2642822265625,325.3765869140625,314.607666015625,312.95208740234375,312.65057373046875,214.87091064453125,0.91573476791381836,0.77778512239456177,0.96193975210189819,0.30865830183029175,0.59754514694213867,0.0096073746681213379
2025-05-01 04:00:00,119.3975830078125,330.75640869140625,945483.75,3045.27392578125,35841.484375,103189.5546875,118.41244506835938,117.46919250488281,115.94168853759766,119.24790954589844,116.720947265625,118.79052734375,103.63095092773438,121.85163879394531,96.1732177734375,118.94307708740234,118.90501403808594,118.38028717041016,117.80522918701172,117.08453369140625,117.6441650390625,113.88213348388672,113.06861114501953,110.59738922119141,106.35126495361328,107.58388519287109,106.3436279296875,333.28335571289062,332.39865112304688,332.51461791992188,336.59683227539062,345.80911254882812,349.76220703125,319.51431274414062,330.0885009765625,276.61260986328125,331.6048583984375,332.01986694335938,333.28997802734375,332.23825073242188,334.89178466796875,338.424560546875,331.71334838867188,334.17800903320312,325.70263671875,315.58651733398438,313.31918334960938,313.21456909179688,211.35882568359375,0.93301272392272949,0.75,0.93301272392272949,0.25,0.5,0
2025-05-01 04:15:00,115.4649658203125,325.82321166992188,900705.3125,3049.4755859375,40175.9375,102321.28125,119.3975830078125,118.41244506835938,117.46919250488281,115.94168853759766,118.55720520019531,115.40634155273438,104.22092437744141,120.39994812011719,88.622642517089844,116.62433624267578,117.4312744140625,117.21415710449219,117.68604278564453,116.72463226318359,117.6514892578125,114.06834411621094,113.86982727050781,110.89239501953125,107.18220520019531,107.74638366699219,106.62322998046875,330.75640869140625,333.28335571289062,332.39865112304688,332.51461791992188,349.98583984375,346.05166625976562,321.83209228515625,330.985107421875,265.85089111328125,327.75042724609375,328.289794921875,330.30325317382812,330.56539916992188,332.87652587890625,335.89599609375,331.0203857421875,334.587646484375,325.70993041992188,316.66860961914062,313.57699584960938,313.83929443359375,210.35823059082031,0.94843637943267822,0.72114431858062744,0.89667665958404541,0.19561928510665894,0.40245485305786133,0.0096073746681213379
2025-05-01 04:30:00,111.21411895751953,321.45883178710938,901381.375,2939.781982421875,36747.921875,110002.0625,115.4649658203125,119.3975830078125,118.41244506835938,117.46919250488281,119.24790954589844,116.720947265625,112.22403717041016,116.10532379150391,87.310287475585938,113.01752471923828,113.33954620361328,114.81414031982422,116.12227630615234,115.50007629394531,116.963134765625,113.73255157470703,114.36425018310547,110.91189575195312,107.45027160644531,107.81788635253906,106.87223052978516,325.82321166992188,330.75640869140625,333.28335571289062,332.39865112304688,336.59683227539062,345.80911254882812,340.22705078125,326.75271606445312,261.17962646484375,323.5560302734375,323.64102172851562,326.7655029296875,327.8304443359375,330.33926391601562,332.85220336914062,329.8955078125,334.69705200195312,325.45230102539062,317.5458984375,313.73953247070312,314.46719360351562,210.24470520019531,0.96193975210189819,0.69134169816970825,0.8535534143447876,0.14644661545753479,0.30865830183029175,0.038060247898101807
2025-05-01 04:45:00,111.53804779052734,322.38037109375,875418.5625,2983.662109375,43465.6171875,118217.15625,111.21411895751953,115.4649658203125,119.3975830078125,118.41244506835938,115.94168853759766,118.55720520019531,120.08821105957031,108.24432373046875,88.866706848144531,112.03121185302734,111.37608337402344,113.50370788574219,114.40367889404297,114.61962127685547,116.08574676513672,113.47438049316406,114.89531707763672,110.94984436035156,107.868896484375,107.89458465576172,107.10839080810547,321.45883178710938,325.82321166992188,330.75640869140625,333.28335571289062,332.51461791992188,349.98583984375,349.17510986328125,316.77423095703125,263.10443115234375,322.77224731445312,321.91958618164062,325.01144409179688,325.10470581054688,328.57061767578125,329.40151977539062,329.01138305664062,334.84811401367188,325.26611328125,318.7979736328125,313.91769409179688,315.08465576171875,210.84231567382812,0.97346508502960205,0.66071975231170654,0.80438071489334106,0.10332334041595459,0.22221487760543823,0.084265202283859253
2025-05-01 05:00:00,107.19701385498047,318.9530029296875,900138.625,2901.494873046875,28839.8125,115345.2109375,111.53804779052734,111.21411895751953,115.4649658203125,119.3975830078125,117.46919250488281,119.24790954589844,118.79052734375,108.02839660644531,86.281875610351562,108.80841064453125,109.36753082275391,110.98102569580078,111.35353851318359,112.97015380859375,114.57938385009766,112.73586273193359,115.11819458007812,110.72239685058594,108.16493225097656,107.88020324707031,107.32625579833984,322.38037109375,321.45883178710938,325.82321166992188,330.75640869140625,332.39865112304688,336.59683227539062,349.76220703125,321.43942260742188,259.5238037109375,320.22607421875,320.66668701171875,322.58807373046875,322.15383911132812,326.43338012695312,327.196044921875,327.82803344726562,334.81301879882812,324.88348388671875,319.93603515625,314.02151489257812,315.70370483398438,211.7559814453125,0.98296290636062622,0.6294095516204834,0.75,0.066987305879592896,0.14644661545753479,0.14644661545753479
2025-05-01 05:15:00,120.83818817138672,330.77230834960938,908326.625,9070.28515625,38295.5078125,124495.359375,107.19701385498047,111.53804779052734,111.21411895751953,115.4649658203125,118.41244506835938,115.94168853759766,115.40634155273438,113.04072570800781,84.6141357421875,116.82826232910156,114.01760101318359,114.92389678955078,112.69684600830078,114.71860504150391,115.19144439697266,113.68907928466797,116.15677642822266,111.33547973632812,108.81855010986328,108.14737701416016,107.70359039306641,318.9530029296875,322.38037109375,321.45883178710938,325.82321166992188,333.28335571289062,332.51461791992188,346.05166625976562,338.54421997070312,256.87667846679688,327.25689697265625,324.86264038085938,325.86175537109375,323.39111328125,327.3975830078125,326.978271484375,328.17440795898438,335.37179565429688,325.24038696289062,321.363525390625,314.36688232421875,316.47344970703125,209.93411254882812,0.99039262533187866,0.59754514694213867,0.69134169816970825,0.038060247898101807,0.084265202283859253,0.22221487760543823
2025-05-01 05:30:00,123.27775573730469,333.9173583984375,893013.875,10171.3603515625,43613.3515625,138921.859375,120.83818817138672,107.19701385498047,111.53804779052734,111.21411895751953,119.3975830078125,117.46919250488281,116.720947265625,116.96387481689453,87.390998840332031,121.12792205810547,122.05797576904297,118.26544189453125,115.71275329589844,116.62064361572266,115.91751861572266,114.81716156005859,116.84763336181641,112.05924987792969,109.60669708251953,108.45934295654297,108.07740783691406,330.77230834960938,318.9530029296875,322.38037109375,321.45883178710938,330.75640869140625,332.39865112304688,345.80911254882812,349.64620971679688,258.75970458984375,331.69720458984375,332.34481811523438,329.083984375,326.50576782226562,328.846435546875,327.1680908203125,328.85006713867188,334.9774169921875,325.76626586914062,322.98870849609375,314.76998901367188,317.25634765625,210.63960266113281,0.99572241306304932,0.56526309251785278,0.6294095516204834,0.017037093639373779,0.038060247898101807,0.30865830183029175
2025-05-01 05:45:00,122.85837554931641,333.12948608398438,852167.25,10055.654296875,37718.6171875,154884.5,123.27775573730469,120.83818817138672,107.19701385498047,111.53804779052734,115.4649658203125,118.41244506835938,118.55720520019531,129.2510986328125,89.054946899414062,122.28156280517578,123.06806945800781,120.10261535644531,118.54283142089844,118.00680541992188,116.47325897216797,115.76318359375,117.02076721191406,112.7137451171875,110.3031005859375,108.75623321533203,108.42952728271484,333.9173583984375,330.77230834960938,318.9530029296875,322.38037109375,325.82321166992188,333.28335571289062,349.98583984375,361.39361572265625,261.670654296875,332.65206909179688,333.5234375,330.70220947265625,329.19305419921875,329.7982177734375,327.14886474609375,329.353515625,333.97457885742188,326.2125244140625,324.44461059570312,315.14852905273438,318.00070190429688,210.2711181640625,0.99892950057983398,0.53270155191421509,0.56526309251785278,0.0042775571346282959,0.0096073746681213379,0.40245485305786133
2025-05-01 06:00:00,127.47744750976562,339.85943603515625,921883.375,9771.126953125,40118.3828125,170947.34375,122.85837554931641,123.27775573730469,120.83818817138672,107.19701385498047,111.21411895751953,119.3975830078125,119.24790954589844,132.22300720214844,87.031410217285156,125.7454833984375,125.16791534423828,123.05255126953125,123.61294555664062,120.11138916015625,117.48323822021484,117.14133453369141,117.56370544433594,113.60851287841797,111.16129302978516,109.14223480224609,108.85084533691406,333.12948608398438,333.9173583984375,330.77230834960938,318.9530029296875,321.45883178710938,330.75640869140625,336.59683227539062,363.48052978515625,258.99169921875,337.45697021484375,336.49447631835938,334.36508178710938,334.41964721679688,332.0340576171875,328.2867431640625,330.58950805664062,333.35565185546875,327.03961181640625,325.89242553710938,315.65802001953125,318.84307861328125,212.38198852539062,1,0.5,0.5,0,0,0.5
2025-05-01 06:15:00,128.76266479492188,353.27764892578125,933332.375,3957.986328125,42321.96875,171089.265625,127.47744750976562,122.85837554931641,123.27775573730469,120.83818817138672,111.53804779052734,115.4649658203125,115.94168853759766,116.078369140625,90.472976684570312,127.75693511962891,128.12005615234375,125.33659362792969,125.59406280517578,122.03389739990234,119.14545440673828,118.508544921875,118.39847564697266,114.52694702148438,112.03984069824219,109.54678344726562,109.24969482421875,339.85943603515625,333.12948608398438,333.9173583984375,330.77230834960938,322.38037109375,325.82321166992188,332.51461791992188,351.17880249023438,262.31683349609375,348.00408935546875,346.56854248046875,341.93011474609375,340.04598999023438,336.75485229492188,331.71856689453125,333.25869750976562,333.80728149414062,328.62979125976562,327.64773559570312,316.43368530273438,319.79058837890625,224.51498413085938,0.99892950057983398,0.46729844808578491,0.43473690748214722,0.0042775571346282959,0.0096073746681213379,0.59754514694213867
2025-05-01 06:30:00,121.36070251464844,349.695556640625,941321.125,3950.951416015625,40918.7265625,164435.390625,128.76266479492188,127.47744750976562,122.85837554931641,123.27775573730469,107.19701385498047,111.21411895751953,117.46919250488281,117.50971984863281,94.120040893554688,123.49277496337891,125.06168365478516,123.74623870849609,125.11479949951172,121.88430023193359,120.41377258300781,118.84409332275391,118.68845367431641,114.94111633300781,112.67317962646484,109.79036712646484,109.533447265625,353.27764892578125,339.85943603515625,333.12948608398438,333.9173583984375,318.9530029296875,321.45883178710938,332.39865112304688,350.6640625,282.46319580078125,349.13174438476562,351.48660278320312,345.03628540039062,343.99053955078125,339.63055419921875,335.24813842773438,335.19244384765625,334.0501708984375,329.90652465820312,329.151123046875,317.1195068359375,320.49093627929688,228.33485412597656,0.99572241306304932,0.43473690748214722,0.37059047818183899,0.017037093639373779,0.038060247898101807,0.69134169816970825
2025-05-01 06:45:00,114.94857788085938,339.410888671875,937123.4375,456.16751098632812,43460.30078125,156754.609375,121.36070251464844,128.76266479492188,127.47744750976562,122.85837554931641,120.83818817138672,111.53804779052734,118.41244506835938,96.626152038574219,92.313980102539062,117.79664611816406,118.15464019775391,120.2271728515625,123.13734436035156,120.34302520751953,120.840087890625,118.38580322265625,118.46291351318359,114.94156646728516,113.13003540039062,109.89672088623047,109.76922607421875,349.695556640625,353.27764892578125,339.85943603515625,333.12948608398438,330.77230834960938,322.38037109375,333.28335571289062,313.80465698242188,281.9017333984375,342.65118408203125,344.55322265625,342.7861328125,345.56088256835938,339.58175659179688,337.376953125,335.68875122070312,333.38925170898438,330.4825439453125,330.30361938476562,317.57913208007812,321.0899658203125,224.46232604980469,0.99039262533187866,0.40245485305786133,0.30865830183029175,0.038060247898101807,0.084265202283859253,0.77778512239456177
2025-05-01 07:00:00,108.02194213867188,333.8746337890625,897939.25,482.41571044921875,50630.1875,137652.859375,114.94857788085938,121.36070251464844,128.76266479492188,127.47744750976562,123.27775573730469,107.19701385498047,119.3975830078125,98.072860717773438,94.140090942382812,111.28017425537109,111.48526000976562,115.34507751464844,118.27346801757812,117.60501098632812,120.94320678710938,117.16651916503906,117.76129150390625,114.52219390869141,113.34526824951172,109.85807037353516,109.91383361816406,339.410888671875,349.695556640625,353.27764892578125,339.85943603515625,333.9173583984375,318.9530029296875,330.75640869140625,311.03115844726562,285.2100830078125,336.80014038085938,336.64276123046875,339.22152709960938,344.064697265625,338.31350708007812,339.24215698242188,335.47531127929688,333.2191162109375,330.6881103515625,331.16937255859375,317.91510009765625,321.59689331054688,225.85269165039062,0.98296290636062622,0.37059047818183899,0.25,0.066987305879592896,0.14644661545753479,0.8535534143447876
2025-05-01 07:15:00,107.65151977539062,324.10943603515625,895695.625,417.74716186523438,39796.984375,124628.9453125,108.02194213867188,114.94857788085938,121.36070251464844,128.76266479492188,122.85837554931641,120.83818817138672,115.4649658203125,96.142181396484375,92.85638427734375,108.86106872558594,107.83673095703125,112.26765441894531,112.99568176269531,115.39311981201172,119.29487609863281,116.04711151123047,117.24315643310547,114.10578918457031,113.59627532958984,109.81256866455078,110.06794738769531,333.8746337890625,339.410888671875,349.695556640625,353.27764892578125,333.12948608398438,330.77230834960938,325.82321166992188,305.68701171875,277.107666015625,328.33966064453125,328.99203491210938,333.17669677734375,336.77264404296875,335.15704345703125,338.4093017578125,334.13815307617188,332.69378662109375,330.28939819335938,331.69326782226562,318.04281616210938,322.08648681640625,216.45791625976562,0.97346508502960205,0.33928024768829346,0.19561928510665894,0.10332334041595459,0.22221487760543823,0.91573476791381836
2025-05-01 07:30:00,98.105758666992188,299.10159301757812,822438.4375,483.552001953125,43413.484375,125163.25,107.65151977539062,108.02194213867188,114.94857788085938,121.36070251464844,127.47744750976562,123.27775573730469,111.21411895751953,92.222908020019531,96.557662963867188,101.69086456298828,102.87863922119141,106.60289764404297,107.18195343017578,111.55148315429688,116.14837646484375,113.93636322021484,116.03294372558594,113.13609313964844,113.56339263916016,109.57119750976562,110.08407592773438,324.10943603515625,333.8746337890625,339.410888671875,349.695556640625,339.85943603515625,333.9173583984375,321.45883178710938,300.41424560546875,275.423828125,308.84762573242188,311.60552978515625,319.54666137695312,324.1241455078125,327.14471435546875,334.05734252929688,330.01620483398438,330.61273193359375,328.39923095703125,331.38174438476562,317.65228271484375,322.3331298828125,200.99583435058594,0.96193975210189819,0.30865830183029175,0.14644661545753479,0.14644661545753479,0.30865830183029175,0.96193975210189819
2025-05-01 07:45:00,95.335731506347656,296.34866333007812,815364.9375,4053.30615234375,42816.15625,135181.640625,98.105758666992188,107.65151977539062,108.02194213867188,114.94857788085938,128.76266479492188,122.85837554931641,111.53804779052734,89.705230712890625,96.051910400390625,97.454109191894531,96.720741271972656,102.09603118896484,102.27873992919922,107.94798278808594,112.70804595947266,111.74805450439453,114.59065246582031,112.05728149414062,113.3387451171875,109.27767944335938,110.07661437988281,299.10159301757812,324.10943603515625,333.8746337890625,339.410888671875,353.27764892578125,333.12948608398438,322.38037109375,292.3475341796875,276.54638671875,300.51498413085938,297.72512817382812,310.2674560546875,313.35858154296875,320.3011474609375,329.45974731445312,326.05532836914062,328.30429077148438,326.456787109375,330.7843017578125,317.21304321289062,322.5394287109375,201.01292419433594,0.94843637943267822,0.27885565161705017,0.10332334041595459,0.19561928510665894,0.40245485305786133,0.99039262533187866
2025-05-01 08:00:00,100.94180297851562,321.58358764648438,835720.375,9071.283203125,34420.90625,137051.75,95.335731506347656,98.105758666992188,107.65151977539062,108.02194213867188,121.36070251464844,127.47744750976562,107.19701385498047,94.452239990234375,99.867042541503906,99.77923583984375,98.138763427734375,101.63433837890625,100.50870513916016,106.39105224609375,109.39108276367188,110.47673034667969,113.43716430664062,111.38361358642578,113.25289154052734,109.10580444335938,110.08780670166016,296.34866333007812,299.10159301757812,324.10943603515625,333.8746337890625,349.695556640625,339.85943603515625,318.9530029296875,299.43350219726562,289.92828369140625,314.56072998046875,308.96612548828125,314.79391479492188,310.28582763671875,320.58615112304688,327.17526245117188,325.52923583984375,327.73098754882812,326.16143798828125,330.95449829101562,317.30316162109375,322.86917114257812,220.64179992675781,0.93301272392272949,0.25,0.066987305879592896,0.25,0.5,1
2025-05-01 08:15:00,100.34919738769531,326.61602783203125,853789.5,10794.0166015625,34831.23046875,129237.390625,100.94180297851562,95.335731506347656,98.105758666992188,107.65151977539062,114.94857788085938,128.76266479492188,120.83818817138672,88.874855041503906,96.506729125976562,100.15921020507812,100.64550018310547,101.12028503417969,98.683120727539062,105.04842376708984,105.83940124511719,109.28525543212891,112.492431640625,110.71486663818359,113.18112945556641,108.92525482177734,110.12783050537109,321.58358764648438,296.34866333007812,299.10159301757812,324.10943603515625,339.410888671875,353.27764892578125,330.77230834960938,291.19546508789062,289.05416870117188,322.59759521484375,324.09982299804688,319.52276611328125,310.9124755859375,321.92611694335938,323.84255981445312,325.6571044921875,327.78054809570312,326.18899536132812,331.18408203125,317.49517822265625,323.26043701171875,226.26683044433594,0.91573476791381836,0.22221487760543823,0.038060247898101807,0.30865830183029175,0.59754514694213867,0.99039262533187866
2025-05-01 08:30:00,99.025688171386719,329.662109375,862724.4375,10847.580078125,32970.609375,132643.65625,100.34919738769531,100.94180297851562,95.335731506347656,98.105758666992188,108.02194213867188,121.36070251464844,123.27775573730469,102.63585662841797,103.75775146484375,99.403533935546875,99.687446594238281,100.28244781494141,98.913101196289062,103.71003723144531,103.04753112792969,108.0782470703125,111.73065185546875,110.00643157958984,113.04745483398438,108.72114562988281,110.07854461669922,326.61602783203125,321.58358764648438,296.34866333007812,299.10159301757812,333.8746337890625,349.695556640625,333.9173583984375,293.3857421875,308.18927001953125,327.3072509765625,328.13906860351562,323.5784912109375,318.5526123046875,323.64523315429688,321.33837890625,326.12826538085938,328.29327392578125,326.39947509765625,331.49514770507812,317.74603271484375,323.48410034179688,230.63641357421875,0.89667665958404541,0.19561928510665894,0.017037093639373779,0.37059047818183899,0.69134169816970825,0.96193975210189819
2025-05-01 08:45:00,109.68255615234375,343.0296630859375,885053.5,10892.0146484375,34939.95703125,125897.9296875,99.025688171386719,100.34919738769531,100.94180297851562,95.335731506347656,107.65151977539062,114.94857788085938,122.85837554931641,98.1422119140625,106.94371795654297,106.25621795654297,104.3541259765625,104.04248809814453,102.49980926513672,105.03726196289062,102.38927459716797,108.26699066162109,111.61468505859375,109.98680114746094,113.25499725341797,108.740966796875,110.10707092285156,329.662109375,326.61602783203125,321.58358764648438,296.34866333007812,324.10943603515625,339.410888671875,333.12948608398438,282.31411743164062,323.72222900390625,337.78884887695312,336.34588623046875,331.35894775390625,330.22283935546875,327.952880859375,321.79071044921875,328.11666870117188,329.58383178710938,327.40737915039062,332.21597290039062,318.267333984375,323.68521118164062,233.34710693359375,0.87591993808746338,0.17032709717750549,0.0042775571346282959,0.43473690748214722,0.77778512239456177,0.91573476791381836
2025-05-01 09:00:00,119.033935546875,356.50909423828125,911808.25,11229.248046875,32474.96484375,126565.8203125,109.68255615234375,99.025688171386719,100.34919738769531,100.94180297851562,98.105758666992188,108.02194213867188,127.47744750976562,97.72381591796875,105.20364379882812,114.77469635009766,114.35824584960938,110.03907012939453,107.02284240722656,108.14763641357422,103.76577758789062,109.53369140625,112.3544921875,110.53511047363281,113.73634338378906,108.95319366455078,110.25113677978516,343.0296630859375,329.662109375,326.61602783203125,321.58358764648438,299.10159301757812,333.8746337890625,339.85943603515625,282.53515625,333.78018188476562,350.26901245117188,349.76937866210938,341.41900634765625,338.9542236328125,334.2987060546875,324.62002563476562,331.45693969726562,331.93109130859375,329.17111206054688,333.3720703125,319.05584716796875,323.9219970703125,237.47515869140625,0.8535534143447876,0.14644661545753479,0,0.5,0.8535534143447876,0.8535534143447876
2025-05-01 09:15:00,116.47869873046875,350.1614990234375,870508.625,12364.37890625,47156.21484375,98113.5546875,119.033935546875,109.68255615234375,99.025688171386719,100.34919738769531,95.335731506347656,107.65151977539062,128.76266479492188,99.922355651855469,108.46841430664062,115.91069793701172,117.75631713867188,112.61492156982422,111.05522155761719,109.99898529052734,104.86917114257812,110.35074615478516,112.08202362060547,110.89533233642578,114.11940002441406,109.10836029052734,110.33457946777344,356.50909423828125,343.0296630859375,329.662109375,326.61602783203125,296.34866333007812,324.10943603515625,353.27764892578125,285.0926513671875,339.6988525390625,350.19732666015625,353.33529663085938,344.916015625,344.840576171875,337.82376098632812,327.87652587890625,333.65750122070312,333.14291381835938,330.44326782226562,334.25735473632812,319.69720458984375,324.03097534179688,233.68280029296875,0.82967293262481689,0.12408009171485901,0.0042775571346282959,0.56526309251785278,0.91573476791381836,0.77778512239456177
2025-05-01 09:30:00,118.37240600585938,348.92605590820312,857856.6875,12811.7783203125,43184.76953125,95441.984375,116.47869873046875,119.033935546875,109.68255615234375,99.025688171386719,100.94180297851562,98.105758666992188,121.36070251464844,98.057144165039062,105.94947814941406,117.55183410644531,117.42555236816406,114.91791534423828,115.89189910888672,111.8597412109375,107.40250396728516,111.29447174072266,111.77543640136719,111.34848785400391,114.31153869628906,109.29936981201172,110.46398162841797,350.1614990234375,356.50909423828125,343.0296630859375,329.662109375,321.58358764648438,299.10159301757812,349.695556640625,281.9111328125,330.45623779296875,349.34982299804688,349.54379272460938,346.52001953125,349.65658569335938,340.29095458984375,334.10458374023438,335.45379638671875,334.08096313476562,331.56341552734375,334.52920532226562,320.29983520507812,324.22335815429688,230.55364990234375,0.80438071489334106,0.10332334041595459,0.017037093639373779,0.6294095516204834,0.96193975210189819,0.69134169816970825
2025-05-01 09:45:00,122.04173278808594,355.6572265625,881199.3125,12888.4619140625,43043.6328125,63516.671875,118.37240600585938,116.47869873046875,119.033935546875,109.68255615234375,100.34919738769531,95.335731506347656,114.94857788085938,100.57342529296875,95.418891906738281,120.54509735107422,120.20706939697266,117.76744079589844,118.981689453125,114.12240600585938,110.74075317382812,112.55885314941406,111.72439575195312,111.99655914306641,114.37258148193359,109.56209564208984,110.74130249023438,348.92605590820312,350.1614990234375,356.50909423828125,343.0296630859375,326.61602783203125,296.34866333007812,339.410888671875,286.5411376953125,314.65045166015625,353.55474853515625,352.29165649414062,350.17489624023438,352.8134765625,343.7056884765625,341.51815795898438,337.83065795898438,335.48895263671875,333.02365112304688,334.73175048828125,321.02886962890625,324.6505126953125,233.61549377441406,0.77778512239456177,0.084265202283859253,0.038060247898101807,0.69134169816970825,0.99039262533187866,0.59754514694213867
2025-05-01 10:00:00,121.84223937988281,346.58132934570312,833353.6875,12846.3876953125,41891.0859375,49223.75390625,122.04173278808594,118.37240600585938,116.47869873046875,119.033935546875,99.025688171386719,100.94180297851562,108.02194213867188,100.01524353027344,92.509262084960938,121.40985870361328,121.94198608398438,119.39736175537109,119.68376922607422,115.83792877197266,113.35330963134766,113.65101623535156,111.37220001220703,112.59326934814453,114.46794891357422,109.81529235839844,111.04685211181641,355.6572265625,348.92605590820312,350.1614990234375,356.50909423828125,329.662109375,321.58358764648438,333.8746337890625,293.52947998046875,302.0682373046875,348.90579223632812,351.11929321289062,348.73748779296875,350.33154296875,344.34469604492188,344.64288330078125,338.86016845703125,335.9090576171875,333.8453369140625,334.63235473632812,321.55572509765625,325.11419677734375,224.73908996582031,0.75,0.066987305879592896,0.066987305879592896,0.75,1,0.5
2025-05-01 10:15:00,115.66219329833984,341.23544311523438,843341.625,12693.822265625,0,34379.8203125,121.84223937988281,122.04173278808594,118.37240600585938,116.47869873046875,109.68255615234375,100.34919738769531,107.65151977539062,100.64910125732422,93.725021362304688,117.57807922363281,118.75221252441406,117.90328979492188,119.47964477539062,115.79887390136719,115.26743316650391,113.88762664794922,110.55342102050781,112.77926635742188,114.47594451904297,109.93585205078125,111.27536773681641,346.58132934570312,355.6572265625,348.92605590820312,350.1614990234375,343.0296630859375,326.61602783203125,324.10943603515625,297.10733032226562,286.91253662109375,343.792236328125,343.90838623046875,345.73666381835938,348.10000610351562,343.65374755859375,346.47030639648438,339.13958740234375,335.15643310546875,334.293212890625,334.48184204101562,321.96148681640625,325.6800537109375,225.57325744628906,0.72114431858062744,0.051563620567321777,0.10332334041595459,0.80438071489334106,0.99039262533187866,0.40245485305786133
2025-05-01 10:30:00,107.20367431640625,323.82110595703125,833322.125,12915.1552734375,0,33603.390625,115.66219329833984,121.84223937988281,122.04173278808594,118.37240600585938,119.033935546875,99.025688171386719,98.105758666992188,101.09394836425781,100.57411193847656,110.66181182861328,111.43292999267578,113.62344360351562,116.68746185302734,113.88883209228516,116.28968048095703,113.10128021240234,109.66860198974609,112.44135284423828,114.17852783203125,109.8795166015625,111.34442901611328,341.23544311523438,346.58132934570312,355.6572265625,348.92605590820312,356.50909423828125,329.662109375,299.10159301757812,301.58694458007812,289.84060668945312,330.4781494140625,332.52825927734375,336.97042846679688,341.82376098632812,339.24649047851562,345.74017333984375,337.33743286132812,333.53927612304688,333.65853881835938,333.79473876953125,321.99981689453125,326.03402709960938,216.617431640625,0.69134169816970825,0.038060247898101807,0.14644661545753479,0.8535534143447876,0.96193975210189819,0.30865830183029175
2025-05-01 10:45:00,98.564971923828125,304.5469970703125,818757.1875,12750.0185546875,0,34396.515625,107.20367431640625,115.66219329833984,121.84223937988281,122.04173278808594,116.47869873046875,109.68255615234375,95.335731506347656,100.32917022705078,100.51332092285156,102.59725189208984,102.88432312011719,107.60005187988281,110.81826782226562,110.48352813720703,114.89997863769531,111.39112854003906,108.64463043212891,111.60035705566406,113.55377197265625,109.64622497558594,111.32412719726562,323.82110595703125,341.23544311523438,346.58132934570312,355.6572265625,350.1614990234375,343.0296630859375,296.34866333007812,302.53155517578125,291.3973388671875,313.19070434570312,314.18405151367188,324.00106811523438,329.04620361328125,331.53549194335938,340.92984008789062,333.479736328125,331.36029052734375,331.89419555664062,332.374755859375,321.63998413085938,326.17098999023438,205.98202514648438,0.66071975231170654,0.026534944772720337,0.19561928510665894,0.89667665958404541,0.91573476791381836,0.22221487760543823
2025-05-01 11:00:00,102.40579223632812,307.16854858398438,897380.9375,12707.298828125,0,50425.9609375,98.564971923828125,107.20367431640625,115.66219329833984,121.84223937988281,118.37240600585938,119.033935546875,100.94180297851562,101.13461303710938,102.04618835449219,102.46961212158203,100.48538208007812,105.52234649658203,105.95915222167969,108.6884765625,112.82146453857422,110.33403015136719,108.29361724853516,111.04311370849609,113.02745819091797,109.49694061279297,111.32787322998047,304.5469970703125,323.82110595703125,341.23544311523438,346.58132934570312,348.92605590820312,356.50909423828125,321.58358764648438,306.16998291015625,291.59051513671875,309.17593383789062,305.8577880859375,317.26806640625,319.19302368164062,326.12063598632812,334.76226806640625,330.38430786132812,329.691162109375,330.39569091796875,331.45513916015625,321.34161376953125,326.33328247070312,204.76275634765625,0.6294095516204834,0.017037093639373779,0.25,0.93301272392272949,0.8535534143447876,0.14644661545753479
2025-05-01 11:15:00,118.24099731445312,341.77682495117188,956146.5,12772.9375,0,72266.078125,102.40579223632812,98.564971923828125,107.20367431640625,115.66219329833984,122.04173278808594,116.47869873046875,100.34919738769531,99.619125366210938,102.65785217285156,112.98387145996094,110.32339477539062,110.60980987548828,106.60385894775391,110.81125640869141,113.041748046875,111.26425933837891,108.95545959472656,111.47934722900391,113.09931182861328,109.67723083496094,111.49020385742188,307.16854858398438,304.5469970703125,323.82110595703125,341.23544311523438,355.6572265625,350.1614990234375,326.61602783203125,307.3455810546875,292.587890625,330.90985107421875,324.47268676757812,327.07156372070312,319.328369140625,329.59979248046875,333.71420288085938,331.72457885742188,330.79534912109375,331.08544921875,331.74456787109375,321.762939453125,326.84564208984375,223.53581237792969,0.59754514694213867,0.0096073746681213379,0.30865830183029175,0.96193975210189819,0.77778512239456177,0.084265202283859253
2025-05-01 11:30:00,109.19789123535156,337.10842895507812,914833.5625,9689.6396484375,28252.74609375,75872.703125,118.24099731445312,102.40579223632812,98.564971923828125,107.20367431640625,121.84223937988281,118.37240600585938,99.025688171386719,99.158111572265625,101.02003479003906,110.45988464355469,113.71944427490234,110.0450439453125,107.10240936279297,110.45272827148438,111.89493560791016,111.02115631103516,109.64871978759766,111.34107971191406,112.84082794189453,109.66734313964844,111.57538604736328,341.77682495117188,307.16854858398438,304.5469970703125,323.82110595703125,346.58132934570312,348.92605590820312,329.662109375,309.06951904296875,290.87612915039062,335.042236328125,339.442626953125,331.0863037109375,322.65020751953125,331.26837158203125,332.23699951171875,332.35797119140625,333.1707763671875,331.45046997070312,331.89175415039062,322.079345703125,327.32723999023438,227.91053771972656,0.56526309251785278,0.0042775571346282959,0.37059047818183899,0.98296290636062622,0.69134169816970825,0.038060247898101807
2025-05-01 11:45:00,111.37553405761719,335.75897216796875,888689.375,9869.0283203125,33561.984375,73267.921875,109.19789123535156,118.24099731445312,102.40579223632812,98.564971923828125,115.66219329833984,122.04173278808594,109.68255615234375,102.52455139160156,109.66165161132812,111.07032012939453,110.28671264648438,110.57723999023438,110.3050537109375,110.65779876708984,110.56166076660156,111.06285095214844,110.65120697021484,111.34316253662109,112.62092590332031,109.70256805419922,111.59323883056641,337.10842895507812,341.77682495117188,307.16854858398438,304.5469970703125,341.23544311523438,355.6572265625,343.0296630859375,315.46746826171875,300.96258544921875,335.52005004882812,336.43368530273438,332.95538330078125,330.45318603515625,332.26626586914062,329.74969482421875,332.75808715820312,335.63394165039062,331.71160888671875,331.9691162109375,322.36138916015625,327.689697265625,224.38343811035156,0.53270155191421509,0.0010705292224884033,0.43473690748214722,0.99572241306304932,0.59754514694213867,0.0096073746681213379
2025-05-01 12:00:00,108.07350158691406,330.2059326171875,824298,9479.240234375,24534.283203125,61579.78515625,111.37553405761719,109.19789123535156,118.24099731445312,102.40579223632812,107.20367431640625,121.84223937988281,119.033935546875,103.6890869140625,103.43968963623047,109.07244110107422,109.72451782226562,109.57574462890625,111.72197723388672,110.08351135253906,108.84056854248047,110.71115875244141,111.09693908691406,111.14500427246094,112.26705169677734,109.66897583007812,111.64151000976562,335.75897216796875,337.10842895507812,341.77682495117188,307.16854858398438,323.82110595703125,346.58132934570312,356.50909423828125,316.1368408203125,298.218505859375,331.977294921875,332.98245239257812,331.8555908203125,336.2125244140625,331.80841064453125,327.70278930664062,332.45785522460938,336.17282104492188,331.62033081054688,331.951904296875,322.52313232421875,328.02291870117188,222.13243103027344,0.5,0,0.5,1,0.5,0
2025-05-01 12:15:00,99.750885009765625,312.17291259765625,888638.375,2147.773193359375,24341.681640625,43012.33984375,108.07350158691406,111.37553405761719,109.19789123535156,118.24099731445312,98.564971923828125,115.66219329833984,116.47869873046875,102.64560699462891,108.53276824951172,102.85807037353516,103.91219329833984,105.64579772949219,107.09944915771484,107.78736877441406,106.85165405273438,109.42171478271484,111.05953979492188,110.45445251464844,111.77598571777344,109.4644775390625,111.55003356933594,330.2059326171875,335.75897216796875,337.10842895507812,341.77682495117188,304.5469970703125,341.23544311523438,350.1614990234375,319.2691650390625,305.343505859375,318.77438354492188,321.18942260742188,323.98251342773438,328.81155395507812,327.44497680664062,324.06997680664062,330.07138061523438,335.2701416015625,330.44171142578125,331.52532958984375,322.30972290039062,328.09405517578125,212.42201232910156,0.46729844808578491,0.0010705292224884033,0.56526309251785278,0.99572241306304932,0.40245485305786133,0.0096073746681213379
2025-05-01 12:30:00,100.23758697509766,312.01425170898438,832076.6875,1597.541259765625,29599.732421875,50092.015625,99.750885009765625,108.07350158691406,111.37553405761719,109.19789123535156,102.40579223632812,107.20367431640625,118.37240600585938,103.30327606201172,113.9326171875,101.111083984375,99.994239807128906,103.48251342773438,104.859375,106.10964202880859,105.98089599609375,108.34123229980469,111.13528442382812,109.83524322509766,111.43296813964844,109.27423858642578,111.40737152099609,312.17291259765625,330.2059326171875,335.75897216796875,337.10842895507812,307.16854858398438,323.82110595703125,348.92605590820312,319.70809936523438,321.46875,314.26760864257812,312.09356689453125,319.19522094726562,322.53802490234375,324.01593017578125,322.5941162109375,327.947021484375,334.16714477539062,329.32489013671875,331.23019409179688,322.09744262695312,327.99557495117188,211.77665710449219,0.43473690748214722,0.0042775571346282959,0.6294095516204834,0.98296290636062622,0.30865830183029175,0.038060247898101807
2025-05-01 12:45:00,88.560981750488281,289.13140869140625,823135.75,136.292724609375,23806.5703125,33661.83203125,100.23758697509766,99.750885009765625,108.07350158691406,111.37553405761719,118.24099731445312,98.564971923828125,122.04173278808594,103.04096984863281,111.52600860595703,92.744346618652344,94.399284362792969,97.513900756835938,99.155738830566406,102.20993804931641,104.73039245605469,106.01414489746094,109.815185546875,108.5458984375,110.71493530273438,108.84716033935547,111.16815185546875,312.01425170898438,312.17291259765625,330.2059326171875,335.75897216796875,341.77682495117188,304.5469970703125,355.6572265625,319.963623046875,328.399658203125,297.5101318359375,300.57281494140625,307.169677734375,310.88113403320312,316.2637939453125,320.66714477539062,323.38046264648438,330.79849243164062,326.888916015625,330.191162109375,321.41775512695312,327.58651733398438,200.57041931152344,0.40245485305786133,0.0096073746681213379,0.69134169816970825,0.96193975210189819,0.22221487760543823,0.084265202283859253
2025-05-01 13:00:00,92.465545654296875,270.98101806640625,820137.6875,147.24154663085938,21872.98828125,38069.9296875,88.560981750488281,100.23758697509766,99.750885009765625,108.07350158691406,109.19789123535156,102.40579223632812,121.84223937988281,103.63095092773438,113.55282592773438,92.558479309082031,90.513259887695312,95.494560241699219,95.253753662109375,100.04451751708984,103.48786926269531,104.42018890380859,108.1546630859375,107.57132720947266,110.25457763671875,108.50939178466797,110.94849395751953,289.13140869140625,312.01425170898438,312.17291259765625,330.2059326171875,337.10842895507812,307.16854858398438,346.58132934570312,319.51431274414062,332.46664428710938,279.82406616210938,280.05621337890625,292.6942138671875,296.07489013671875,306.20095825195312,316.14370727539062,317.2158203125,325.4530029296875,323.50057983398438,328.69204711914062,320.3778076171875,326.946044921875,178.51547241210938,0.37059047818183899,0.017037093639373779,0.75,0.93301272392272949,0.14644661545753479,0.14644661545753479
2025-05-01 13:15:00,90.792617797851562,275.2044677734375,840425.375,171.19306945800781,28537.162109375,60444.3671875,92.465545654296875,88.560981750488281,100.23758697509766,99.750885009765625,111.37553405761719,118.24099731445312,115.66219329833984,104.22092437744141,113.25577545166016,91.381240844726562,91.629081726074219,93.613784790039062,93.014183044433594,97.988540649414062,100.05681610107422,102.81694793701172,106.54928588867188,106.55443572998047,109.31565093994141,108.14409637451172,110.71450042724609,270.98101806640625,289.13140869140625,312.01425170898438,312.17291259765625,335.75897216796875,341.77682495117188,341.23544311523438,321.83209228515625,333.19580078125,276.74432373046875,273.09274291992188,285.69833374023438,286.83279418945312,299.3128662109375,307.82217407226562,312.2733154296875,320.7681884765625,320.57354736328125,326.95553588867188,319.4464111328125,326.34197998046875,184.41184997558594,0.33928024768829346,0.026534944772720337,0.80438071489334106,0.89667665958404541,0.084265202283859253,0.22221487760543823
2025-05-01 13:30:00,90.987899780273438,272.25091552734375,817166.4375,124.15929412841797,30017.84375,65453.5625,90.792617797851562,92.465545654296875,88.560981750488281,100.23758697509766,108.07350158691406,109.19789123535156,107.20367431640625,112.22403717041016,117.16289520263672,91.119010925292969,90.8902587890625,92.563430786132812,90.701759338378906,96.432846069335938,97.780570983886719,101.42529296875,104.83775329589844,105.61101531982422,108.30659484863281,107.79035949707031,110.44184875488281,275.2044677734375,270.98101806640625,289.13140869140625,312.01425170898438,330.2059326171875,337.10842895507812,323.82110595703125,340.22705078125,346.36932373046875,273.74871826171875,273.72769165039062,280.31936645507812,276.89193725585938,293.29910278320312,299.71499633789062,307.56478881835938,315.97598266601562,317.6448974609375,325.02847290039062,318.47329711914062,325.56988525390625,181.26301574707031,0.30865830183029175,0.038060247898101807,0.8535534143447876,0.8535534143447876,0.038060247898101807,0.30865830183029175
2025-05-01 13:45:00,93.467086791992188,275.1851806640625,843155.3125,0,25554.767578125,84221.3671875,90.987899780273438,90.792617797851562,92.465545654296875,88.560981750488281,99.750885009765625,111.37553405761719,98.564971923828125,120.08821105957031,125.53756713867188,92.684394836425781,92.227493286132812,92.924896240234375,91.928291320800781,95.773788452148438,95.542015075683594,100.48903656005859,103.05183410644531,104.87501525878906,107.38811492919922,107.49504089355469,110.10778045654297,272.25091552734375,275.2044677734375,270.98101806640625,289.13140869140625,312.17291259765625,335.75897216796875,304.5469970703125,349.17510986328125,360.32293701171875,274.70635986328125,273.71804809570312,278.26568603515625,273.4053955078125,289.27377319335938,292.14324951171875,303.75543212890625,310.94647216796875,315.07156372070312,323.21771240234375,317.58074951171875,324.68304443359375,181.71809387207031,0.27885565161705017,0.051563620567321777,0.89667665958404541,0.80438071489334106,0.0096073746681213379,0.40245485305786133
2025-05-01 14:00:00,92.875679016113281,282.57769775390625,827221,0,27732.919921875,107931.59375,93.467086791992188,90.987899780273438,90.792617797851562,92.465545654296875,100.23758697509766,108.07350158691406,102.40579223632812,118.79052734375,128.12030029296875,92.811920166015625,93.17138671875,92.905204772949219,92.03082275390625,95.1297607421875,93.642288208007812,99.593345642089844,101.24142456054688,104.14778137207031,106.30680847167969,107.19361114501953,109.74064636230469,275.1851806640625,272.25091552734375,275.2044677734375,270.98101806640625,312.01425170898438,330.2059326171875,307.16854858398438,349.76220703125,358.55642700195312,279.95391845703125,278.88143920898438,279.990478515625,276.3045654296875,287.7857666015625,286.18972778320312,301.26394653320312,306.94625854492188,313.10223388671875,321.42767333984375,316.85903930664062,323.8916015625,189.7020263671875,0.25,0.066987305879592896,0.93301272392272949,0.75,0,0.5
2025-05-01 14:15:00,93.6710205078125,286.13919067382812,893142.875,146.80416870117188,24147.296875,119686.515625,92.875679016113281,93.467086791992188,90.987899780273438,90.792617797851562,88.560981750488281,99.750885009765625,118.24099731445312,115.40634155273438,130.75555419921875,93.384651184082031,93.273353576660156,93.211532592773438,92.750419616699219,94.805595397949219,92.882301330566406,98.896598815917969,99.866981506347656,103.51283264160156,105.21019744873047,106.914794921875,109.35435485839844,282.57769775390625,275.1851806640625,272.25091552734375,275.2044677734375,289.13140869140625,312.17291259765625,341.77682495117188,346.05166625976562,362.1583251953125,284.07745361328125,284.35845947265625,282.44998168945312,279.03823852539062,287.41986083984375,282.93551635742188,299.48455810546875,303.50274658203125,311.46810913085938,319.32958984375,316.22564697265625,323.0997314453125,192.46818542480469,0.22221487760543823,0.084265202283859253,0.96193975210189819,0.69134169816970825,0.0096073746681213379,0.59754514694213867
2025-05-01 14:30:00,94.72064208984375,303.13558959960938,867252.875,117.79387664794922,34733.19921875,144265,93.6710205078125,92.875679016113281,93.467086791992188,90.987899780273438,92.465545654296875,100.23758697509766,109.19789123535156,116.720947265625,135.0472412109375,94.275314331054688,94.195831298828125,93.815177917480469,93.683609008789062,94.786720275878906,92.19268798828125,98.405311584472656,99.0867919921875,102.97997283935547,104.37769317626953,106.66336822509766,108.93428039550781,286.13919067382812,282.57769775390625,275.1851806640625,272.25091552734375,270.98101806640625,312.01425170898438,337.10842895507812,345.80911254882812,366.23379516601562,296.78286743164062,294.63739013671875,290.72421264648438,286.75942993164062,290.9122314453125,281.82568359375,299.91409301757812,302.20989990234375,310.963134765625,317.87457275390625,315.95574951171875,322.44247436523438,208.41496276855469,0.19561928510665894,0.10332334041595459,0.98296290636062622,0.6294095516204834,0.038060247898101807,0.69134169816970825
2025-05-01 14:45:00,94.87127685546875,317.00888061523438,899092.6875,0,33899.46484375,164769.328125,94.72064208984375,93.6710205078125,92.875679016113281,93.467086791992188,90.792617797851562,88.560981750488281,111.37553405761719,118.55720520019531,135.68778991699219,94.672622680664062,94.79595947265625,94.237617492675781,94.034652709960938,94.805511474609375,92.981468200683594,97.989540100097656,98.855934143066406,102.48853302001953,103.75028228759766,106.42022705078125,108.50910949707031,303.13558959960938,286.13919067382812,282.57769775390625,275.1851806640625,275.2044677734375,289.13140869140625,335.75897216796875,349.98583984375,362.80386352539062,310.26687622070312,310.07223510742188,301.23809814453125,297.21533203125,296.71148681640625,285.31036376953125,301.92523193359375,302.98876953125,311.32952880859375,317.17453002929688,315.97747802734375,321.96542358398438,222.13760375976562,0.17032709717750549,0.12408009171485901,0.99572241306304932,0.56526309251785278,0.084265202283859253,0.77778512239456177
2025-05-01 15:00:00,99.167312622070312,325.13897705078125,905321,0,39774.34375,169377.796875,94.87127685546875,94.72064208984375,93.6710205078125,92.875679016113281,90.987899780273438,92.465545654296875,108.07350158691406,119.24790954589844,133.29421997070312,97.669082641601562,97.019294738769531,96.209495544433594,95.607559204101562,95.774795532226562,93.819190979003906,98.128105163574219,98.653526306152344,102.28724670410156,103.47357177734375,106.27068328857422,108.15362548828125,317.00888061523438,303.13558959960938,286.13919067382812,282.57769775390625,272.25091552734375,270.98101806640625,330.2059326171875,336.59683227539062,360.97415161132812,320.18161010742188,321.07394409179688,310.79843139648438,307.85565185546875,303.02871704101562,292.08010864257812,304.65628051757812,304.11190795898438,312.16647338867188,316.90151977539062,316.16635131835938,321.5921630859375,225.97166442871094,0.14644661545753479,0.14644661545753479,1,0.5,0.14644661545753479,0.8535534143447876
2025-05-01 15:15:00,101.54954528808594,329.48287963867188,935960.4375,0,50159.96875,154884.5,99.167312622070312,94.87127685546875,94.72064208984375,93.6710205078125,93.467086791992188,90.792617797851562,99.750885009765625,115.94168853759766,132.26425170898438,100.25605773925781,100.35842895507812,98.345512390136719,97.577194213867188,97.058074951171875,95.163810729980469,98.530624389648438,97.610313415527344,102.24253845214844,103.28289031982422,106.17333984375,107.83367919921875,325.13897705078125,317.00888061523438,303.13558959960938,286.13919067382812,275.1851806640625,275.2044677734375,312.17291259765625,332.51461791992188,361.052490234375,326.3824462890625,327.31094360351562,318.272216796875,318.69158935546875,308.90740966796875,298.86492919921875,307.57705688476562,303.34353637695312,313.2159423828125,317.0694580078125,316.44091796875,321.2633056640625,227.93333435058594,0.12408009171485901,0.17032709717750549,0.99572241306304932,0.43473690748214722,0.22221487760543823,0.91573476791381836
2025-05-01 15:30:00,105.85427093505859,333.77114868164062,888762.4375,228.26547241210938,48669.30078125,143263.15625,101.54954528808594,99.167312622070312,94.87127685546875,94.72064208984375,92.875679016113281,90.987899780273438,100.23758697509766,117.46919250488281,124.24545288085938,103.98819732666016,103.701904296875,101.34901428222656,100.36060333251953,99.012786865234375,97.022102355957031,99.392234802246094,97.401336669921875,102.46143341064453,103.5250244140625,106.16676330566406,107.64210510253906,329.48287963867188,325.13897705078125,317.00888061523438,303.13558959960938,282.57769775390625,272.25091552734375,312.01425170898438,332.39865112304688,349.53302001953125,331.30825805664062,331.62701416015625,324.4718017578125,326.3504638671875,314.43267822265625,306.554931640625,310.65869140625,303.13497924804688,314.46173095703125,318.15286254882812,316.79824829101562,321.09912109375,227.91688537597656,0.10332334041595459,0.19561928510665894,0.98296290636062622,0.37059047818183899,0.30865830183029175,0.96193975210189819
2025-05-01 15:45:00,102.73451232910156,330.53744506835938,921350.875,0,47445.265625,131307.859375,105.85427093505859,101.54954528808594,99.167312622070312,94.87127685546875,93.6710205078125,93.467086791992188,88.560981750488281,118.41244506835938,131.96546936035156,103.15240478515625,104.29438781738281,101.90321350097656,102.32640838623047,99.839836120605469,98.180534362792969,99.785438537597656,96.861274719238281,102.47798156738281,103.75624084472656,106.09599304199219,107.33761596679688,333.77114868164062,329.48287963867188,325.13897705078125,317.00888061523438,286.13919067382812,275.1851806640625,289.13140869140625,333.28335571289062,356.42529296875,330.79437255859375,332.154296875,326.89804077148438,329.73260498046875,318.01153564453125,313.47396850585938,312.99737548828125,302.80862426757812,315.43600463867188,319.22128295898438,317.08154296875,320.82943725585938,227.80293273925781,0.084265202283859253,0.22221487760543823,0.96193975210189819,0.30865830183029175,0.40245485305786133,0.99039262533187866
2025-05-01 16:00:00,96.44403076171875,321.9254150390625,957370.875,152.10343933105469,38044.31640625,132643.65625,102.73451232910156,105.85427093505859,101.54954528808594,99.167312622070312,94.72064208984375,92.875679016113281,92.465545654296875,119.3975830078125,121.85163879394531,98.680152893066406,99.589271545410156,99.71954345703125,101.64559173583984,99.085212707519531,98.626579284667969,99.392333984375,96.134429931640625,102.11228942871094,103.61568450927734,105.89698791503906,107.07295227050781,330.53744506835938,333.77114868164062,329.48287963867188,325.13897705078125,303.13558959960938,282.57769775390625,270.98101806640625,330.75640869140625,330.0885009765625,324.8817138671875,326.23141479492188,324.90899658203125,328.92922973632812,318.88128662109375,318.3924560546875,314.0477294921875,302.29107666015625,315.82931518554688,319.23196411132812,317.181396484375,320.74441528320312,225.48136901855469,0.066987305879592896,0.25,0.93301272392272949,0.25,0.5,1
2025-05-01 16:15:00,93.911666870117188,314.8172607421875,888281.5,0,48622.56640625,138855.0625,96.44403076171875,102.73451232910156,105.85427093505859,101.54954528808594,94.87127685546875,93.6710205078125,90.792617797851562,115.4649658203125,120.39994812011719,95.501167297363281,95.177848815917969,97.396392822265625,99.736122131347656,97.935539245605469,98.656654357910156,98.747550964355469,95.769477844238281,101.61528015136719,103.41451263427734,105.64986419677734,106.79703521728516,321.9254150390625,330.53744506835938,333.77114868164062,329.48287963867188,317.00888061523438,286.13919067382812,275.2044677734375,325.82321166992188,330.985107421875,318.17208862304688,318.371337890625,320.872314453125,325.2628173828125,317.9781494140625,321.97720336914062,314.13827514648438,302.45635986328125,315.76797485351562,318.86325073242188,317.13265991210938,320.57598876953125,220.90559387207031,0.051563620567321777,0.27885565161705017,0.89667665958404541,0.19561928510665894,0.59754514694213867,0.99039262533187866
2025-05-01 16:30:00,94.480094909667969,308.85482788085938,818738,118.2235107421875,39687.46875,150342.828125,93.911666870117188,96.44403076171875,102.73451232910156,105.85427093505859,99.167312622070312,94.72064208984375,90.987899780273438,111.21411895751953,116.10532379150391,94.820449829101562,94.195884704589844,96.229873657226562,96.892578125,97.16766357421875,98.6265869140625,98.245498657226562,95.409637451171875,101.18284606933594,103.2724609375,105.41956329345703,106.57176971435547,314.8172607421875,321.9254150390625,330.53744506835938,333.77114868164062,325.13897705078125,303.13558959960938,272.25091552734375,321.45883178710938,326.75271606445312,311.9605712890625,311.8360595703125,316.0653076171875,319.03372192382812,315.95074462890625,322.69210815429688,313.51669311523438,302.25888061523438,315.3489990234375,318.2130126953125,316.96197509765625,320.38955688476562,214.37474060058594,0.038060247898101807,0.30865830183029175,0.8535534143447876,0.14644661545753479,0.69134169816970825,0.96193975210189819
2025-05-01 16:45:00,93.930412292480469,306.48745727539062,846629.9375,0,46917.84375,150877.140625,94.480094909667969,93.911666870117188,96.44403076171875,102.73451232910156,101.54954528808594,94.87127685546875,93.467086791992188,111.53804779052734,108.24432373046875,94.227088928222656,94.205253601074219,95.310089111328125,94.691551208496094,96.448272705078125,98.508979797363281,97.737838745117188,95.745223999023438,100.74330139160156,102.78020477294922,105.18267059326172,106.42266845703125,308.85482788085938,314.8172607421875,321.9254150390625,330.53744506835938,329.48287963867188,317.00888061523438,275.1851806640625,322.38037109375,316.77423095703125,308.31182861328125,307.671142578125,312.23416137695312,313.021240234375,313.84780883789062,321.37692260742188,312.68972778320312,303.34365844726562,314.81192016601562,317.07107543945312,316.74603271484375,320.28240966796875,212.55705261230469,0.026534944772720337,0.33928024768829346,0.80438071489334106,0.10332334041595459,0.77778512239456177,0.91573476791381836
2025-05-01 17:00:00,92.861488342285156,302.65054321289062,928477.375,0,14577.830078125,155218.453125,93.930412292480469,94.480094909667969,93.911666870117188,96.44403076171875,105.85427093505859,99.167312622070312,92.875679016113281,107.19701385498047,108.02839660644531,93.316688537597656,93.395950317382812,94.330650329589844,93.795913696289062,95.651206970214844,97.720748901367188,97.164154052734375,95.769973754882812,100.26561737060547,101.96231842041016,104.92862701416016,106.26467895507812,306.48745727539062,308.85482788085938,314.8172607421875,321.9254150390625,333.77114868164062,325.13897705078125,282.57769775390625,318.9530029296875,321.43942260742188,304.53762817382812,304.56900024414062,308.40072631835938,308.2025146484375,311.35952758789062,318.56585693359375,311.50863647460938,305.322998046875,314.07485961914062,315.38800048828125,316.45538330078125,320.08670043945312,209.78904724121094,0.017037093639373779,0.37059047818183899,0.75,0.066987305879592896,0.8535534143447876,0.8535534143447876
2025-05-01 17:15:00,94.543571472167969,305.9736328125,899555.75,124.98972320556641,46958.421875,163366.75,92.861488342285156,93.930412292480469,94.480094909667969,93.911666870117188,102.73451232910156,101.54954528808594,93.6710205078125,120.83818817138672,113.04072570800781,94.134613037109375,93.702529907226562,94.415817260742188,93.953887939453125,95.405067443847656,96.845008850097656,96.855850219726562,96.004409790039062,99.9188232421875,101.27684783935547,104.71450042724609,106.07199859619141,302.65054321289062,306.48745727539062,308.85482788085938,314.8172607421875,330.53744506835938,329.48287963867188,286.13919067382812,330.77230834960938,338.54421997070312,305.49496459960938,304.31207275390625,307.42987060546875,305.99160766601562,310.16265869140625,315.62722778320312,310.85745239257812,307.24606323242188,313.58389282226562,314.00711059570312,316.2392578125,319.74740600585938,211.4300537109375,0.0096073746681213379,0.40245485305786133,0.69134169816970825,0.038060247898101807,0.91573476791381836,0.77778512239456177
2025-05-01 17:30:00,113.50875854492188,337.93533325195312,958824.3125,118.78805541992188,36908.0859375,164769.328125,94.543571472167969,92.861488342285156,93.930412292480469,94.480094909667969,96.44403076171875,105.85427093505859,94.72064208984375,123.27775573730469,116.96387481689453,107.05071258544922,104.02616119384766,102.05299377441406,98.7110595703125,99.428108215332031,97.80181884765625,98.815010070800781,97.411964416503906,100.74246215820312,101.12485504150391,104.89582824707031,106.0360107421875,305.9736328125,302.65054321289062,306.48745727539062,308.85482788085938,321.9254150390625,333.77114868164062,303.13558959960938,333.9173583984375,349.64620971679688,327.12188720703125,321.9544677734375,319.63204956054688,313.26174926757812,316.3343505859375,316.14773559570312,314.0430908203125,311.35134887695312,315.05972290039062,313.66366577148438,316.68661499023438,319.62542724609375,224.42657470703125,0.0042775571346282959,0.43473690748214722,0.6294095516204834,0.017037093639373779,0.96193975210189819,0.69134169816970825
2025-05-01 17:45:00,116.05926513671875,341.54129028320312,958824.3125,0,24590.482421875,144932.890625,113.50875854492188,94.543571472167969,92.861488342285156,93.930412292480469,93.911666870117188,102.73451232910156,94.87127685546875,122.85837554931641,129.2510986328125,113.05641174316406,114.78401184082031,107.65550231933594,104.24327087402344,103.12392425537109,99.467414855957031,100.84375,98.823974609375,101.67075347900391,100.93790435791016,105.12599945068359,105.89859008789062,337.93533325195312,305.9736328125,302.65054321289062,306.48745727539062,314.8172607421875,330.53744506835938,317.00888061523438,333.12948608398438,361.39361572265625,336.73483276367188,339.73831176757812,328.395751953125,322.02520751953125,321.9359130859375,317.52322387695312,317.27816772460938,315.49859619140625,316.6646728515625,313.2225341796875,317.19906616210938,319.41864013671875,225.48204040527344,0.0010705292224884033,0.46729844808578491,0.56526309251785278,0.0042775571346282959,0.99039262533187866,0.59754514694213867
2025-05-01 18:00:00,116.70973968505859,342.56143188476562,962318.25,148.3856201171875,31102.177734375,132977.59375,116.05926513671875,113.50875854492188,94.543571472167969,92.861488342285156,94.480094909667969,96.44403076171875,99.167312622070312,127.47744750976562,132.22300720214844,115.49196624755859,116.38450622558594,111.27719879150391,110.20533752441406,106.14299011230469,102.00062561035156,102.71033477783203,100.3135986328125,102.58220672607422,100.77751159667969,105.36483764648438,105.73699951171875,341.54129028320312,337.93533325195312,305.9736328125,302.65054321289062,308.85482788085938,321.9254150390625,325.13897705078125,339.85943603515625,363.48052978515625,340.61923217773438,342.05136108398438,334.06201171875,332.0029296875,326.51934814453125,320.10272216796875,320.252685546875,319.24758911132812,318.23416137695312,313.096923828125,317.72201538085938,319.20071411132812,225.8516845703125,0,0.5,0.5,0,1,0.5
2025-05-01 18:15:00,108.85054016113281,334.85055541992188,951859.25,125.60777282714844,28400.28125,128903.453125,116.70973968505859,116.05926513671875,113.50875854492188,94.543571472167969,93.930412292480469,93.911666870117188,101.54954528808594,128.76266479492188,116.078369140625,111.06434631347656,112.78014373779297,110.30653381347656,113.78207397460938,106.74466705322266,103.86798095703125,103.43271636962891,101.26232147216797,102.96210479736328,100.56465148925781,105.43671417236328,105.66170501708984,342.56143188476562,341.54129028320312,337.93533325195312,305.9736328125,306.48745727539062,314.8172607421875,329.48287963867188,353.27764892578125,351.17880249023438,336.7734375,338.70599365234375,334.37744140625,339.22216796875,328.3707275390625,322.60687255859375,321.97006225585938,322.29205322265625,319.24124145507812,312.89739990234375,318.0751953125,319.0306396484375,226.00001525878906,0.0010705292224884033,0.53270155191421509,0.43473690748214722,0.0042775571346282959,0.99039262533187866,0.40245485305786133
2025-05-01 18:30:00,112.87818145751953,335.31497192382812,954177.125,260.52029418945312,32775.74609375,112005.7421875,108.85054016113281,116.70973968505859,116.05926513671875,113.50875854492188,92.861488342285156,94.480094909667969,105.85427093505859,121.36070251464844,117.50971984863281,112.27356719970703,110.86435699462891,111.33518981933594,113.62442779541016,108.10767364501953,106.16774749755859,104.5439453125,102.39716339111328,103.56307983398438,100.74198150634766,105.59014129638672,105.61346435546875,334.85055541992188,342.56143188476562,341.54129028320312,337.93533325195312,302.65054321289062,308.85482788085938,333.77114868164062,349.695556640625,350.6640625,335.80111694335938,335.082763671875,334.75244140625,338.56707763671875,329.91390991210938,325.91439819335938,323.54006958007812,324.30325317382812,320.21539306640625,313.25656127929688,318.43063354492188,318.87075805664062,222.43678283691406,0.0042775571346282959,0.56526309251785278,0.37059047818183899,0.017037093639373779,0.96193975210189819,0.30865830183029175
2025-05-01 18:45:00,111.50642395019531,333.01443481445312,915000.875,148.80903625488281,35923.83203125,91301.046875,112.87818145751953,108.85054016113281,116.70973968505859,116.05926513671875,94.543571472167969,93.930412292480469,102.73451232910156,114.94857788085938,96.626152038574219,111.76213836669922,112.19229888916016,111.4036865234375,112.48622131347656,108.86295318603516,108.36474609375,105.36305999755859,103.43686676025391,104.04449462890625,101.14640045166016,105.71212768554688,105.76846313476562,335.31497192382812,334.85055541992188,342.56143188476562,341.54129028320312,305.9736328125,306.48745727539062,330.53744506835938,339.410888671875,313.80465698242188,333.94332885742188,334.16470336914062,334.0572509765625,336.43533325195312,330.6029052734375,329.23028564453125,324.65469360351562,325.3035888671875,320.9910888671875,314.14617919921875,318.7313232421875,319.07086181640625,221.50801086425781,0.0096073746681213379,0.59754514694213867,0.30865830183029175,0.038060247898101807,0.91573476791381836,0.22221487760543823
2025-05-01 19:00:00,116.74427032470703,347.27609252929688,965828.125,119.55671691894531,18948.671875,78477.4921875,111.50642395019531,112.87818145751953,108.85054016113281,116.70973968505859,113.50875854492188,92.861488342285156,96.44403076171875,108.02194213867188,98.072860717773438,115.08355712890625,114.12534332275391,113.5399169921875,112.49485015869141,110.61435699462891,111.35009002685547,106.7020263671875,104.53542327880859,104.81417846679688,101.59447479248047,105.93959808349609,105.96295928955078,333.01443481445312,335.31497192382812,334.85055541992188,342.56143188476562,337.93533325195312,302.65054321289062,321.9254150390625,333.8746337890625,311.03115844726562,342.83184814453125,340.145263671875,339.34478759765625,337.614013671875,334.30804443359375,334.8084716796875,327.3160400390625,326.68716430664062,322.58413696289062,315.3995361328125,319.31988525390625,319.44839477539062,230.53182983398438,0.017037093639373779,0.6294095516204834,0.25,0.066987305879592896,0.8535534143447876,0.14644661545753479
2025-05-01 19:15:00,117.28305053710938,347.30181884765625,978697.25,0,31433.732421875,72132.5,116.74427032470703,111.50642395019531,112.87818145751953,108.85054016113281,116.05926513671875,94.543571472167969,93.911666870117188,107.65151977539062,96.142181396484375,116.54988861083984,117.01365661621094,115.03717041015625,114.60298156738281,112.09629058837891,114.19252777099609,107.94685363769531,105.51876831054688,105.56986236572266,101.56453704833984,106.17347717285156,106.18317413330078,347.27609252929688,333.01443481445312,335.31497192382812,334.85055541992188,341.54129028320312,305.9736328125,314.8172607421875,324.10943603515625,305.68701171875,345.81182861328125,347.28897094726562,342.527587890625,340.72683715820312,337.195556640625,339.9744873046875,329.66729736328125,327.80084228515625,324.0821533203125,315.57220458984375,319.8968505859375,319.88189697265625,230.01876831054688,0.026534944772720337,0.66071975231170654,0.19561928510665894,0.10332334041595459,0.77778512239456177,0.084265202283859253
2025-05-01 19:30:00,118.10810852050781,347.57403564453125,986917.3125,0,27027.685546875,63249.515625,117.28305053710938,116.74427032470703,111.50642395019531,112.87818145751953,116.70973968505859,113.50875854492188,94.480094909667969,98.105758666992188,92.222908020019531,117.58869934082031,117.69557952880859,116.26554870605469,115.91046142578125,113.4322509765625,114.76744842529297,109.14229583740234,106.28462982177734,106.32975769042969,101.84298706054688,106.4195556640625,106.45281219482422,347.30181884765625,347.27609252929688,333.01443481445312,335.31497192382812,342.56143188476562,337.93533325195312,308.85482788085938,299.10159301757812,300.41424560546875,346.98663330078125,347.43792724609375,344.54617309570312,343.79159545898438,339.50189208984375,341.1793212890625,331.77398681640625,328.66354370117188,325.50592041015625,315.89926147460938,320.46749877929688,320.37313842773438,229.46592712402344,0.038060247898101807,0.69134169816970825,0.14644661545753479,0.14644661545753479,0.69134169816970825,0.038060247898101807
2025-05-01 19:45:00,118.14883422851562,347.3824462890625,987590.875,0,18818.1875,58841.421875,118.10810852050781,117.28305053710938,116.74427032470703,111.50642395019531,108.85054016113281,116.05926513671875,93.930412292480469,95.335731506347656,89.705230712890625,117.96212005615234,118.12847137451172,117.01885986328125,117.57106781005859,114.48037719726562,115.02864074707031,110.20188903808594,107.24802398681641,107.04606628417969,102.05464935302734,106.66139984130859,106.74909973144531,347.57403564453125,347.30181884765625,347.27609252929688,333.01443481445312,334.85055541992188,341.54129028320312,306.48745727539062,296.34866333007812,292.3475341796875,347.25051879882812,347.47824096679688,345.68069458007812,347.38360595703125,341.25311279296875,341.90948486328125,333.61026000976562,329.71633911132812,326.83175659179688,316.26248168945312,321.0224609375,320.9464111328125,229.23361206054688,0.051563620567321777,0.72114431858062744,0.10332334041595459,0.19561928510665894,0.59754514694213867,0.0096073746681213379
2025-05-01 20:00:00,119.43215942382812,350.520263671875,982282.5,0,24492.095703125,59175.3671875,118.14883422851562,118.10810852050781,117.28305053710938,116.74427032470703,112.87818145751953,116.70973968505859,92.861488342285156,100.94180297851562,94.452239990234375,118.94214630126953,118.79049682617188,117.98418426513672,118.2430419921875,115.58077239990234,115.36894226074219,111.28780364990234,108.68478393554688,107.79673767089844,102.40960693359375,106.92471313476562,107.00930786132812,347.3824462890625,347.57403564453125,347.30181884765625,347.27609252929688,335.31497192382812,342.56143188476562,302.65054321289062,321.58358764648438,299.43350219726562,349.43035888671875,348.95135498046875,347.61651611328125,348.19464111328125,343.3125,342.90432739257812,335.59967041015625,331.5035400390625,328.26742553710938,316.89730834960938,321.63064575195312,321.47857666015625,231.08810424804688,0.066987305879592896,0.75,0.066987305879592896,0.25,0.5,0
2025-05-01 20:15:00,115.17532348632812,346.6622314453125,977642.25,0,23089.404296875,46017.86328125,119.43215942382812,118.14883422851562,118.10810852050781,117.28305053710938,111.50642395019531,108.85054016113281,94.543571472167969,100.34919738769531,88.874855041503906,116.43093109130859,117.30374145507812,116.86063385009766,117.71610260009766,115.49067687988281,116.1595458984375,111.74515533447266,110.01376342773438,108.24392700195312,102.89162445068359,107.09482574462891,107.28327178955078,350.520263671875,347.3824462890625,347.57403564453125,347.30181884765625,333.01443481445312,334.85055541992188,305.9736328125,326.61602783203125,291.19546508789062,347.58493041992188,348.59124755859375,347.23480224609375,348.03475952148438,344.056884765625,344.38079833984375,336.90115356445312,333.49383544921875,329.38226318359375,317.97509765625,322.14675903320312,322.05636596679688,231.48690795898438,0.084265202283859253,0.77778512239456177,0.038060247898101807,0.30865830183029175,0.40245485305786133,0.0096073746681213379
2025-05-01 20:30:00,114.58515930175781,343.11517333984375,993978.25,143.88034057617188,35246.80859375,38203.5078125,115.17532348632812,119.43215942382812,118.14883422851562,118.10810852050781,116.74427032470703,112.87818145751953,113.50875854492188,99.025688171386719,102.63585662841797,115.20041656494141,114.88024139404297,115.95044708251953,116.83536529541016,115.28945159912109,116.37291717529297,112.07927703857422,111.27033233642578,108.62824249267578,103.33998107910156,107.249267578125,107.40774536132812,346.6622314453125,350.520263671875,347.3824462890625,347.57403564453125,347.27609252929688,335.31497192382812,337.93533325195312,329.662109375,293.3857421875,344.6051025390625,344.88870239257812,345.58694458007812,346.92001342773438,343.84759521484375,345.35580444335938,337.63223266601562,335.63510131835938,330.21456909179688,318.94699096679688,322.5791015625,322.57437133789062,228.53001403808594,0.10332334041595459,0.80438071489334106,0.017037093639373779,0.37059047818183899,0.30865830183029175,0.038060247898101807
2025-05-01 20:45:00,117.27598571777344,343.22723388671875,945155.75,0,36012.1328125,35197.98828125,114.58515930175781,115.17532348632812,119.43215942382812,118.14883422851562,117.28305053710938,111.50642395019531,116.05926513671875,109.68255615234375,98.1422119140625,116.58412933349609,115.93057250976562,116.48065948486328,116.61715698242188,115.73090362548828,117.09410858154297,112.69065093994141,112.72943115234375,109.15235137939453,104.23732757568359,107.45600128173828,107.6070556640625,343.11517333984375,346.6622314453125,350.520263671875,347.3824462890625,347.30181884765625,333.01443481445312,341.54129028320312,343.0296630859375,282.31411743164062,343.6865234375,343.17120361328125,344.64306640625,345.8812255859375,343.70974731445312,346.63241577148438,338.29046630859375,337.93133544921875,331.00320434570312,320.63748168945312,323.00485229492188,323.20889282226562,225.95124816894531,0.12408009171485901,0.82967293262481689,0.0042775571346282959,0.43473690748214722,0.22221487760543823,0.084265202283859253
2025-05-01 21:00:00,102.69209289550781,326.26382446289062,941801.625,159.01304626464844,12448.7431640625,33979.08203125,117.27598571777344,114.58515930175781,115.17532348632812,119.43215942382812,118.10810852050781,116.74427032470703,116.70973968505859,119.033935546875,97.72381591796875,107.32276916503906,109.98403930664062,110.96523284912109,112.43213653564453,112.83338928222656,115.33758544921875,111.51435089111328,113.34384155273438,108.76081848144531,104.55690765380859,107.35778045654297,107.65880584716797,343.22723388671875,343.11517333984375,346.6622314453125,350.520263671875,347.57403564453125,347.27609252929688,342.56143188476562,356.50909423828125,282.53515625,332.07138061523438,334.74551391601562,337.29135131835938,339.81710815429688,339.8328857421875,344.00588989257812,336.87554931640625,339.40716552734375,330.71597290039062,322.36508178710938,323.072021484375,323.66439819335938,223.57173156738281,0.14644661545753479,0.8535534143447876,0,0.5,0.14644661545753479,0.14644661545753479
2025-05-01 21:15:00,101.96556091308594,324.12457275390625,957980.625,143.44334411621094,28390.572265625,33686.87890625,102.69209289550781,117.27598571777344,114.58515930175781,115.17532348632812,118.14883422851562,117.28305053710938,108.85054016113281,116.47869873046875,99.922355651855469,103.75129699707031,102.32882690429688,107.36536407470703,109.12969970703125,110.41831207275391,113.42290496826172,110.39096069335938,113.80771636962891,108.34898376464844,104.90605926513672,107.24659729003906,107.68009185791016,326.26382446289062,343.22723388671875,343.11517333984375,346.6622314453125,347.3824462890625,347.30181884765625,334.85055541992188,350.1614990234375,285.0926513671875,326.77349853515625,325.19418334960938,332.024658203125,334.18270874023438,336.34213256835938,341.10873413085938,335.37542724609375,340.54159545898438,330.31649780273438,323.89382934570312,323.09375,324.07098388671875,222.15901184082031,0.17032709717750549,0.87591993808746338,0.0042775571346282959,0.56526309251785278,0.084265202283859253,0.22221487760543823
2025-05-01 21:30:00,99.359230041503906,319.43643188476562,915594.5625,0,41899.88671875,35064.41015625,101.96556091308594,102.69209289550781,117.27598571777344,114.58515930175781,119.43215942382812,118.10810852050781,112.87818145751953,118.37240600585938,98.057144165039062,100.82324981689453,100.66239166259766,104.16291046142578,105.32321929931641,107.96073913574219,111.07929229736328,109.09310913085938,112.92337036132812,107.80415344238281,105.16766357421875,107.08396911621094,107.69364929199219,324.12457275390625,326.26382446289062,343.22723388671875,343.11517333984375,350.520263671875,347.57403564453125,335.31497192382812,348.92605590820312,281.9111328125,321.88211059570312,321.78048706054688,326.98934936523438,328.26300048828125,332.5853271484375,337.59152221679688,333.50027465820312,339.38543701171875,329.6571044921875,325.36837768554688,323.01834106445312,324.46185302734375,220.07719421386719,0.19561928510665894,0.89667665958404541,0.017037093639373779,0.6294095516204834,0.038060247898101807,0.30865830183029175
2025-05-01 21:45:00,104.64916229248047,318.94754028320312,906433.9375,132.25022888183594,24679.556640625,33453.1171875,99.359230041503906,101.96556091308594,102.69209289550781,117.27598571777344,115.17532348632812,118.14883422851562,111.50642395019531,122.04173278808594,100.57342529296875,103.37385559082031,102.00419616699219,104.35740661621094,102.16651153564453,107.22483062744141,109.39183044433594,108.57029724121094,112.21023559570312,107.61293792724609,105.51710510253906,107.03376770019531,107.73610687255859,319.43643188476562,324.12457275390625,326.26382446289062,343.22723388671875,346.6622314453125,347.3824462890625,333.01443481445312,355.6572265625,286.5411376953125,319.92572021484375,319.19198608398438,323.77264404296875,322.19308471679688,329.5546875,334.03717041015625,331.78817749023438,337.97332763671875,329.00802612304688,326.7359619140625,322.93438720703125,324.7994384765625,214.29838562011719,0.22221487760543823,0.91573476791381836,0.038060247898101807,0.69134169816970825,0.0096073746681213379,0.40245485305786133
2025-05-01 22:00:00,105.97078704833984,318.04705810546875,905448.375,120.16449737548828,39368.19921875,44548.49609375,104.64916229248047,99.359230041503906,101.96556091308594,102.69209289550781,114.58515930175781,119.43215942382812,116.74427032470703,121.84223937988281,100.01524353027344,105.10514831542969,105.30997467041016,105.00276184082031,102.98618316650391,106.94615936279297,107.70915985107422,108.26447296142578,111.53905487060547,107.51341247558594,105.92633056640625,107.01185607910156,107.79814147949219,318.94754028320312,319.43643188476562,324.12457275390625,326.26382446289062,343.11517333984375,350.520263671875,347.27609252929688,346.58132934570312,293.52947998046875,318.67327880859375,318.497314453125,321.48239135742188,320.13888549804688,326.9974365234375,329.97799682617188,330.17156982421875,336.441162109375,328.34371948242188,327.8443603515625,322.8336181640625,325.0548095703125,212.07626342773438,0.25,0.93301272392272949,0.066987305879592896,0.75,0,0.5
2025-05-01 22:15:00,103.3218994140625,319.16693115234375,898686.9375,208.04615783691406,46651.875,54232.953125,105.97078704833984,104.64916229248047,99.359230041503906,101.96556091308594,117.27598571777344,115.17532348632812,117.28305053710938,115.66219329833984,100.64910125732422,103.91631317138672,104.64634704589844,104.33041381835938,103.32527160644531,106.14076995849609,106.22748565673828,107.68299102783203,111.19351196289062,107.25938415527344,106.22792053222656,106.93576812744141,107.82598876953125,318.04705810546875,318.94754028320312,319.43643188476562,324.12457275390625,343.22723388671875,346.6622314453125,347.30181884765625,341.23544311523438,297.10733032226562,319.00238037109375,318.60699462890625,320.55621337890625,318.89947509765625,325.25732421875,326.54110717773438,328.87692260742188,335.4609375,327.78756713867188,328.87649536132812,322.75802612304688,325.28460693359375,215.84503173828125,0.27885565161705017,0.94843637943267822,0.10332334041595459,0.80438071489334106,0.0096073746681213379,0.59754514694213867
2025-05-01 22:30:00,101.36231994628906,319.48709106445312,940630.875,179.11668395996094,25203.392578125,65921.09375,103.3218994140625,105.97078704833984,104.64916229248047,99.359230041503906,102.69209289550781,114.58515930175781,118.10810852050781,107.20367431640625,101.09394836425781,102.21365356445312,102.34210968017578,103.14318084716797,103.82604217529297,105.07888793945312,104.57463073730469,106.93938446044922,110.47377014160156,106.90198516845703,106.43547058105469,106.82085418701172,107.82878112792969,319.16693115234375,318.04705810546875,318.94754028320312,319.43643188476562,326.26382446289062,343.11517333984375,347.57403564453125,323.82110595703125,301.58694458007812,319.32553100585938,319.3270263671875,320.12857055664062,318.91217041015625,323.97506713867188,323.58758544921875,327.772216796875,334.47171020507812,327.28451538085938,329.38748168945312,322.69058227539062,325.4710693359375,218.12478637695312,0.30865830183029175,0.96193975210189819,0.14644661545753479,0.8535534143447876,0.038060247898101807,0.69134169816970825
2025-05-01 22:45:00,104.80390167236328,322.04803466796875,889976.8125,0,37634.7421875,74069.390625,101.36231994628906,103.3218994140625,105.97078704833984,104.64916229248047,101.96556091308594,117.27598571777344,118.14883422851562,98.564971923828125,100.32917022705078,103.94048309326172,103.08310699462891,103.80746459960938,103.86473083496094,105.01778411865234,103.01561737060547,106.68814849853516,110.05486297607422,106.77482604980469,106.74586486816406,106.77926635742188,107.87539672851562,319.48709106445312,319.16693115234375,318.04705810546875,318.94754028320312,324.12457275390625,343.22723388671875,347.3824462890625,304.5469970703125,302.53155517578125,321.14053344726562,320.767578125,320.8963623046875,319.68728637695312,323.54681396484375,320.940185546875,327.09878540039062,333.78628540039062,326.96713256835938,329.54495239257812,322.67733764648438,325.67434692382812,217.24412536621094,0.33928024768829346,0.97346508502960205,0.19561928510665894,0.89667665958404541,0.084265202283859253,0.77778512239456177
2025-05-01 23:00:00,103.08023071289062,322.55545043945312,910926.375,0,27894.453125,79946.8515625,104.80390167236328,101.36231994628906,103.3218994140625,105.97078704833984,99.359230041503906,102.69209289550781,119.43215942382812,102.40579223632812,101.13461303710938,103.36698150634766,103.94206237792969,103.51657104492188,103.14208984375,104.58721160888672,103.06413269042969,106.26368713378906,109.20085906982422,106.55091094970703,106.86814117431641,106.70299530029297,107.89566040039062,322.04803466796875,319.48709106445312,319.16693115234375,318.04705810546875,319.43643188476562,326.26382446289062,350.520263671875,307.16854858398438,306.16998291015625,322.08380126953125,322.30172729492188,321.55999755859375,320.81439208984375,323.32650756835938,320.47662353515625,326.56427001953125,332.24127197265625,326.69976806640625,329.46420288085938,322.6748046875,325.84503173828125,219.4752197265625,0.37059047818183899,0.98296290636062622,0.25,0.93301272392272949,0.14644661545753479,0.8535534143447876
2025-05-01 23:15:00,100.227294921875,321.9444580078125,947628.5,0,23219.37890625,80414.3828125,103.08023071289062,104.80390167236328,101.36231994628906,103.3218994140625,104.64916229248047,101.96556091308594,115.17532348632812,118.24099731445312,99.619125366210938,101.27385711669922,101.65376281738281,102.20085906982422,102.36843872070312,103.61833953857422,102.84685516357422,105.55352783203125,108.13488006591797,106.16766357421875,106.82682037353516,106.56948089599609,107.90199279785156,322.55545043945312,322.04803466796875,319.48709106445312,319.16693115234375,318.94754028320312,324.12457275390625,346.6622314453125,341.77682495117188,307.3455810546875,321.99090576171875,322.24996948242188,321.71377563476562,321.50875854492188,323.0194091796875,320.20413208007812,326.02078247070312,330.65643310546875,326.41156005859375,329.2286376953125,322.65975952148438,325.99710083007812,221.7171630859375,0.40245485305786133,0.99039262533187866,0.30865830183029175,0.96193975210189819,0.22221487760543823,0.91573476791381836
2025-05-01 23:30:00,101.03132629394531,321.86590576171875,938733.125,0,26051.775390625,80948.6953125,100.227294921875,103.08023071289062,104.80390167236328,101.36231994628906,105.97078704833984,99.359230041503906,114.58515930175781,109.19789123535156,99.158111572265625,101.11217498779297,100.62931060791016,101.73304748535156,102.28569030761719,103.04344940185547,103.05586242675781,105.02149963378906,107.06758117675781,105.85636901855469,106.67610931396484,106.45529174804688,107.9215087890625,321.9444580078125,322.55545043945312,322.04803466796875,319.48709106445312,318.04705810546875,319.43643188476562,343.11517333984375,337.10842895507812,309.06951904296875,321.90756225585938,321.90518188476562,321.77462768554688,322.10345458984375,322.7630615234375,320.5078125,325.53195190429688,329.04965209960938,326.13607788085938,328.85659790039062,322.64340209960938,326.13040161132812,220.83456420898438,0.43473690748214722,0.99572241306304932,0.37059047818183899,0.98296290636062622,0.30865830183029175,0.96193975210189819
2025-05-01 23:45:00,95.038337707519531,315.63385009765625,988038.9375,0,2971.380615234375,66388.6171875,101.03132629394531,100.227294921875,103.08023071289062,104.80390167236328,103.3218994140625,104.64916229248047,117.27598571777344,111.37553405761719,102.52455139160156,97.062950134277344,98.034835815429688,99.055168151855469,99.84429931640625,101.26453399658203,101.85451507568359,103.84701538085938,105.62317657470703,105.20072937011719,106.43560028076172,106.21988677978516,107.84352874755859,321.86590576171875,321.9444580078125,322.55545043945312,322.04803466796875,319.16693115234375,318.94754028320312,343.22723388671875,335.75897216796875,315.46746826171875,317.72509765625,318.7498779296875,319.31832885742188,320.49990844726562,321.17880249023438,320.09359741210938,324.36749267578125,327.06536865234375,325.49957275390625,328.390869140625,322.49887084960938,326.13214111328125,220.59550476074219,0.46729844808578491,0.99892950057983398,0.43473690748214722,0.99572241306304932,0.40245485305786133,0.99039262533187866
2025-05-02 00:00:00,104.84225463867188,314.337158203125,886675.5625,160.7296142578125,38309.484375,57372.0546875,95.038337707519531,101.03132629394531,100.227294921875,103.08023071289062,101.36231994628906,105.97078704833984,102.69209289550781,108.07350158691406,103.6890869140625,102.24915313720703,99.940299987792969,101.37000274658203,100.28480529785156,102.05958557128906,101.71344757080078,103.96409606933594,104.7113037109375,105.17900848388672,106.69804382324219,106.19148254394531,107.85553741455078,315.63385009765625,321.86590576171875,321.9444580078125,322.55545043945312,319.48709106445312,318.04705810546875,326.26382446289062,330.2059326171875,316.1368408203125,315.46646118164062,314.98550415039062,317.32586669921875,318.44534301757812,319.65841674804688,319.62985229492188,323.18743896484375,324.80392456054688,324.82305908203125,328.15371704101562,322.33059692382812,326.1134033203125,209.49490356445312,0.5,1,0.5,1,0.5,1
2025-05-02 00:15:00,104.12319946289062,304.16152954101562,916834.625,160.80955505371094,34657.4609375,55168.00390625,104.84225463867188,95.038337707519531,101.03132629394531,100.227294921875,104.80390167236328,103.3218994140625,101.96556091308594,99.750885009765625,102.64560699462891,103.49851989746094,104.48272705078125,102.47128295898438,101.25878143310547,102.51816558837891,101.81360626220703,103.98281860351562,104.02054595947266,105.11502075195312,107.01715850830078,106.14884185791016,107.87093353271484,314.337158203125,315.63385009765625,321.86590576171875,321.9444580078125,322.04803466796875,319.16693115234375,324.12457275390625,312.17291259765625,319.2691650390625,307.92984008789062,309.24935913085938,312.06011962890625,313.99960327148438,316.21466064453125,317.75418090820312,320.9490966796875,322.14764404296875,323.57086181640625,327.82073974609375,321.95596313476562,325.95602416992188,200.038330078125,0.53270155191421509,0.99892950057983398,0.56526309251785278,0.99572241306304932,0.59754514694213867,0.99039262533187866
2025-05-02 00:30:00,106.93536376953125,306.16262817382812,957375,0,19161.5390625,66856.140625,104.12319946289062,104.84225463867188,95.038337707519531,101.03132629394531,103.08023071289062,101.36231994628906,99.359230041503906,100.23758697509766,103.30327606201172,105.78974914550781,105.52928161621094,104.25691223144531,102.73478698730469,103.49976348876953,102.51023864746094,104.33017730712891,103.54243469238281,105.225341796875,107.40637969970703,106.16505432128906,107.90876770019531,304.16152954101562,314.337158203125,315.63385009765625,321.86590576171875,322.55545043945312,319.48709106445312,319.43643188476562,312.01425170898438,319.70809936523438,306.751708984375,305.16207885742188,309.70114135742188,310.07379150390625,313.98089599609375,316.088623046875,319.20950317382812,319.83810424804688,322.51580810546875,327.73660278320312,321.63034057617188,325.81494140625,199.22726440429688,0.56526309251785278,0.99572241306304932,0.6294095516204834,0.98296290636062622,0.69134169816970825,0.96193975210189819
2025-05-02 00:45:00,105.6251220703125,304.49749755859375,882464.8125,0,28952.078125,78410.6953125,106.93536376953125,104.12319946289062,104.84225463867188,95.038337707519531,100.227294921875,104.80390167236328,104.64916229248047,88.560981750488281,103.04096984863281,105.67999267578125,106.28024291992188,104.80419921875,105.38148498535156,103.97206878662109,102.61289215087891,104.48252105712891,102.81425476074219,105.24957275390625,107.77184295654297,106.15392303466797,107.93568420410156,306.16262817382812,304.16152954101562,314.337158203125,315.63385009765625,321.9444580078125,322.04803466796875,318.94754028320312,289.13140869140625,319.963623046875,305.2489013671875,305.330078125,307.61968994140625,307.28970336914062,311.87347412109375,313.89480590820312,317.47869873046875,317.41751098632812,321.42379760742188,327.67440795898438,321.27706909179688,325.65380859375,198.87237548828125,0.59754514694213867,0.99039262533187866,0.69134169816970825,0.96193975210189819,0.77778512239456177,0.91573476791381836
2025-05-02 01:00:00,108.01847076416016,308.17727661132812,893276,0,32551.4765625,83152.7421875,105.6251220703125,106.93536376953125,104.12319946289062,104.84225463867188,101.03132629394531,103.08023071289062,105.97078704833984,92.465545654296875,103.63095092773438,107.23897552490234,106.82179260253906,106.08990478515625,106.175537109375,104.87126922607422,103.23017120361328,104.89851379394531,103.14715576171875,105.41738128662109,108.24549865722656,106.19236755371094,107.98138427734375,304.49749755859375,306.16262817382812,304.16152954101562,314.337158203125,321.86590576171875,322.55545043945312,318.04705810546875,270.98101806640625,319.51431274414062,307.20114135742188,306.33740234375,307.84271240234375,305.74972534179688,311.05209350585938,312.0975341796875,316.3843994140625,316.28707885742188,320.6209716796875,327.84713745117188,321.00698852539062,325.53573608398438,200.1588134765625,0.6294095516204834,0.98296290636062622,0.75,0.93301272392272949,0.8535534143447876,0.8535534143447876
2025-05-02 01:15:00,104.40998840332031,303.50958251953125,987656.3125,150.47708129882812,15002.66015625,107864.8046875,108.01847076416016,105.6251220703125,106.93536376953125,104.12319946289062,95.038337707519531,100.227294921875,103.3218994140625,90.792617797851562,104.22092437744141,105.35298919677734,106.2142333984375,105.41793823242188,106.24723815917969,104.76876068115234,103.75300598144531,104.84104156494141,103.29993438720703,105.35633087158203,108.55382537841797,106.15561676025391,107.98335266113281,308.17727661132812,304.49749755859375,306.16262817382812,304.16152954101562,315.63385009765625,321.9444580078125,319.16693115234375,275.2044677734375,321.83209228515625,304.7401123046875,305.84344482421875,306.10946655273438,305.58676147460938,309.3759765625,309.79318237304688,314.86972045898438,314.9986572265625,319.58392333984375,327.7701416015625,320.64620971679688,325.34487915039062,199.09959411621094,0.66071975231170654,0.97346508502960205,0.80438071489334106,0.89667665958404541,0.91573476791381836,0.77778512239456177
2025-05-02 01:30:00,104.28990173339844,302.148681640625,840405.8125,0,38382.94921875,115144.84375,104.40998840332031,108.01847076416016,105.6251220703125,106.93536376953125,104.84225463867188,101.03132629394531,101.36231994628906,90.987899780273438,112.22403717041016,104.64426422119141,104.34994506835938,104.96672058105469,105.58586883544922,104.66234588623047,104.16033172607422,104.77619934082031,103.60810089111328,105.29169464111328,108.26573181152344,106.11714935302734,107.90071105957031,303.50958251953125,308.17727661132812,304.49749755859375,306.16262817382812,314.337158203125,321.86590576171875,319.48709106445312,272.25091552734375,340.22705078125,303.01248168945312,302.82913208007812,304.525146484375,304.583251953125,307.7698974609375,307.32852172851562,313.37313842773438,313.91818237304688,318.5272216796875,326.65179443359375,320.26480102539062,324.94821166992188,197.85877990722656,0.69134169816970825,0.96193975210189819,0.8535534143447876,0.8535534143447876,0.96193975210189819,0.69134169816970825
2025-05-02 01:45:00,107.20437622070312,307.79559326171875,901671.75,0,30044.958984375,123894.2421875,104.28990173339844,104.40998840332031,108.01847076416016,105.6251220703125,104.12319946289062,95.038337707519531,104.80390167236328,93.467086791992188,120.08821105957031,106.35100555419922,105.74713897705078,105.86178588867188,105.98068237304688,105.22724151611328,105.68108367919922,105.06186676025391,103.76779937744141,105.40761566162109,107.98902130126953,106.13956451416016,107.76650238037109,302.148681640625,303.50958251953125,308.17727661132812,304.49749755859375,304.16152954101562,315.63385009765625,322.04803466796875,275.1851806640625,349.17510986328125,306.20123291015625,304.97213745117188,305.83334350585938,305.40777587890625,307.775634765625,306.3487548828125,312.71694946289062,313.22116088867188,317.8768310546875,325.59722900390625,320.00772094726562,324.51718139648438,200.59121704101562,0.72114431858062744,0.94843637943267822,0.89667665958404541,0.80438071489334106,0.99039262533187866,0.59754514694213867
2025-05-02 02:00:00,102.65218353271484,304.47634887695312,951269.5,0,14935.98828125,127834.8046875,107.20437622070312,104.28990173339844,104.40998840332031,108.01847076416016,106.93536376953125,104.84225463867188,103.08023071289062,92.875679016113281,118.79052734375,103.88512420654297,104.92828369140625,104.57794189453125,104.63911437988281,104.65500640869141,105.40732574462891,104.77837371826172,103.56038665771484,105.24062347412109,107.54972076416016,106.06766510009766,107.59839630126953,307.79559326171875,302.148681640625,303.50958251953125,308.17727661132812,306.16262817382812,314.337158203125,322.55545043945312,282.57769775390625,349.76220703125,305.05130004882812,306.135986328125,305.29052734375,304.4825439453125,307.04244995117188,305.11614990234375,311.74746704101562,312.37301635742188,317.06466674804688,324.40707397460938,319.68746948242188,324.04544067382812,201.82417297363281,0.75,0.93301272392272949,0.93301272392272949,0.75,1,0.5
2025-05-02 02:15:00,102.87181091308594,304.25595092773438,920547.625,120.64389801025391,14421.4951171875,129905.296875,102.65218353271484,107.20437622070312,104.28990173339844,104.40998840332031,105.6251220703125,104.12319946289062,100.227294921875,93.6710205078125,115.40634155273438,103.20957946777344,102.76199340820312,103.89549255371094,104.25457000732422,104.25874328613281,105.25090026855469,104.5540771484375,103.53225708007812,105.09705352783203,107.36288452148438,106.00177001953125,107.46782684326172,304.47634887695312,307.79559326171875,302.148681640625,303.50958251953125,304.49749755859375,304.16152954101562,321.9444580078125,286.13919067382812,346.05166625976562,304.52105712890625,304.36614990234375,304.876708984375,304.66915893554688,306.4232177734375,305.12796020507812,310.86611938476562,311.44107055664062,316.28839111328125,323.45098876953125,319.36929321289062,323.61007690429688,201.38414001464844,0.77778512239456177,0.91573476791381836,0.96193975210189819,0.69134169816970825,0.99039262533187866,0.40245485305786133
2025-05-02 02:30:00,102.2701416015625,304.00067138671875,922913.6875,170.88090515136719,14338.6416015625,129972.078125,102.87181091308594,102.65218353271484,107.20437622070312,104.28990173339844,108.01847076416016,106.93536376953125,101.03132629394531,94.72064208984375,116.720947265625,102.58329010009766,102.57097625732422,103.24535369873047,103.74962615966797,103.81683349609375,104.66774749755859,104.28537750244141,103.58899688720703,104.92572784423828,107.03137969970703,105.92482757568359,107.31729888916016,304.25595092773438,304.47634887695312,307.79559326171875,302.148681640625,308.17727661132812,306.16262817382812,321.86590576171875,303.13558959960938,345.80911254882812,304.17413330078125,304.1282958984375,304.52627563476562,305.13214111328125,305.8848876953125,304.85769653320312,310.05841064453125,310.47317504882812,315.54367065429688,322.47244262695312,319.05242919921875,323.17459106445312,201.73052978515625,0.80438071489334106,0.89667665958404541,0.98296290636062622,0.6294095516204834,0.96193975210189819,0.30865830183029175
2025-05-02 02:45:00,103.11985778808594,305.24163818359375,908274.25,0,15861.8359375,122024.140625,102.2701416015625,102.87181091308594,102.65218353271484,107.20437622070312,104.40998840332031,105.6251220703125,95.038337707519531,94.87127685546875,118.55720520019531,102.94100189208984,102.69499969482422,103.19515228271484,102.72850036621094,103.66194915771484,104.35459136962891,104.14825439453125,103.48374176025391,104.8162841796875,106.76930236816406,105.86699676513672,107.156494140625,304.00067138671875,304.25595092773438,304.47634887695312,307.79559326171875,303.50958251953125,304.49749755859375,315.63385009765625,317.00888061523438,349.98583984375,304.88580322265625,304.62115478515625,304.81243896484375,304.49365234375,305.741943359375,304.95071411132812,309.49172973632812,309.42276000976562,314.9193115234375,321.60452270507812,318.76766967773438,322.70849609375,202.12178039550781,0.82967293262481689,0.87591993808746338,0.99572241306304932,0.56526309251785278,0.91573476791381836,0.22221487760543823
2025-05-02 03:00:00,102.96905517578125,300.72573852539062,908258.9375,120.76541137695312,19417.89453125,108532.6953125,103.11985778808594,102.2701416015625,102.87181091308594,102.65218353271484,104.28990173339844,108.01847076416016,104.84225463867188,99.167312622070312,119.24790954589844,102.95970153808594,103.04445648193359,103.10471343994141,102.80771636962891,103.50797271728516,103.72341156005859,104.00952911376953,103.47679138183594,104.70433044433594,106.33882904052734,105.80724334716797,106.98692321777344,305.24163818359375,304.00067138671875,304.25595092773438,304.47634887695312,302.148681640625,308.17727661132812,314.337158203125,325.13897705078125,336.59683227539062,302.1124267578125,302.98370361328125,303.17776489257812,303.55599975585938,304.62722778320312,304.019287109375,308.46044921875,308.05841064453125,314.05911254882812,320.14984130859375,318.39566040039062,322.3348388671875,197.75668334960938,0.8535534143447876,0.8535534143447876,1,0.5,0.8535534143447876,0.14644661545753479
2025-05-02 03:15:00,106.95851135253906,305.91168212890625,898440.625,193.36410522460938,23956.224609375,103523.4921875,102.96905517578125,103.11985778808594,102.2701416015625,102.87181091308594,107.20437622070312,104.40998840332031,104.12319946289062,101.54954528808594,115.94168853759766,105.62557220458984,104.96378326416016,104.64623260498047,103.82939147949219,104.27475738525391,104.04197692871094,104.35646820068359,103.89749145507812,104.8409423828125,106.01618957519531,105.83097839355469,106.89334869384766,300.72573852539062,305.24163818359375,304.00067138671875,304.25595092773438,307.79559326171875,303.50958251953125,304.16152954101562,329.48287963867188,332.51461791992188,304.645263671875,303.31869506835938,304.27133178710938,303.96994018554688,304.91265869140625,304.31954956054688,308.16058349609375,307.05636596679688,313.5653076171875,318.85638427734375,318.13827514648438,322.05770874023438,198.95317077636719,0.87591993808746338,0.82967293262481689,0.99572241306304932,0.43473690748214722,0.77778512239456177,0.084265202283859253
2025-05-02 03:30:00,105.27658081054688,300.35150146484375,887022.25,0,30307.3046875,93237.9296875,106.95851135253906,102.96905517578125,103.11985778808594,102.2701416015625,102.65218353271484,104.28990173339844,106.93536376953125,105.85427093505859,117.46919250488281,105.39291381835938,106.11754608154297,104.89836883544922,104.58100128173828,104.49738311767578,104.16531372070312,104.46471405029297,104.16281890869141,104.86734771728516,105.61520385742188,105.81954956054688,106.76634216308594,305.91168212890625,300.72573852539062,305.24163818359375,304.00067138671875,304.47634887695312,302.148681640625,306.16262817382812,333.77114868164062,332.39865112304688,301.78274536132812,303.131591796875,302.70339965820312,303.05764770507812,303.89907836914062,304.09487915039062,307.24188232421875,305.71170043945312,312.76449584960938,317.38067626953125,317.77151489257812,321.72390747070312,195.07492065429688,0.89667665958404541,0.80438071489334106,0.98296290636062622,0.37059047818183899,0.69134169816970825,0.038060247898101807
2025-05-02 03:45:00,107.87071228027344,302.91635131835938,910760.875,127.46700286865234,29734.154296875,96978.1328125,105.27658081054688,106.95851135253906,102.96905517578125,103.11985778808594,102.87181091308594,107.20437622070312,105.6251220703125,102.73451232910156,118.41244506835938,107.04477691650391,106.57364654541016,106.08730316162109,105.76871490478516,105.24700927734375,104.24860382080078,104.86541748046875,104.96484375,105.04936981201172,105.29400634765625,105.86183929443359,106.65653228759766,300.35150146484375,305.91168212890625,300.72573852539062,305.24163818359375,304.25595092773438,307.79559326171875,304.49749755859375,330.53744506835938,333.28335571289062,302.53848266601562,301.6339111328125,302.78857421875,302.476318359375,303.68069458007812,303.4849853515625,306.73297119140625,304.9168701171875,312.16763305664062,315.99111938476562,317.46524047851562,321.40756225585938,195.04563903808594,0.91573476791381836,0.77778512239456177,0.96193975210189819,0.30865830183029175,0.59754514694213867,0.0096073746681213379
2025-05-02 04:00:00,107.41911315917969,303.4691162109375,877619.375,0,27105.771484375,99916.8671875,107.87071228027344,105.27658081054688,106.95851135253906,102.96905517578125,102.2701416015625,102.65218353271484,108.01847076416016,96.44403076171875,119.3975830078125,107.29433441162109,107.64491271972656,106.62002563476562,106.8812255859375,105.72969818115234,104.84447479248047,105.16585540771484,105.12590026855469,105.1929931640625,104.91860198974609,105.89395141601562,106.53175354003906,302.91635131835938,300.35150146484375,305.91168212890625,300.72573852539062,304.00067138671875,304.47634887695312,308.17727661132812,321.9254150390625,330.75640869140625,303.15890502929688,303.1927490234375,303.060791015625,303.16217041015625,303.6336669921875,303.35906982421875,306.3489990234375,304.23760986328125,311.64044189453125,314.52078247070312,317.17666625976562,321.12332153320312,196.05000305175781,0.93301272392272949,0.75,0.93301272392272949,0.25,0.5,0
2025-05-02 04:15:00,108.27322387695312,305.38568115234375,892573.1875,133.44329833984375,38644.64453125,90566.3671875,107.41911315917969,107.87071228027344,105.27658081054688,106.95851135253906,103.11985778808594,102.87181091308594,104.40998840332031,93.911666870117188,115.4649658203125,107.94692993164062,107.84616851806641,107.28130340576172,107.20990753173828,106.29492950439453,105.51964569091797,105.53142547607422,105.38527679443359,105.37966918945312,104.70291137695312,105.94300842285156,106.45684051513672,303.4691162109375,302.91635131835938,300.35150146484375,305.91168212890625,305.24163818359375,304.25595092773438,303.50958251953125,314.8172607421875,325.82321166992188,304.6434326171875,304.42739868164062,303.99075317382812,303.03067016601562,304.02301025390625,303.50030517578125,306.23565673828125,304.31411743164062,311.2613525390625,313.23086547851562,316.93353271484375,320.91043090820312,197.11245727539062,0.94843637943267822,0.72114431858062744,0.89667665958404541,0.19561928510665894,0.40245485305786133,0.0096073746681213379
2025-05-02 04:30:00,104.93215942382812,300.55621337890625,848873,0,32770.94921875,93304.71875,108.27322387695312,107.41911315917969,107.87071228027344,105.27658081054688,102.96905517578125,102.2701416015625,104.28990173339844,94.480094909667969,111.21411895751953,105.93708038330078,106.60269165039062,106.34164428710938,107.12380218505859,105.99208831787109,105.85240173339844,105.46092224121094,105.26007843017578,105.35254669189453,104.40125274658203,105.92216491699219,106.39140319824219,305.38568115234375,303.4691162109375,302.91635131835938,300.35150146484375,300.72573852539062,304.00067138671875,302.148681640625,308.85482788085938,321.45883178710938,301.91860961914062,302.970947265625,302.616943359375,303.08184814453125,303.25259399414062,303.06973266601562,305.5675048828125,303.96371459960938,310.61257934570312,311.90090942382812,316.59585571289062,320.69271850585938,195.62403869628906,0.96193975210189819,0.69134169816970825,0.8535534143447876,0.14644661545753479,0.30865830183029175,0.038060247898101807
2025-05-02 04:45:00,99.073417663574219,292.79852294921875,829245.875,0,36750.96875,93438.3046875,104.93215942382812,108.27322387695312,107.41911315917969,107.87071228027344,106.95851135253906,103.11985778808594,107.20437622070312,93.930412292480469,111.53804779052734,101.36130523681641,102.00279235839844,103.43435668945312,104.92447662353516,104.45460510253906,105.34659576416016,104.70945739746094,104.85059356689453,104.97199249267578,103.83242797851562,105.78095245361328,106.26156616210938,300.55621337890625,305.38568115234375,303.4691162109375,302.91635131835938,305.91168212890625,305.24163818359375,307.79559326171875,306.48745727539062,322.38037109375,295.83856201171875,296.6773681640625,298.6895751953125,300.5523681640625,300.92947387695312,301.51434326171875,304.06527709960938,303.2325439453125,309.53292846679688,310.32501220703125,316.10519409179688,320.38455200195312,193.72509765625,0.97346508502960205,0.66071975231170654,0.80438071489334106,0.10332334041595459,0.22221487760543823,0.084265202283859253
2025-05-02 05:00:00,101.51908874511719,281.81082153320312,855994.75,139.64334106445312,31649.77734375,99516.1328125,99.073417663574219,104.93215942382812,108.27322387695312,107.41911315917969,105.27658081054688,102.96905517578125,102.65218353271484,92.861488342285156,107.19701385498047,101.46649932861328,100.29625701904297,102.66825103759766,103.44947052001953,103.80226898193359,105.16535186767578,104.33411407470703,104.44438171386719,104.76272583007812,103.79576873779297,105.69307708740234,106.20241546630859,292.79852294921875,300.55621337890625,305.38568115234375,303.4691162109375,300.35150146484375,300.72573852539062,304.47634887695312,302.65054321289062,318.9530029296875,286.48672485351562,287.30465698242188,291.93807983398438,295.1378173828125,296.68087768554688,299.14999389648438,301.44708251953125,301.58462524414062,307.85281372070312,308.93585205078125,315.39810180664062,319.99765014648438,180.29173278808594,0.98296290636062622,0.6294095516204834,0.75,0.066987305879592896,0.14644661545753479,0.14644661545753479
2025-05-02 05:15:00,102.46942138671875,284.44219970703125,838357.625,175.49728393554688,21629.609375,116013.109375,101.51908874511719,99.073417663574219,104.93215942382812,108.27322387695312,107.87071228027344,106.95851135253906,102.87181091308594,94.543571472167969,120.83818817138672,102.13510894775391,101.99425506591797,102.58871459960938,101.99851989746094,103.50608062744141,104.60421752929688,104.11473846435547,104.32309722900391,104.62374114990234,103.81151580810547,105.62660980224609,106.01107788085938,281.81082153320312,292.79852294921875,300.55621337890625,305.38568115234375,302.91635131835938,305.91168212890625,304.25595092773438,305.9736328125,330.77230834960938,285.12371826171875,283.12649536132812,288.93972778320312,289.90194702148438,293.961181640625,296.46630859375,299.446533203125,300.39291381835938,306.43399047851562,307.69577026367188,314.75982666015625,319.51504516601562,181.9727783203125,0.99039262533187866,0.59754514694213867,0.69134169816970825,0.038060247898101807,0.084265202283859253,0.22221487760543823
2025-05-02 05:30:00,98.885536193847656,278.97308349609375,837424.75,0,16810.298828125,124027.8203125,102.46942138671875,101.51908874511719,99.073417663574219,104.93215942382812,107.41911315917969,105.27658081054688,102.2701416015625,113.50875854492188,123.27775573730469,99.968727111816406,100.67748260498047,101.10744476318359,100.48686981201172,102.47929382324219,103.80533599853516,103.49954223632812,103.98532104492188,104.27597045898438,103.79670715332031,105.48761749267578,105.75698852539062,284.44219970703125,281.81082153320312,292.79852294921875,300.55621337890625,303.4691162109375,300.35150146484375,304.00067138671875,337.93533325195312,333.9173583984375,281.02328491210938,281.7076416015625,284.95306396484375,284.50616455078125,290.6304931640625,293.79400634765625,297.03787231445312,298.9444580078125,304.76968383789062,306.43130493164062,314.02197265625,318.94271850585938,180.08753967285156,0.99572241306304932,0.56526309251785278,0.6294095516204834,0.017037093639373779,0.038060247898101807,0.30865830183029175
2025-05-02 05:45:00,101.8115234375,283.3291015625,809824.8125,133.65132141113281,43652.28515625,135248.4375,98.885536193847656,102.46942138671875,101.51908874511719,99.073417663574219,108.27322387695312,107.87071228027344,103.11985778808594,116.05926513671875,122.85837554931641,101.19725799560547,100.34853363037109,101.38907623291016,101.17139434814453,102.33090209960938,103.04793548583984,103.30094909667969,103.64826965332031,104.12660980224609,103.70803833007812,105.41182708740234,105.53775024414062,278.97308349609375,284.44219970703125,281.81082153320312,292.79852294921875,305.38568115234375,302.91635131835938,305.24163818359375,341.54129028320312,333.12948608398438,282.56048583984375,281.15109252929688,284.303466796875,282.1387939453125,289.00796508789062,291.3455810546875,295.42507934570312,297.415283203125,303.47024536132812,305.3182373046875,313.38912963867188,318.42398071289062,181.517578125,0.99892950057983398,0.53270155191421509,0.56526309251785278,0.0042775571346282959,0.0096073746681213379,0.40245485305786133
2025-05-02 06:00:00,105.8260498046875,288.97021484375,885206.75,0,34632.52734375,156754.609375,101.8115234375,98.885536193847656,102.46942138671875,101.51908874511719,104.93215942382812,107.41911315917969,102.96905517578125,116.70973968505859,127.47744750976562,104.28311920166016,103.81878662109375,103.16386413574219,102.24813079833984,103.10759735107422,102.84880065917969,103.5980224609375,103.84663391113281,104.22960662841797,103.70351409912109,105.42036437988281,105.31221771240234,283.3291015625,278.97308349609375,284.44219970703125,281.81082153320312,300.55621337890625,303.4691162109375,300.72573852539062,342.56143188476562,339.85943603515625,286.8336181640625,286.149658203125,286.170166015625,283.92864990234375,288.99957275390625,289.53323364257812,294.66567993164062,296.4461669921875,302.59146118164062,304.40957641601562,312.88565063476562,317.89385986328125,183.14414978027344,1,0.5,0.5,0,0,0.5
2025-05-02 06:15:00,97.235343933105469,299.57745361328125,869220.0625,0,32073.166015625,153882.671875,105.8260498046875,101.8115234375,98.885536193847656,102.46942138671875,99.073417663574219,108.27322387695312,106.95851135253906,108.85054016113281,128.76266479492188,99.584602355957031,101.53070068359375,100.79245758056641,100.93961334228516,101.80265808105469,101.46907043457031,102.84947204589844,103.49436187744141,103.80570983886719,103.5133056640625,105.25160217285156,104.98381042480469,288.97021484375,283.3291015625,278.97308349609375,284.44219970703125,292.79852294921875,305.38568115234375,305.91168212890625,334.85055541992188,353.27764892578125,295.32949829101562,294.27383422851562,291.5330810546875,287.71246337890625,291.3502197265625,288.80718994140625,295.2435302734375,296.15374755859375,302.40878295898438,303.79739379882812,312.61123657226562,317.33450317382812,202.34210205078125,0.99892950057983398,0.46729844808578491,0.43473690748214722,0.0042775571346282959,0.0096073746681213379,0.59754514694213867
2025-05-02 06:30:00,100.84272766113281,306.31143188476562,866702.5625,138.66658020019531,36531.54296875,163901.0625,97.235343933105469,105.8260498046875,101.8115234375,98.885536193847656,101.51908874511719,104.93215942382812,105.27658081054688,112.87818145751953,121.36070251464844,100.42335510253906,99.039039611816406,100.81256866455078,101.42890930175781,101.58934020996094,100.9578857421875,102.61338043212891,103.40514373779297,103.62613677978516,103.4970703125,105.16069793701172,104.77008056640625,299.57745361328125,288.97021484375,283.3291015625,278.97308349609375,281.81082153320312,300.55621337890625,300.35150146484375,335.31497192382812,349.695556640625,302.65078735351562,302.94442749023438,297.44442749023438,294.54705810546875,294.6749267578125,289.526611328125,296.545654296875,296.29815673828125,302.64532470703125,303.38568115234375,312.48135375976562,316.882568359375,205.46870422363281,0.99572241306304932,0.43473690748214722,0.37059047818183899,0.017037093639373779,0.038060247898101807,0.69134169816970825
2025-05-02 06:45:00,101.9039306640625,313.29608154296875,868157.0625,159.90817260742188,40569.8671875,164443.734375,100.84272766113281,97.235343933105469,105.8260498046875,101.8115234375,102.46942138671875,99.073417663574219,107.87071228027344,111.50642395019531,114.94857788085938,101.41040802001953,101.37332916259766,101.24911499023438,101.45201110839844,101.65924835205078,101.31170654296875,102.52991485595703,103.32914733886719,103.52175903320312,103.40644836425781,105.09355163574219,104.63419342041016,306.31143188476562,299.57745361328125,288.97021484375,283.3291015625,284.44219970703125,292.79852294921875,302.91635131835938,333.01443481445312,339.410888671875,309.74765014648438,309.80374145507812,303.78509521484375,302.03878784179688,298.81295776367188,292.08880615234375,298.51629638671875,296.80157470703125,303.29080200195312,303.1121826171875,312.49813842773438,316.61053466796875,211.39215087890625,0.99039262533187866,0.40245485305786133,0.30865830183029175,0.038060247898101807,0.084265202283859253,0.77778512239456177
2025-05-02 07:00:00,112.96297454833984,323.27288818359375,932108.8125,0,40347.05078125,150676.78125,101.9039306640625,100.84272766113281,97.235343933105469,105.8260498046875,98.885536193847656,101.51908874511719,107.41911315917969,116.74427032470703,108.02194213867188,109.11212158203125,107.43344879150391,105.93465423583984,103.23624420166016,104.17118835449219,102.7421875,103.75733947753906,103.95376586914062,104.09395599365234,103.71527862548828,105.25580596923828,104.6856689453125,313.29608154296875,306.31143188476562,299.57745361328125,288.97021484375,278.97308349609375,281.81082153320312,303.4691162109375,347.27609252929688,333.8746337890625,318.76449584960938,318.28448486328125,311.5802001953125,310.61447143554688,304.24850463867188,297.27154541015625,301.4288330078125,298.21075439453125,304.50186157226562,303.13458251953125,312.72030639648438,316.5001220703125,210.30992126464844,0.98296290636062622,0.37059047818183899,0.25,0.066987305879592896,0.14644661545753479,0.8535534143447876
2025-05-02 07:15:00,114.20176696777344,314.53826904296875,911968,0,41106.8359375,135916.328125,112.96297454833984,101.9039306640625,100.84272766113281,97.235343933105469,101.8115234375,102.46942138671875,108.27322387695312,117.28305053710938,107.65151977539062,112.50521850585938,113.58237457275391,109.24150085449219,107.47785186767578,106.40020751953125,104.20873260498047,104.98609161376953,104.40647125244141,104.70655059814453,104.15198516845703,105.44025421142578,104.75389862060547,323.27288818359375,313.29608154296875,306.31143188476562,299.57745361328125,283.3291015625,284.44219970703125,305.38568115234375,347.30181884765625,324.10943603515625,315.947021484375,318.90557861328125,312.763427734375,314.35467529296875,306.53512573242188,301.0335693359375,302.97109985351562,298.74993896484375,305.110107421875,302.90313720703125,312.75778198242188,316.40042114257812,200.33650207519531,0.97346508502960205,0.33928024768829346,0.19561928510665894,0.10332334041595459,0.22221487760543823,0.91573476791381836
2025-05-02 07:30:00,103.69163513183594,304.92022705078125,854869.625,242.32420349121094,45716.671875,127968.390625,114.20176696777344,112.96297454833984,101.9039306640625,100.84272766113281,105.8260498046875,98.885536193847656,104.93215942382812,118.10810852050781,98.105758666992188,106.62949371337891,108.94670104980469,107.02155303955078,108.19007873535156,105.79830169677734,104.80949401855469,104.83380126953125,104.30741119384766,104.64504241943359,104.23511505126953,105.40420532226562,104.81208038330078,314.53826904296875,323.27288818359375,313.29608154296875,306.31143188476562,288.97021484375,278.97308349609375,300.55621337890625,347.57403564453125,299.10159301757812,308.5958251953125,309.729248046875,309.62615966796875,314.00686645507812,306.17623901367188,304.27694702148438,303.20040893554688,299.03549194335938,305.09860229492188,302.37359619140625,312.59619140625,316.46102905273438,201.22859191894531,0.96193975210189819,0.30865830183029175,0.14644661545753479,0.14644661545753479,0.30865830183029175,0.96193975210189819
2025-05-02 07:45:00,105.78994750976562,304.55950927734375,877626.6875,168.67745971679688,29445.28125,122024.140625,103.69163513183594,114.20176696777344,112.96297454833984,101.9039306640625,97.235343933105469,101.8115234375,99.073417663574219,118.14883422851562,95.335731506347656,106.06980133056641,104.74079132080078,106.52891540527344,109.16158294677734,105.79644775390625,105.30680084228516,104.9462890625,104.1773681640625,104.71443176269531,104.57110595703125,105.41215515136719,104.92098236083984,304.92022705078125,314.53826904296875,323.27288818359375,313.29608154296875,299.57745361328125,283.3291015625,292.79852294921875,347.3824462890625,296.34866333007812,305.90493774414062,304.7398681640625,307.5994873046875,311.82272338867188,305.81698608398438,306.93075561523438,303.36032104492188,299.13818359375,305.06594848632812,302.02752685546875,312.43048095703125,316.54653930664062,198.76954650878906,0.94843637943267822,0.27885565161705017,0.10332334041595459,0.19561928510665894,0.40245485305786133,0.99039262533187866
2025-05-02 08:00:00,103.62193298339844,312.34490966796875,853942.125,0,23055.7109375,109200.59375,105.78994750976562,103.69163513183594,114.20176696777344,112.96297454833984,100.84272766113281,105.8260498046875,101.51908874511719,119.43215942382812,100.94180297851562,104.43788909912109,104.70594024658203,105.36611938476562,106.82632446289062,105.31321716308594,105.03128051757812,104.79048156738281,103.94004058837891,104.64821624755859,104.53297424316406,105.375244140625,104.94889831542969,304.55950927734375,304.92022705078125,314.53826904296875,323.27288818359375,306.31143188476562,288.97021484375,281.81082153320312,350.520263671875,321.58358764648438,310.1982421875,308.45220947265625,309.49765014648438,309.09072875976562,307.26763916015625,309.85260009765625,304.41732788085938,299.69290161132812,305.507080078125,301.96527099609375,312.4287109375,316.4503173828125,208.72297668457031,0.93301272392272949,0.25,0.066987305879592896,0.25,0.5,1
2025-05-02 08:15:00,107.44632720947266,328.5999755859375,919126,0,48181.078125,97913.1953125,103.62193298339844,105.78994750976562,103.69163513183594,114.20176696777344,101.9039306640625,97.235343933105469,102.46942138671875,115.17532348632812,100.34919738769531,106.44351196289062,105.53412628173828,106.19820404052734,105.13745880126953,105.78724670410156,106.30765533447266,105.10293579101562,103.88835906982422,104.81780242919922,104.63681793212891,105.41794586181641,105.0228271484375,312.34490966796875,304.55950927734375,304.92022705078125,314.53826904296875,313.29608154296875,299.57745361328125,284.44219970703125,346.6622314453125,326.61602783203125,322.466064453125,320.47244262695312,317.13858032226562,312.60614013671875,312.00814819335938,313.48040771484375,307.2623291015625,301.143798828125,306.90664672851562,302.72897338867188,312.76214599609375,316.47097778320312,221.15365600585938,0.91573476791381836,0.22221487760543823,0.038060247898101807,0.30865830183029175,0.59754514694213867,0.99039262533187866
2025-05-02 08:30:00,104.46382141113281,334.3011474609375,919882.6875,131.60964965820312,48651.7734375,107998.3828125,107.44632720947266,103.62193298339844,105.78994750976562,103.69163513183594,112.96297454833984,100.84272766113281,98.885536193847656,114.58515930175781,99.025688171386719,105.12371826171875,105.955078125,105.50444793701172,105.33050537109375,105.49314880371094,106.76029205322266,105.02774810791016,103.85909271240234,104.79634857177734,104.55958557128906,105.39827728271484,105.07947540283203,328.5999755859375,312.34490966796875,304.55950927734375,304.92022705078125,323.27288818359375,306.31143188476562,278.97308349609375,343.11517333984375,329.662109375,330.35610961914062,331.4505615234375,324.00360107421875,319.95138549804688,316.962158203125,316.9791259765625,310.44338989257812,303.25286865234375,308.56692504882812,303.6082763671875,313.20623779296875,316.51931762695312,229.83732604980469,0.89667665958404541,0.19561928510665894,0.017037093639373779,0.37059047818183899,0.69134169816970825,0.96193975210189819
2025-05-02 08:45:00,101.18588256835938,333.08071899414062,931047.1875,131.16453552246094,43660.203125,95108.03125,104.46382141113281,107.44632720947266,103.62193298339844,105.78994750976562,114.20176696777344,101.9039306640625,101.8115234375,117.27598571777344,109.68255615234375,102.49848937988281,102.82485198974609,103.77702331542969,104.17948913574219,104.53598022460938,106.67053985595703,104.57575988769531,103.99111938476562,104.57752990722656,104.42086029052734,105.31142425537109,104.990966796875,334.3011474609375,328.5999755859375,312.34490966796875,304.55950927734375,314.53826904296875,313.29608154296875,283.3291015625,343.22723388671875,343.0296630859375,332.17251586914062,333.69094848632812,327.63446044921875,327.08169555664062,320.5440673828125,319.45220947265625,313.10659790039062,305.7705078125,310.0526123046875,304.50152587890625,313.61602783203125,316.41567993164062,231.89483642578125,0.87591993808746338,0.17032709717750549,0.0042775571346282959,0.43473690748214722,0.77778512239456177,0.91573476791381836
2025-05-02 09:00:00,103.28083038330078,338.37777709960938,861449.1875,211.77822875976562,49030.5859375,70128.8203125,101.18588256835938,104.46382141113281,107.44632720947266,103.62193298339844,103.69163513183594,112.96297454833984,105.8260498046875,102.69209289550781,119.033935546875,103.02005004882812,102.23335266113281,103.57854461669922,104.09421539306641,104.25705718994141,105.46026611328125,104.42341613769531,104.10122680664062,104.49893951416016,104.27280426025391,105.26955413818359,104.82687377929688,333.08071899414062,334.3011474609375,328.5999755859375,312.34490966796875,304.92022705078125,323.27288818359375,288.97021484375,326.26382446289062,356.50909423828125,336.30935668945312,335.729248046875,331.93179321289062,333.58990478515625,324.50711059570312,321.34030151367188,316.07968139648438,309.30593872070312,311.769287109375,305.44528198242188,314.1265869140625,316.226806640625,235.09695434570312,0.8535534143447876,0.14644661545753479,0,0.5,0.8535534143447876,0.8535534143447876
2025-05-02 09:15:00,103.55973815917969,336.39602661132812,924723.0625,0,49817.73828125,81616.5859375,103.28083038330078,101.18588256835938,104.46382141113281,107.44632720947266,105.78994750976562,114.20176696777344,97.235343933105469,101.96556091308594,116.47869873046875,103.37984466552734,103.4202880859375,103.57102203369141,103.12256622314453,104.10209655761719,104.13001251220703,104.32180786132812,104.16937255859375,104.44202423095703,104.24623870849609,105.23429870605469,104.69229888916016,338.37777709960938,333.08071899414062,334.3011474609375,328.5999755859375,304.55950927734375,314.53826904296875,299.57745361328125,324.12457275390625,350.1614990234375,336.36712646484375,337.38690185546875,333.71746826171875,335.53890991210938,327.14907836914062,324.07254028320312,318.4698486328125,312.55303955078125,313.26181030273438,306.47299194335938,314.58575439453125,316.08340454101562,232.83628845214844,0.82967293262481689,0.12408009171485901,0.0042775571346282959,0.56526309251785278,0.91573476791381836,0.77778512239456177
2025-05-02 09:30:00,100.49826049804688,334.61029052734375,887917.25,124.89227294921875,50161.671875,77609.2265625,103.55973815917969,103.28083038330078,101.18588256835938,104.46382141113281,103.62193298339844,103.69163513183594,100.84272766113281,99.359230041503906,118.37240600585938,101.45878601074219,102.02899932861328,102.3419189453125,102.13117980957031,103.30124664306641,103.73084259033203,103.87197875976562,104.27017211914062,104.2030029296875,104.12774658203125,105.13665008544922,104.50611114501953,336.39602661132812,338.37777709960938,333.08071899414062,334.3011474609375,312.34490966796875,304.92022705078125,306.31143188476562,319.43643188476562,348.92605590820312,335.1959228515625,335.503173828125,334.07461547851562,335.6162109375,328.80712890625,327.78378295898438,320.36871337890625,316.03036499023438,314.5556640625,307.48739624023438,314.99862670898438,315.93429565429688,234.11204528808594,0.80438071489334106,0.10332334041595459,0.017037093639373779,0.6294095516204834,0.96193975210189819,0.69134169816970825
2025-05-02 09:45:00,103.15763854980469,337.341552734375,859556.875,0,53992.9453125,67857.984375,100.49826049804688,103.55973815917969,103.28083038330078,101.18588256835938,107.44632720947266,105.78994750976562,101.9039306640625,104.64916229248047,122.04173278808594,102.59135437011719,101.82794952392578,102.66820526123047,102.62411499023438,103.26933288574219,103.40180206298828,103.78794097900391,104.35430145263672,104.1396484375,104.00128936767578,105.09584808349609,104.30940246582031,334.61029052734375,336.39602661132812,338.37777709960938,333.08071899414062,328.5999755859375,304.55950927734375,313.29608154296875,318.94754028320312,355.6572265625,336.6263427734375,335.97592163085938,335.38137817382812,336.68142700195312,330.70367431640625,331.88156127929688,322.36550903320312,319.40615844726562,315.93661499023438,308.41073608398438,315.45932006835938,315.74349975585938,234.18391418457031,0.77778512239456177,0.084265202283859253,0.038060247898101807,0.69134169816970825,0.99039262533187866,0.59754514694213867
2025-05-02 10:00:00,103.55917358398438,338.0107421875,916499.375,1876.669189453125,59271.8359375,61179.046875,103.15763854980469,100.49826049804688,103.55973815917969,103.28083038330078,104.46382141113281,103.62193298339844,112.96297454833984,105.97078704833984,121.84223937988281,103.23656463623047,103.35840606689453,103.02458953857422,102.69370269775391,103.333740234375,103.39395904541016,103.76102447509766,104.21262359619141,104.10446929931641,104.02963256835938,105.06416320800781,104.11895751953125,337.341552734375,334.61029052734375,336.39602661132812,338.37777709960938,334.3011474609375,312.34490966796875,323.27288818359375,318.04705810546875,346.58132934570312,337.54928588867188,337.6761474609375,336.43313598632812,336.58966064453125,332.32745361328125,335.08978271484375,324.20614624023438,322.47119140625,317.27444458007812,309.45867919921875,315.92428588867188,315.65423583984375,234.45156860351562,0.75,0.066987305879592896,0.066987305879592896,0.75,1,0.5
2025-05-02 10:15:00,103.55917358398438,333.11553955078125,872617.8125,118.30869293212891,62610.79296875,48355.4921875,103.55917358398438,103.15763854980469,100.49826049804688,103.55973815917969,101.18588256835938,107.44632720947266,114.20176696777344,103.3218994140625,115.66219329833984,103.45163726806641,103.55917358398438,103.23842620849609,102.69355773925781,103.38383483886719,102.90806579589844,103.73727416992188,104.60785675048828,104.07141876220703,104.05110931396484,105.03312683105469,103.99288177490234,338.0107421875,337.341552734375,334.61029052734375,336.39602661132812,333.08071899414062,328.5999755859375,314.53826904296875,319.16693115234375,341.23544311523438,334.59344482421875,335.56314086914062,335.1060791015625,335.76953125,332.50259399414062,335.65423583984375,325.25430297851562,324.56732177734375,318.23452758789062,310.36053466796875,316.27874755859375,315.56964111328125,229.55636596679688,0.72114431858062744,0.051563620567321777,0.10332334041595459,0.80438071489334106,0.99039262533187866,0.40245485305786133
2025-05-02 10:30:00,105.84149169921875,336.70556640625,882897.125,1670.905517578125,53815.18359375,39405.71875,103.55917358398438,103.55917358398438,103.15763854980469,100.49826049804688,103.28083038330078,104.46382141113281,103.69163513183594,101.36231994628906,107.20367431640625,105.04486846923828,104.70033264160156,104.27964782714844,104.02936553955078,103.92998504638672,103.08026885986328,103.98483276367188,104.92028045654297,104.17869567871094,104.16271209716797,105.04979705810547,103.97869110107422,333.11553955078125,338.0107421875,337.341552734375,334.61029052734375,338.37777709960938,334.3011474609375,304.92022705078125,319.48709106445312,323.82110595703125,336.00152587890625,334.91055297851562,335.74588012695312,336.2933349609375,333.43658447265625,335.95477294921875,326.60150146484375,326.46694946289062,319.35397338867188,311.382568359375,316.69992065429688,315.703857421875,230.86407470703125,0.69134169816970825,0.038060247898101807,0.14644661545753479,0.8535534143447876,0.96193975210189819,0.30865830183029175
2025-05-02 10:45:00,101.268798828125,326.63223266601562,881625,1910.8453369140625,55970.78125,36400.1953125,105.84149169921875,103.55917358398438,103.55917358398438,103.15763854980469,103.55973815917969,101.18588256835938,105.78994750976562,104.80390167236328,98.564971923828125,102.52748870849609,103.55514526367188,103.07530975341797,103.55715942382812,103.33860778808594,103.09063720703125,103.66529846191406,104.88058471679688,104.00234222412109,104.10486602783203,104.97183990478516,104.00685882568359,336.70556640625,333.11553955078125,338.0107421875,337.341552734375,336.39602661132812,333.08071899414062,304.55950927734375,322.04803466796875,304.5469970703125,329.75534057617188,331.66891479492188,332.10043334960938,333.61602783203125,331.92449951171875,335.14871215820312,326.60513305664062,327.30047607421875,319.79507446289062,312.051025390625,316.90469360351562,315.93389892578125,225.36343383789062,0.66071975231170654,0.026534944772720337,0.19561928510665894,0.89667665958404541,0.91573476791381836,0.22221487760543823
2025-05-02 11:00:00,99.3809814453125,310.27993774414062,812220,1806.793701171875,51944.58984375,33453.1171875,101.268798828125,105.84149169921875,103.55917358398438,103.55917358398438,100.49826049804688,103.28083038330078,103.62193298339844,103.08023071289062,102.40579223632812,100.42981719970703,100.32489013671875,101.59757995605469,102.51261138916016,102.45913696289062,102.60315704345703,103.16126251220703,104.03171539306641,103.72225952148438,103.99274444580078,104.85655975341797,103.97534942626953,326.63223266601562,336.70556640625,333.11553955078125,338.0107421875,334.61029052734375,338.37777709960938,312.34490966796875,322.55545043945312,307.16854858398438,316.771728515625,318.45608520507812,323.37222290039062,326.68331909179688,327.11459350585938,331.636474609375,324.68450927734375,326.4884033203125,319.21841430664062,312.34957885742188,316.76809692382812,315.96630859375,210.89895629882812,0.6294095516204834,0.017037093639373779,0.25,0.93301272392272949,0.8535534143447876,0.14644661545753479
2025-05-02 11:15:00,93.512229919433594,301.739013671875,839985.875,1943.534423828125,50705.69140625,42411.23828125,99.3809814453125,101.268798828125,105.84149169921875,103.55917358398438,103.15763854980469,103.55973815917969,107.44632720947266,100.227294921875,118.24099731445312,95.818092346191406,96.446601867675781,98.363441467285156,100.00087738037109,100.47093200683594,101.34721374511719,102.02608489990234,102.73861694335938,103.10346984863281,103.57254791259766,104.62265777587891,103.71775817871094,310.27993774414062,326.63223266601562,336.70556640625,333.11553955078125,337.341552734375,336.39602661132812,328.5999755859375,321.9444580078125,341.77682495117188,306.74990844726562,306.00946044921875,314.71893310546875,318.83917236328125,321.4755859375,327.30435180664062,321.98504638671875,325.68844604492188,318.1590576171875,312.21917724609375,316.45822143554688,315.54925537109375,208.22677612304688,0.59754514694213867,0.0096073746681213379,0.30865830183029175,0.96193975210189819,0.77778512239456177,0.084265202283859253
2025-05-02 11:30:00,90.441253662109375,298.27813720703125,807586.9375,1891.04248046875,50782.50390625,38003.140625,93.512229919433594,99.3809814453125,101.268798828125,105.84149169921875,103.55917358398438,100.49826049804688,104.46382141113281,101.03132629394531,109.19789123535156,92.233528137207031,91.976737976074219,95.194564819335938,96.15081787109375,98.242118835449219,100.090087890625,100.66316223144531,101.91046905517578,102.3360595703125,103.10894012451172,104.33026123046875,103.52237701416016,301.739013671875,310.27993774414062,326.63223266601562,336.70556640625,338.0107421875,334.61029052734375,334.3011474609375,321.86590576171875,337.10842895507812,301.10205078125,300.00857543945312,308.14260864257812,309.23233032226562,316.32058715820312,322.76284790039062,319.19598388671875,325.2733154296875,316.95413208007812,312.15438842773438,316.0833740234375,315.144775390625,207.83688354492188,0.56526309251785278,0.0042775571346282959,0.37059047818183899,0.98296290636062622,0.69134169816970825,0.038060247898101807
2025-05-02 11:45:00,95.139404296875,303.20523071289062,861132.5625,1906.09375,50391.71484375,43212.7109375,90.441253662109375,93.512229919433594,99.3809814453125,101.268798828125,103.55917358398438,103.15763854980469,101.18588256835938,95.038337707519531,111.37553405761719,94.1707763671875,92.790328979492188,95.172500610351562,94.61846923828125,97.552627563476562,99.087814331054688,100.0133056640625,101.24480438232422,101.89990234375,102.71109008789062,104.14075469970703,103.35324859619141,298.27813720703125,301.739013671875,310.27993774414062,326.63223266601562,333.11553955078125,337.341552734375,333.08071899414062,315.63385009765625,335.75897216796875,302.50418090820312,300.74169921875,306.16766357421875,303.37557983398438,313.40606689453125,318.49578857421875,317.31472778320312,325.18869018554688,316.12088012695312,312.16342163085938,315.81787109375,314.8056640625,208.06582641601562,0.53270155191421509,0.0010705292224884033,0.43473690748214722,0.99572241306304932,0.59754514694213867,0.0096073746681213379
2025-05-02 12:00:00,94.448799133300781,298.36886596679688,848057.1875,1931.2760009765625,43224.7265625,52830.37890625,95.139404296875,90.441253662109375,93.512229919433594,99.3809814453125,105.84149169921875,103.55917358398438,103.28083038330078,104.84225463867188,108.07350158691406,94.356124877929688,94.794105529785156,94.883018493652344,93.385421752929688,96.862884521484375,97.949012756347656,99.358657836914062,100.67148590087891,101.44831848144531,102.30576324462891,103.94092559814453,103.21132659912109,303.20523071289062,298.27813720703125,301.739013671875,310.27993774414062,336.70556640625,338.0107421875,338.37777709960938,314.337158203125,330.2059326171875,299.747314453125,300.78704833984375,303.04815673828125,300.39779663085938,310.06448364257812,313.54055786132812,315.0858154296875,324.315185546875,315.04501342773438,312.0040283203125,315.45806884765625,314.47402954101562,203.92007446289062,0.5,0,0.5,1,0.5,0
2025-05-02 12:15:00,93.150466918945312,295.71450805664062,841542.0625,1931.2760009765625,50419.4140625,40407.55859375,94.448799133300781,95.139404296875,90.441253662109375,93.512229919433594,101.268798828125,103.55917358398438,103.55973815917969,104.12319946289062,99.750885009765625,93.552352905273438,93.799636840820312,94.19000244140625,93.29498291015625,96.03790283203125,96.647926330566406,98.628280639648438,99.777992248535156,100.94541931152344,101.83317565917969,103.71843719482422,103.14257049560547,298.36886596679688,303.20523071289062,298.27813720703125,301.739013671875,326.63223266601562,333.11553955078125,336.39602661132812,304.16152954101562,312.17291259765625,297.05877685546875,297.04168701171875,300.11468505859375,298.89169311523438,306.87557983398438,308.86544799804688,312.80682373046875,322.25982666015625,313.87344360351562,311.70181274414062,315.05099487304688,314.3026123046875,202.56402587890625,0.46729844808578491,0.0010705292224884033,0.56526309251785278,0.99572241306304932,0.40245485305786133,0.0096073746681213379
2025-05-02 12:30:00,94.2181396484375,286.69097900390625,834350.125,1871.74658203125,39912.73828125,44682.078125,93.150466918945312,94.448799133300781,95.139404296875,90.441253662109375,99.3809814453125,105.84149169921875,100.49826049804688,106.93536376953125,100.23758697509766,93.996208190917969,93.684303283691406,94.201255798339844,94.239204406738281,95.633514404296875,95.19500732421875,98.109443664550781,99.137641906738281,100.53770446777344,101.49836730957031,103.52256011962891,103.07986450195312,295.71450805664062,298.36886596679688,303.20523071289062,298.27813720703125,310.27993774414062,336.70556640625,334.61029052734375,306.16262817382812,312.01425170898438,290.14691162109375,291.20272827148438,294.74520874023438,295.99490356445312,302.39010620117188,302.61361694335938,309.734375,319.28421020507812,312.22604370117188,311.26852416992188,314.46624755859375,314.038818359375,192.47283935546875,0.43473690748214722,0.0042775571346282959,0.6294095516204834,0.98296290636062622,0.30865830183029175,0.038060247898101807
2025-05-02 12:45:00,94.769676208496094,284.48184204101562,845382,1869.052490234375,32452.435546875,56837.73828125,94.2181396484375,93.150466918945312,94.448799133300781,95.139404296875,93.512229919433594,101.268798828125,103.15763854980469,105.6251220703125,88.560981750488281,94.511856079101562,94.493911743164062,94.428627014160156,94.146774291992188,95.441551208496094,94.382621765136719,97.716529846191406,98.736625671386719,100.18812561035156,101.36387634277344,103.34208679199219,103.14453887939453,286.69097900390625,295.71450805664062,298.36886596679688,303.20523071289062,301.739013671875,326.63223266601562,337.341552734375,304.49749755859375,289.13140869140625,286.37020874023438,285.58639526367188,290.63986206054688,291.31405639648438,298.41049194335938,297.34481811523438,306.76348876953125,316.24676513671875,310.5445556640625,311.00863647460938,313.8480224609375,313.99038696289062,189.712158203125,0.40245485305786133,0.0096073746681213379,0.69134169816970825,0.96193975210189819,0.22221487760543823,0.084265202283859253
2025-05-02 13:00:00,93.907920837402344,281.194091796875,796297.1875,1931.2760009765625,28417.5078125,51093.859375,94.769676208496094,94.2181396484375,93.150466918945312,94.448799133300781,90.441253662109375,99.3809814453125,103.55917358398438,108.01847076416016,92.465545654296875,94.109230041503906,94.338798522949219,94.220344543457031,94.011550903320312,95.100746154785156,93.698486328125,97.268455505371094,98.15081787109375,99.807510375976562,101.12602233886719,103.14756774902344,103.15956878662109,284.48184204101562,286.69097900390625,295.71450805664062,298.36886596679688,298.27813720703125,310.27993774414062,338.0107421875,308.17727661132812,270.98101806640625,282.91946411132812,282.83798217773438,286.86154174804688,287.02035522460938,294.58462524414062,293.70907592773438,303.75531005859375,312.67279052734375,308.7657470703125,310.98934936523438,313.17474365234375,314.09677124023438,187.28617858886719,0.37059047818183899,0.017037093639373779,0.75,0.93301272392272949,0.14644661545753479,0.14644661545753479
2025-05-02 13:15:00,95.87762451171875,281.194091796875,842816.875,2016.163330078125,22326.564453125,56770.94921875,93.907920837402344,94.769676208496094,94.2181396484375,93.150466918945312,95.139404296875,93.512229919433594,103.55917358398438,104.40998840332031,90.792617797851562,95.288162231445312,94.892768859863281,94.883255004882812,94.693344116210938,95.273384094238281,93.994163513183594,97.104827880859375,97.670692443847656,99.5693359375,100.92002868652344,102.99767303466797,103.21253204345703,281.194091796875,284.48184204101562,286.69097900390625,295.71450805664062,303.20523071289062,301.739013671875,333.11553955078125,303.50958251953125,275.2044677734375,281.76922607421875,281.194091796875,284.59457397460938,283.3902587890625,291.60894775390625,291.14096069335938,301.10107421875,309.22265625,307.0947265625,310.88784790039062,312.51535034179688,314.15914916992188,185.31648254394531,0.33928024768829346,0.026534944772720337,0.80438071489334106,0.89667665958404541,0.084265202283859253,0.22221487760543823
2025-05-02 13:30:00,101.99040222167969,286.41082763671875,837758.1875,2127.394775390625,15841.58984375,61713.359375,95.87762451171875,93.907920837402344,94.769676208496094,94.2181396484375,94.448799133300781,90.441253662109375,105.84149169921875,104.28990173339844,90.987899780273438,99.756317138671875,98.934013366699219,97.726112365722656,96.636405944824219,96.76605224609375,95.43780517578125,97.679603576660156,97.763946533203125,99.716064453125,101.01705932617188,102.97690582275391,103.3271484375,281.194091796875,281.194091796875,284.48184204101562,286.69097900390625,298.36886596679688,298.27813720703125,336.70556640625,302.148681640625,272.25091552734375,284.86361694335938,283.80245971679688,285.32107543945312,283.32022094726562,290.45382690429688,289.65756225585938,299.372802734375,306.210205078125,305.84115600585938,311.12030029296875,311.97711181640625,314.30667114257812,184.42042541503906,0.30865830183029175,0.038060247898101807,0.8535534143447876,0.8535534143447876,0.038060247898101807,0.30865830183029175
2025-05-02 13:45:00,104.27225494384766,289.720703125,847528.875,2262.8466796875,35561.3828125,75538.7578125,101.99040222167969,95.87762451171875,93.907920837402344,94.769676208496094,93.150466918945312,95.139404296875,101.268798828125,107.20437622070312,93.467086791992188,102.76694488525391,103.13132476806641,100.34456634521484,99.012046813964844,98.434097290039062,96.579414367675781,98.455207824707031,97.833610534667969,99.992195129394531,101.09395599365234,103.00360870361328,103.439697265625,286.41082763671875,281.194091796875,281.194091796875,284.48184204101562,295.71450805664062,303.20523071289062,326.63223266601562,307.79559326171875,275.1851806640625,288.1016845703125,288.06576538085938,287.0809326171875,284.62994384765625,290.2908935546875,287.97198486328125,298.23724365234375,303.23388671875,304.86416625976562,311.32003784179688,311.51821899414062,314.45806884765625,185.44844055175781,0.27885565161705017,0.051563620567321777,0.89667665958404541,0.80438071489334106,0.0096073746681213379,0.40245485305786133
2025-05-02 14:00:00,105.25823211669922,294.44244384765625,807586.9375,2830.804931640625,38126.0546875,104324.96875,104.27225494384766,101.99040222167969,95.87762451171875,93.907920837402344,94.2181396484375,94.448799133300781,99.3809814453125,102.65218353271484,92.875679016113281,104.42780303955078,104.76524353027344,102.31003570556641,101.84962463378906,99.950569152832031,97.930587768554688,99.255561828613281,97.939804077148438,100.31134796142578,101.07621002197266,103.05009460449219,103.56867980957031,289.720703125,286.41082763671875,281.194091796875,281.194091796875,286.69097900390625,298.36886596679688,310.27993774414062,304.47634887695312,282.57769775390625,292.328857421875,292.08157348632812,290.02554321289062,287.9420166015625,291.21347045898438,287.481201171875,297.79080200195312,300.5108642578125,304.2325439453125,311.49102783203125,311.1661376953125,314.5816650390625,189.1842041015625,0.25,0.066987305879592896,0.93301272392272949,0.75,0,0.5
2025-05-02 14:15:00,105.28681182861328,295.63754272460938,807052.75,4400.8271484375,40028.49609375,120821.9375,105.25823211669922,104.27225494384766,101.99040222167969,95.87762451171875,94.769676208496094,93.150466918945312,93.512229919433594,102.87181091308594,93.6710205078125,105.00047302246094,105.27252197265625,103.50074768066406,104.20192718505859,101.13640594482422,99.4476318359375,99.965126037597656,98.047782897949219,100.61289215087891,101.32781982421875,103.09621429443359,103.68968200683594,294.44244384765625,289.720703125,286.41082763671875,281.194091796875,284.48184204101562,295.71450805664062,301.739013671875,304.25595092773438,286.13919067382812,294.53463745117188,295.03997802734375,292.27032470703125,291.55288696289062,292.19659423828125,287.4715576171875,297.5374755859375,298.16848754882812,303.71163940429688,311.367919921875,310.845947265625,314.68060302734375,190.35072326660156,0.22221487760543823,0.084265202283859253,0.96193975210189819,0.69134169816970825,0.0096073746681213379,0.59754514694213867
2025-05-02 14:30:00,109.02336120605469,303.74612426757812,810032.25,5970.3876953125,38465.515625,144532.15625,105.28681182861328,105.25823211669922,104.27225494384766,101.99040222167969,93.907920837402344,94.2181396484375,90.441253662109375,102.2701416015625,94.72064208984375,107.68239593505859,107.15508270263672,105.70979309082031,105.96016693115234,102.88906097412109,101.29828643798828,101.03079986572266,98.246650695800781,101.12261962890625,101.58346557617188,103.21842193603516,103.83866882324219,295.63754272460938,294.44244384765625,289.720703125,286.41082763671875,281.194091796875,286.69097900390625,298.27813720703125,304.00067138671875,303.13558959960938,300.67562866210938,299.69183349609375,296.86065673828125,295.88668823242188,294.76315307617188,289.60345458984375,298.26791381835938,296.1085205078125,303.7137451171875,311.28775024414062,310.6995849609375,314.68695068359375,194.72276306152344,0.19561928510665894,0.10332334041595459,0.98296290636062622,0.6294095516204834,0.038060247898101807,0.69134169816970825
2025-05-02 14:45:00,106.48963928222656,306.89874267578125,829796.3125,6605.93994140625,39468.0546875,161095.921875,109.02336120605469,105.28681182861328,105.25823211669922,104.27225494384766,95.87762451171875,94.769676208496094,95.139404296875,103.11985778808594,94.87127685546875,106.88722229003906,107.75650024414062,106.021728515625,106.51451110839844,103.68918609619141,102.76328277587891,101.67301177978516,98.572952270507812,101.44789123535156,101.72676849365234,103.28587341308594,103.95969390869141,303.74612426757812,295.63754272460938,294.44244384765625,289.720703125,281.194091796875,284.48184204101562,303.20523071289062,305.24163818359375,317.00888061523438,304.82437133789062,305.32241821289062,300.87588500976562,300.18121337890625,297.4599609375,292.40557861328125,299.28329467773438,294.87518310546875,303.90676879882812,311.08782958984375,310.6212158203125,314.58163452148438,200.40910339355469,0.17032709717750549,0.12408009171485901,0.99572241306304932,0.56526309251785278,0.084265202283859253,0.77778512239456177
2025-05-02 15:00:00,106.03793334960938,312.11416625976562,819228.5625,6870.7099609375,45778.70703125,164443.734375,106.48963928222656,109.02336120605469,105.28681182861328,105.25823211669922,101.99040222167969,93.907920837402344,94.448799133300781,102.96905517578125,99.167312622070312,106.32102966308594,106.26378631591797,106.02821350097656,106.70943450927734,104.21112823486328,104.27953338623047,102.18653106689453,98.989006042480469,101.72607421875,101.51036071777344,103.34261322021484,104.03126525878906,306.89874267578125,303.74612426757812,295.63754272460938,294.44244384765625,286.41082763671875,281.194091796875,298.36886596679688,300.72573852539062,325.13897705078125,309.68423461914062,309.5064697265625,305.37118530273438,304.59915161132812,300.7164306640625,296.27056884765625,300.79281616210938,294.98983764648438,304.4041748046875,310.73910522460938,310.6519775390625,314.44598388671875,206.07623291015625,0.14644661545753479,0.14644661545753479,1,0.5,0.14644661545753479,0.8535534143447876
2025-05-02 15:15:00,113.59895324707031,324.531005859375,943937.9375,7027.19091796875,14369.7119140625,164443.734375,106.03793334960938,106.48963928222656,109.02336120605469,105.28681182861328,104.27225494384766,95.87762451171875,93.150466918945312,106.95851135253906,101.54954528808594,111.1729736328125,109.81844329833984,109.05650329589844,108.78746795654297,106.29730987548828,106.49469757080078,103.5291748046875,100.24443054199219,102.44564819335938,101.49152374267578,103.55408477783203,104.15677642822266,312.11416625976562,306.89874267578125,303.74612426757812,295.63754272460938,289.720703125,281.194091796875,295.71450805664062,305.91168212890625,329.48287963867188,319.58209228515625,318.32257080078125,313.03512573242188,311.822509765625,306.00857543945312,301.68768310546875,303.58554077148438,296.41433715820312,305.62399291992188,311.0513916015625,310.93814086914062,314.39437866210938,210.93205261230469,0.12408009171485901,0.17032709717750549,0.99572241306304932,0.43473690748214722,0.22221487760543823,0.91573476791381836
2025-05-02 15:30:00,107.01848602294922,322.56796264648438,847236,6995.6201171875,40587.5,165061.53125,113.59895324707031,106.03793334960938,106.48963928222656,109.02336120605469,105.25823211669922,101.99040222167969,94.2181396484375,105.27658081054688,105.85427093505859,108.40331268310547,110.3087158203125,108.24129486083984,108.2862548828125,106.45757293701172,107.12320709228516,103.93968200683594,101.28050994873047,102.72278594970703,101.59548950195312,103.62551879882812,104.16890716552734,324.531005859375,312.11416625976562,306.89874267578125,303.74612426757812,294.44244384765625,286.41082763671875,286.69097900390625,300.35150146484375,333.77114868164062,321.57266235351562,323.54946899414062,316.8482666015625,316.5279541015625,309.68844604492188,306.20733642578125,305.81875610351562,297.93243408203125,306.65090942382812,311.60287475585938,311.17794799804688,314.27767944335938,215.54946899414062,0.10332334041595459,0.19561928510665894,0.98296290636062622,0.37059047818183899,0.30865830183029175,0.96193975210189819
2025-05-02 15:45:00,107.13468170166016,324.1162109375,874946,6937.67578125,18650.388671875,167240.53125,107.01848602294922,113.59895324707031,106.03793334960938,106.48963928222656,105.28681182861328,104.27225494384766,94.769676208496094,107.87071228027344,102.73451232910156,107.55755615234375,107.07658386230469,107.79865264892578,108.447509765625,106.60803985595703,107.48101043701172,104.31555938720703,102.03021240234375,102.99017333984375,101.63751220703125,103.69786834716797,104.21473693847656,322.56796264648438,324.531005859375,312.11416625976562,306.89874267578125,295.63754272460938,289.720703125,284.48184204101562,302.91635131835938,330.53744506835938,323.26834106445312,323.34207153320312,319.75543212890625,320.83233642578125,312.89459228515625,310.50677490234375,307.97140502929688,299.2393798828125,307.70941162109375,312.21401977539062,311.4447021484375,314.2108154296875,216.98152160644531,0.084265202283859253,0.22221487760543823,0.96193975210189819,0.30865830183029175,0.40245485305786133,0.99039262533187866
2025-05-02 16:00:00,104.2259521484375,321.99908447265625,959142.9375,2215.909423828125,13157.455078125,163233.171875,107.13468170166016,107.01848602294922,113.59895324707031,106.03793334960938,109.02336120605469,105.25823211669922,93.907920837402344,107.41911315917969,96.44403076171875,105.33648681640625,105.68031311035156,106.36956787109375,107.99451446533203,106.07868957519531,107.35197448730469,104.30501556396484,102.64128112792969,103.06507110595703,101.65638732910156,103.70876312255859,104.29579925537109,324.1162109375,322.56796264648438,324.531005859375,312.11416625976562,303.74612426757812,294.44244384765625,281.194091796875,303.4691162109375,321.9254150390625,322.42218017578125,323.05764770507812,320.65289306640625,323.30355834960938,314.91781616210938,313.95135498046875,309.62173461914062,300.71627807617188,308.575439453125,312.51571655273438,311.66232299804688,314.21157836914062,217.77313232421875,0.066987305879592896,0.25,0.93301272392272949,0.25,0.5,1
2025-05-02 16:15:00,99.03131103515625,314.60906982421875,949708.5,2216.642578125,12143.9453125,143196.375,104.2259521484375,107.13468170166016,107.01848602294922,113.59895324707031,106.48963928222656,105.28681182861328,95.87762451171875,108.27322387695312,93.911666870117188,101.13303375244141,101.62863159179688,103.43426513671875,104.35260772705078,104.51260375976562,106.57003784179688,103.68458557128906,103.00883483886719,102.82060241699219,101.39341735839844,103.61231994628906,104.34912872314453,321.99908447265625,324.1162109375,322.56796264648438,324.531005859375,306.89874267578125,295.63754272460938,281.194091796875,305.38568115234375,314.8172607421875,317.21343994140625,318.3040771484375,318.2353515625,320.82308959960938,314.84921264648438,316.32278442382812,310.20846557617188,301.89718627929688,308.94110107421875,312.0784912109375,311.72308349609375,314.20941162109375,215.5777587890625,0.051563620567321777,0.27885565161705017,0.89667665958404541,0.19561928510665894,0.59754514694213867,0.99039262533187866
2025-05-02 16:30:00,100.75119781494141,308.83538818359375,928669.75,2196.683349609375,11978.3779296875,131641.8125,99.03131103515625,104.2259521484375,107.13468170166016,107.01848602294922,106.03793334960938,109.02336120605469,101.99040222167969,104.93215942382812,94.480094909667969,100.87847900390625,99.891258239746094,102.36103820800781,102.78578186035156,103.67673492431641,105.53601837158203,103.3394775390625,103.41715240478516,102.69518280029297,101.27739715576172,103.55332183837891,104.41445159912109,314.60906982421875,321.99908447265625,324.1162109375,322.56796264648438,312.11416625976562,303.74612426757812,286.41082763671875,300.55621337890625,308.85482788085938,311.62808227539062,311.72222900390625,314.47537231445312,317.38992309570312,313.5128173828125,316.95895385742188,310.04693603515625,303.28121948242188,308.93472290039062,311.28271484375,311.66354370117188,314.20919799804688,208.08419799804688,0.038060247898101807,0.30865830183029175,0.8535534143447876,0.14644661545753479,0.69134169816970825,0.96193975210189819
2025-05-02 16:45:00,98.118011474609375,308.59765625,908363.25,2177.655517578125,13335.673828125,135649.171875,100.75119781494141,99.03131103515625,104.2259521484375,107.13468170166016,113.59895324707031,106.48963928222656,104.27225494384766,99.073417663574219,93.930412292480469,99.038169860839844,99.434608459472656,100.66382598876953,100.5316162109375,102.44146728515625,104.48956298828125,102.72518920898438,103.62641906738281,102.41777801513672,101.18152618408203,103.44125366210938,104.45807647705078,308.83538818359375,314.60906982421875,321.99908447265625,324.1162109375,324.531005859375,306.89874267578125,289.720703125,292.79852294921875,306.48745727539062,309.6077880859375,308.71652221679688,312.12429809570312,313.51031494140625,312.42056274414062,317.17132568359375,309.87643432617188,304.7884521484375,308.91427612304688,310.51760864257812,311.600341796875,314.23117065429688,210.47964477539062,0.026534944772720337,0.33928024768829346,0.80438071489334106,0.10332334041595459,0.77778512239456177,0.91573476791381836
2025-05-02 17:00:00,105.40220642089844,316.05517578125,912101.375,6828.177734375,12267.3623046875,131641.8125,98.118011474609375,100.75119781494141,99.03131103515625,104.2259521484375,107.01848602294922,106.03793334960938,105.25823211669922,101.51908874511719,92.861488342285156,103.28086090087891,101.76010894775391,102.55918121337891,100.82568359375,103.09941101074219,104.41010284423828,103.04013061523438,104.34481811523438,102.59865570068359,101.24781799316406,103.481689453125,104.58870697021484,308.59765625,308.83538818359375,314.60906982421875,321.99908447265625,322.56796264648438,312.11416625976562,294.44244384765625,281.81082153320312,302.65054321289062,313.90606689453125,312.326416015625,313.6966552734375,312.02432250976562,313.22824096679688,317.6639404296875,310.60333251953125,306.96725463867188,309.34707641601562,309.82003784179688,311.69216918945312,314.37081909179688,210.65296936035156,0.017037093639373779,0.37059047818183899,0.75,0.066987305879592896,0.8535534143447876,0.8535534143447876
2025-05-02 17:15:00,105.97740173339844,321.3721923828125,966129.0625,7058.68408203125,11955.3466796875,136049.90625,105.40220642089844,98.118011474609375,100.75119781494141,99.03131103515625,107.13468170166016,113.59895324707031,105.28681182861328,102.46942138671875,94.543571472167969,105.07855224609375,105.68980407714844,103.92646789550781,102.56220245361328,103.73896026611328,103.45740509033203,103.38569641113281,104.97605133056641,102.80342102050781,101.32337188720703,103.53314971923828,104.70780944824219,316.05517578125,308.59765625,308.83538818359375,314.60906982421875,324.1162109375,324.531005859375,295.63754272460938,284.44219970703125,305.9736328125,318.88348388671875,318.71368408203125,316.76687622070312,313.71511840820312,315.03802490234375,317.26910400390625,311.87026977539062,309.4783935546875,310.07586669921875,309.35052490234375,311.89178466796875,314.53121948242188,215.39480590820312,0.0096073746681213379,0.40245485305786133,0.69134169816970825,0.038060247898101807,0.91573476791381836,0.77778512239456177
2025-05-02 17:30:00,105.34085083007812,321.44320678710938,888804.9375,7098.56005859375,12752.7998046875,128970.234375,105.97740173339844,105.40220642089844,98.118011474609375,100.75119781494141,104.2259521484375,107.01848602294922,109.02336120605469,98.885536193847656,113.50875854492188,105.25341796875,105.65912628173828,104.49221801757812,103.70961761474609,104.09494018554688,103.24770355224609,103.61571502685547,105.18545532226562,102.95720672607422,101.47470092773438,103.57041931152344,104.62272644042969,321.3721923828125,316.05517578125,308.59765625,308.83538818359375,321.99908447265625,322.56796264648438,303.74612426757812,278.97308349609375,337.93533325195312,320.5899658203125,321.40771484375,318.63739013671875,316.8670654296875,316.46139526367188,317.12850952148438,312.99649047851562,311.66790771484375,310.76480102539062,308.93905639648438,312.08871459960938,314.35943603515625,216.10235595703125,0.0042775571346282959,0.43473690748214722,0.6294095516204834,0.017037093639373779,0.96193975210189819,0.69134169816970825
2025-05-02 17:45:00,106.15936279296875,322.01626586914062,958793.875,2502.841552734375,10857.6318359375,135916.328125,105.34085083007812,105.97740173339844,105.40220642089844,98.118011474609375,99.03131103515625,107.13468170166016,106.48963928222656,101.8115234375,116.05926513671875,105.85737609863281,105.75010681152344,105.15907287597656,105.71995544433594,104.55369567871094,103.12578582763672,103.91496276855469,105.30339813232422,103.15127563476562,101.56850433349609,103.62380218505859,104.51959991455078,321.44320678710938,321.3721923828125,316.05517578125,308.59765625,314.60906982421875,324.1162109375,306.89874267578125,283.3291015625,341.54129028320312,321.54083251953125,321.729736328125,319.98895263671875,320.22171020507812,317.69580078125,316.86599731445312,314.05764770507812,313.6864013671875,311.44668579101562,308.46014404296875,312.29339599609375,314.15603637695312,215.85690307617188,0.0010705292224884033,0.46729844808578491,0.56526309251785278,0.0042775571346282959,0.99039262533187866,0.59754514694213867
2025-05-02 18:00:00,103.35540771484375,321.047607421875,919839.5,2296.235107421875,12497.9716796875,132710.4375,106.15936279296875,105.34085083007812,105.97740173339844,105.40220642089844,100.75119781494141,104.2259521484375,106.03793334960938,105.8260498046875,116.70973968505859,104.18939971923828,104.75738525390625,104.43760681152344,105.208251953125,104.28741455078125,103.0169677734375,103.84913635253906,105.18447113037109,103.16365051269531,101.5621337890625,103.61826324462891,104.3804931640625,322.01626586914062,321.44320678710938,321.3721923828125,316.05517578125,308.83538818359375,321.99908447265625,312.11416625976562,288.97021484375,342.56143188476562,321.21200561523438,321.53192138671875,320.41241455078125,321.46981811523438,318.44064331054688,316.7470703125,314.8800048828125,315.34921264648438,312.028564453125,307.9300537109375,312.47390747070312,313.93194580078125,217.69218444824219,0,0.5,0.5,0,1,0.5
2025-05-02 18:15:00,96.703842163085938,316.05355834960938,947480.25,0,12172.10546875,123827.453125,103.35540771484375,106.15936279296875,105.34085083007812,105.97740173339844,98.118011474609375,99.03131103515625,113.59895324707031,97.235343933105469,108.85054016113281,99.199028015136719,100.02962493896484,101.34410095214844,102.88986206054688,102.6021728515625,102.72603607177734,103.00851440429688,104.64803314208984,102.77214813232422,101.34790802001953,103.47570037841797,104.25396728515625,321.047607421875,322.01626586914062,321.44320678710938,321.3721923828125,308.59765625,314.60906982421875,324.531005859375,299.57745361328125,334.85055541992188,317.77304077148438,318.55056762695312,318.66888427734375,320.14016723632812,317.91018676757812,316.92764282226562,315.01806640625,316.62521362304688,312.27252197265625,307.3968505859375,312.54769897460938,313.73614501953125,219.34971618652344,0.0010705292224884033,0.53270155191421509,0.43473690748214722,0.0042775571346282959,0.99039262533187866,0.40245485305786133
2025-05-02 18:30:00,97.827293395996094,316.31298828125,994082.1875,152.44732666015625,9999.587890625,124829.3046875,96.703842163085938,103.35540771484375,106.15936279296875,105.34085083007812,105.40220642089844,100.75119781494141,107.01848602294922,100.84272766113281,112.87818145751953,98.284538269042969,97.26556396484375,99.9373779296875,101.011474609375,101.54108428955078,102.36054992675781,102.39895629882812,103.94828033447266,102.47245788574219,101.09746551513672,103.35923767089844,104.09719085693359,316.05355834960938,321.047607421875,322.01626586914062,321.44320678710938,316.05517578125,308.83538818359375,322.56796264648438,306.31143188476562,335.31497192382812,316.7996826171875,316.18328857421875,317.72653198242188,318.85760498046875,317.55526733398438,317.86233520507812,315.17041015625,317.41064453125,312.51739501953125,306.75958251953125,312.62533569335938,313.5382080078125,218.48570251464844,0.0042775571346282959,0.56526309251785278,0.37059047818183899,0.017037093639373779,0.96193975210189819,0.30865830183029175
2025-05-02 18:45:00,97.375801086425781,316.99896240234375,858877,197.83552551269531,17448.98046875,90766.71875,97.827293395996094,96.703842163085938,103.35540771484375,106.15936279296875,105.97740173339844,98.118011474609375,107.13468170166016,101.9039306640625,111.50642395019531,97.6787109375,97.601547241210938,98.912742614746094,98.815582275390625,100.61547088623047,102.26776885986328,101.80799865722656,103.37866973876953,102.16356658935547,100.97580718994141,103.23587036132812,103.94999694824219,316.31298828125,316.05355834960938,321.047607421875,322.01626586914062,321.3721923828125,308.59765625,324.1162109375,313.29608154296875,333.01443481445312,316.93252563476562,316.65597534179688,317.43548583984375,317.603271484375,317.431640625,318.91250610351562,315.38552856445312,318.04190063476562,312.78900146484375,306.45855712890625,312.71551513671875,313.37136840820312,219.62315368652344,0.0096073746681213379,0.59754514694213867,0.30865830183029175,0.038060247898101807,0.91573476791381836,0.22221487760543823
2025-05-02 19:00:00,100.083251953125,316.6085205078125,933881.8125,0,12212.193359375,89430.9453125,97.375801086425781,97.827293395996094,96.703842163085938,103.35540771484375,105.34085083007812,105.40220642089844,104.2259521484375,112.96297454833984,116.74427032470703,99.28173828125,98.729522705078125,99.380950927734375,97.997543334960938,100.49720001220703,101.60289764404297,101.60508728027344,103.00650024414062,102.03749084472656,100.99775695800781,103.17086791992188,103.77644348144531,316.99896240234375,316.31298828125,316.05355834960938,321.047607421875,321.44320678710938,316.05517578125,321.99908447265625,323.27288818359375,347.27609252929688,316.71652221679688,316.80374145507812,317.10470581054688,316.49349975585938,317.24871826171875,318.98165893554688,315.5294189453125,318.32281494140625,313.02047729492188,306.65631103515625,312.7957763671875,313.05191040039062,216.5252685546875,0.017037093639373779,0.6294095516204834,0.25,0.066987305879592896,0.8535534143447876,0.14644661545753479
2025-05-02 19:15:00,101.56784057617188,318.45889282226562,939870.25,137.29067993164062,7486.908203125,71130.65625,100.083251953125,97.375801086425781,97.827293395996094,96.703842163085938,106.15936279296875,105.97740173339844,99.03131103515625,114.20176696777344,117.28305053710938,100.80580902099609,100.82554626464844,100.25570678710938,99.213546752929688,100.73511505126953,101.05170440673828,101.60070037841797,102.25455474853516,102.00902557373047,101.24948883056641,103.13780975341797,103.61273956298828,316.6085205078125,316.99896240234375,316.31298828125,316.05355834960938,322.01626586914062,321.3721923828125,314.60906982421875,314.53826904296875,347.30181884765625,317.87811279296875,317.53372192382812,317.64639282226562,317.0948486328125,317.51763916015625,318.61749267578125,315.87405395507812,317.94329833984375,313.35009765625,307.17880249023438,312.91256713867188,312.75146484375,216.89106750488281,0.026534944772720337,0.66071975231170654,0.19561928510665894,0.10332334041595459,0.77778512239456177,0.084265202283859253
2025-05-02 19:30:00,100.24785614013672,322.7784423828125,944733.5,142.91697692871094,6867.11328125,62514.8359375,101.56784057617188,100.083251953125,97.375801086425781,97.827293395996094,103.35540771484375,105.34085083007812,100.75119781494141,103.69163513183594,118.10810852050781,100.433837890625,100.90784454345703,100.2525634765625,99.818687438964844,100.62683868408203,100.41507720947266,101.44154357910156,101.83139038085938,101.90229034423828,101.55594635009766,103.07822418212891,103.42669677734375,318.45889282226562,316.6085205078125,316.99896240234375,316.31298828125,321.047607421875,321.44320678710938,308.83538818359375,304.92022705078125,347.57403564453125,321.14498901367188,320.61868286132812,319.69921875,318.71121215820312,318.68670654296875,318.78439331054688,316.68634033203125,317.95645141601562,313.9215087890625,307.9444580078125,313.115966796875,312.4931640625,222.53057861328125,0.038060247898101807,0.69134169816970825,0.14644661545753479,0.14644661545753479,0.69134169816970825,0.038060247898101807
2025-05-02 19:45:00,99.935333251953125,321.32254028320312,919065.125,0,6060.3681640625,55168.00390625,100.24785614013672,101.56784057617188,100.083251953125,97.375801086425781,96.703842163085938,106.15936279296875,98.118011474609375,105.78994750976562,118.14883422851562,100.10150146484375,100.09159088134766,100.12567138671875,100.45857238769531,100.47316741943359,99.637077331542969,101.26434326171875,101.38143157958984,101.7830810546875,101.70581817626953,103.013427734375,103.23696899414062,322.7784423828125,318.45889282226562,316.6085205078125,316.99896240234375,316.05355834960938,322.01626586914062,308.59765625,304.55950927734375,347.3824462890625,321.26336669921875,322.05047607421875,320.34854125976562,319.7921142578125,319.2724609375,318.69769287109375,317.23178100585938,317.7818603515625,314.37005615234375,308.5106201171875,313.28518676757812,312.22171020507812,221.38720703125,0.051563620567321777,0.72114431858062744,0.10332334041595459,0.19561928510665894,0.59754514694213867,0.0096073746681213379
2025-05-02 20:00:00,98.859512329101562,322.43472290039062,934879.4375,0,22254.837890625,47019.703125,99.935333251953125,100.24785614013672,101.56784057617188,100.083251953125,97.827293395996094,103.35540771484375,105.40220642089844,103.62193298339844,119.43215942382812,99.273506164550781,99.397422790527344,99.619209289550781,100.15263366699219,100.11457824707031,99.075088500976562,100.98142242431641,101.04602813720703,101.60589599609375,101.84365844726562,102.92778015136719,103.02267456054688,321.32254028320312,322.7784423828125,318.45889282226562,316.6085205078125,316.31298828125,321.047607421875,316.05517578125,312.34490966796875,350.520263671875,322.04428100585938,321.87863159179688,321.18301391601562,321.2486572265625,319.97518920898438,318.87109375,317.8438720703125,317.80908203125,314.85882568359375,309.26266479492188,313.47381591796875,311.92916870117188,223.57521057128906,0.066987305879592896,0.75,0.066987305879592896,0.25,0.5,0
2025-05-02 20:15:00,98.22515869140625,323.82650756835938,904755.5,181.61373901367188,22954.638671875,33995.78125,98.859512329101562,99.935333251953125,100.24785614013672,101.56784057617188,97.375801086425781,96.703842163085938,105.97740173339844,107.44632720947266,115.17532348632812,98.574607849121094,98.542335510253906,99.06158447265625,99.316963195800781,99.694709777832031,99.265251159667969,100.65715789794922,100.99564361572266,101.4010009765625,102.00224304199219,102.83081817626953,102.84610748291016,322.43472290039062,321.32254028320312,322.7784423828125,318.45889282226562,316.99896240234375,316.05355834960938,321.3721923828125,328.5999755859375,346.6622314453125,323.232421875,323.130615234375,322.24041748046875,322.59054565429688,320.83102416992188,319.84271240234375,318.5477294921875,318.38516235351562,315.40231323242188,310.14117431640625,313.68728637695312,311.6912841796875,225.60133361816406,0.084265202283859253,0.77778512239456177,0.038060247898101807,0.30865830183029175,0.40245485305786133,0.0096073746681213379
2025-05-02 20:30:00,97.802162170410156,323.5830078125,897791.25,0,23035.14453125,33119.171875,98.22515869140625,98.859512329101562,99.935333251953125,100.24785614013672,100.083251953125,97.827293395996094,105.34085083007812,104.46382141113281,114.58515930175781,98.059646606445312,98.013656616210938,98.557815551757812,98.705543518066406,99.274139404296875,99.262115478515625,100.32127380371094,100.81133270263672,101.18289184570312,102.11424255371094,102.72713470458984,102.67128753662109,323.82650756835938,322.43472290039062,321.32254028320312,322.7784423828125,316.6085205078125,316.31298828125,321.44320678710938,334.3011474609375,343.11517333984375,323.46612548828125,323.70474243164062,322.77743530273438,322.79168701171875,321.44256591796875,320.75143432617188,319.14010620117188,319.306884765625,315.89810180664062,311.29403686523438,313.89132690429688,311.48782348632812,225.78083801269531,0.10332334041595459,0.80438071489334106,0.017037093639373779,0.37059047818183899,0.30865830183029175,0.038060247898101807
2025-05-02 20:45:00,92.907722473144531,303.4693603515625,854779.375,0,18891.802734375,32910.453125,97.802162170410156,98.22515869140625,98.859512329101562,99.935333251953125,101.56784057617188,97.375801086425781,106.15936279296875,101.18588256835938,117.27598571777344,94.625030517578125,95.354942321777344,96.297775268554688,96.948638916015625,97.859382629394531,98.703605651855469,99.449089050292969,100.48568725585938,100.68136596679688,102.05605316162109,102.52467346191406,102.41744995117188,323.5830078125,323.82650756835938,322.43472290039062,321.32254028320312,318.45889282226562,316.99896240234375,322.01626586914062,333.08071899414062,343.22723388671875,310.13494873046875,313.52618408203125,315.05419921875,318.32839965820312,317.44851684570312,319.06024169921875,317.29647827148438,318.98635864257812,315.14486694335938,311.88742065429688,313.67645263671875,311.07369995117188,210.5616455078125,0.12408009171485901,0.82967293262481689,0.0042775571346282959,0.43473690748214722,0.22221487760543823,0.084265202283859253
2025-05-02 21:00:00,94.58990478515625,288.71533203125,830335.5625,206.52708435058594,27752.34765625,34129.359375,92.907722473144531,97.802162170410156,98.22515869140625,98.859512329101562,100.24785614013672,100.083251953125,103.35540771484375,103.28083038330078,102.69209289550781,94.601615905761719,93.748809814453125,95.614631652832031,95.881233215332031,97.132827758789062,98.016937255859375,98.877418518066406,99.809921264648438,100.31218719482422,102.07736968994141,102.36106872558594,102.33305358886719,303.4693603515625,323.5830078125,323.82650756835938,322.43472290039062,322.7784423828125,316.6085205078125,321.047607421875,338.37777709960938,326.26382446289062,295.85519409179688,296.09234619140625,304.51864624023438,309.8985595703125,311.06338500976562,315.5736083984375,313.93399047851562,317.27761840820312,313.54306030273438,312.1224365234375,313.16177368164062,310.68255615234375,194.12542724609375,0.14644661545753479,0.8535534143447876,0,0.5,0.14644661545753479,0.14644661545753479
2025-05-02 21:15:00,93.846855163574219,277.51602172851562,845736.625,0,10968.876953125,38403.87890625,94.58990478515625,92.907722473144531,97.802162170410156,98.22515869140625,99.935333251953125,101.56784057617188,96.703842163085938,103.55973815917969,101.96556091308594,94.098442077636719,94.2183837890625,94.907516479492188,94.786659240722656,96.402610778808594,97.051811218261719,98.285591125488281,99.0517578125,99.92034912109375,102.01390838623047,102.18551635742188,102.24848175048828,288.71533203125,303.4693603515625,323.5830078125,323.82650756835938,321.32254028320312,318.45889282226562,316.05355834960938,336.39602661132812,324.12457275390625,283.62908935546875,283.11566162109375,293.71759033203125,298.3209228515625,303.6083984375,310.45574951171875,309.6495361328125,314.53662109375,311.359619140625,312.00750732421875,312.42681884765625,310.19705200195312,183.66915893554688,0.17032709717750549,0.87591993808746338,0.0042775571346282959,0.56526309251785278,0.084265202283859253,0.22221487760543823
2025-05-02 21:30:00,93.234214782714844,280.49517822265625,861199.875,159.0986328125,19651.353515625,41743.34375,93.846855163574219,94.58990478515625,92.907722473144531,97.802162170410156,98.859512329101562,100.24785614013672,97.827293395996094,100.49826049804688,99.359230041503906,93.522293090820312,93.540534973144531,94.238197326660156,93.644676208496094,95.698524475097656,96.17510986328125,97.691314697265625,98.295097351074219,99.515129089355469,101.74027252197266,102.00095367431641,102.18468475341797,277.51602172851562,288.71533203125,303.4693603515625,323.5830078125,322.43472290039062,322.7784423828125,316.31298828125,334.61029052734375,319.43643188476562,281.53982543945312,279.005615234375,288.42861938476562,287.54898071289062,298.47213745117188,305.17031860351562,306.2196044921875,311.97735595703125,309.48904418945312,311.8226318359375,311.7684326171875,309.79141235351562,187.26097106933594,0.19561928510665894,0.89667665958404541,0.017037093639373779,0.6294095516204834,0.038060247898101807,0.30865830183029175
2025-05-02 21:45:00,93.234214782714844,279.5035400390625,880295.1875,0,9418.03515625,53030.74609375,93.234214782714844,93.846855163574219,94.58990478515625,92.907722473144531,98.22515869140625,99.935333251953125,97.375801086425781,103.15763854980469,104.64916229248047,93.330238342285156,93.234214782714844,93.836601257324219,93.726295471191406,95.150901794433594,95.337471008300781,97.166946411132812,97.487274169921875,99.13446044921875,101.39533233642578,101.82019805908203,102.06577301025391,280.49517822265625,277.51602172851562,288.71533203125,303.4693603515625,323.82650756835938,321.32254028320312,316.99896240234375,337.341552734375,318.94754028320312,280.18231201171875,279.99935913085938,284.85858154296875,281.55752563476562,294.25689697265625,299.94296264648438,303.0765380859375,309.3203125,307.67172241210938,311.50335693359375,311.10317993164062,309.38052368164062,186.26931762695312,0.22221487760543823,0.91573476791381836,0.038060247898101807,0.69134169816970825,0.0096073746681213379,0.40245485305786133
2025-05-02 22:00:00,95.221420288085938,284.63885498046875,848672.5,0,6329.45751953125,69594.5078125,93.234214782714844,93.234214782714844,93.846855163574219,94.58990478515625,97.802162170410156,98.859512329101562,100.083251953125,103.55917358398438,105.97078704833984,94.591026306152344,94.227813720703125,94.390533447265625,93.884178161621094,95.166572570800781,94.882705688476562,96.938064575195312,96.978897094726562,98.897308349609375,101.08168792724609,101.68413543701172,101.95380401611328,279.5035400390625,280.49517822265625,277.51602172851562,288.71533203125,323.5830078125,322.43472290039062,316.6085205078125,338.0107421875,318.04705810546875,283.1533203125,282.07119750976562,284.77069091796875,280.53839111328125,292.11953735351562,295.21847534179688,300.90740966796875,307.04476928710938,306.27578735351562,311.19699096679688,310.55752563476562,309.03253173828125,189.41743469238281,0.25,0.93301272392272949,0.066987305879592896,0.75,0,0.5
2025-05-02 22:15:00,94.53338623046875,286.96429443359375,884221.875,0,15915.4111328125,73134.34375,95.221420288085938,93.234214782714844,93.234214782714844,93.846855163574219,92.907722473144531,98.22515869140625,101.56784057617188,103.55917358398438,103.3218994140625,94.552604675292969,94.877403259277344,94.447677612304688,94.055809020996094,95.025863647460938,94.421234130859375,96.655158996582031,96.843246459960938,98.632827758789062,100.74564361572266,101.53669738769531,101.86225891113281,284.63885498046875,279.5035400390625,280.49517822265625,277.51602172851562,303.4693603515625,323.82650756835938,318.45889282226562,333.11553955078125,319.16693115234375,285.6939697265625,285.80157470703125,285.64813232421875,282.90048217773438,290.97393798828125,290.61068725585938,299.26702880859375,305.2266845703125,305.10540771484375,310.92596435546875,310.071044921875,308.69708251953125,192.430908203125,0.27885565161705017,0.94843637943267822,0.10332334041595459,0.80438071489334106,0.0096073746681213379,0.59754514694213867
2025-05-02 22:30:00,95.62823486328125,300.71304321289062,893879.375,119.51508331298828,21086.69140625,97846.40625,94.53338623046875,95.221420288085938,93.234214782714844,93.234214782714844,94.58990478515625,97.802162170410156,100.24785614013672,105.84149169921875,101.36231994628906,95.269691467285156,95.080810546875,94.919898986816406,94.654312133789062,95.159721374511719,94.149497985839844,96.534347534179688,96.705802917480469,98.450736999511719,100.32704162597656,101.41487884521484,101.80252838134766,286.96429443359375,284.63885498046875,279.5035400390625,280.49517822265625,288.71533203125,323.5830078125,322.7784423828125,336.70556640625,319.48709106445312,295.70669555664062,293.83868408203125,291.67410278320312,287.95492553710938,293.13818359375,287.751953125,299.43716430664062,304.251708984375,304.83920288085938,310.8311767578125,309.87811279296875,308.50152587890625,205.08480834960938,0.30865830183029175,0.96193975210189819,0.14644661545753479,0.8535534143447876,0.038060247898101807,0.69134169816970825
2025-05-02 22:45:00,94.184295654296875,306.18463134765625,884684,143.62837219238281,19110.78515625,113541.8984375,95.62823486328125,94.53338623046875,95.221420288085938,93.234214782714844,93.846855163574219,92.907722473144531,99.935333251953125,101.268798828125,104.80390167236328,94.546096801757812,94.906265258789062,94.625656127929688,94.891838073730469,94.942962646484375,94.309066772460938,96.257865905761719,96.506332397460938,98.192161560058594,99.942497253417969,101.26579284667969,101.69190216064453,300.71304321289062,286.96429443359375,284.63885498046875,279.5035400390625,277.51602172851562,303.4693603515625,321.32254028320312,326.63223266601562,322.04803466796875,302.69198608398438,303.44882202148438,297.47830200195312,294.62521362304688,296.03738403320312,288.09136962890625,300.23098754882812,303.5758056640625,304.92074584960938,310.80886840820312,309.80194091796875,308.33627319335938,212.00033569335938,0.33928024768829346,0.97346508502960205,0.19561928510665894,0.89667665958404541,0.084265202283859253,0.77778512239456177
2025-05-02 23:00:00,94.498405456542969,317.73190307617188,916535.4375,0,30100.00390625,119953.671875,94.184295654296875,95.62823486328125,94.53338623046875,95.221420288085938,93.234214782714844,94.58990478515625,98.859512329101562,99.3809814453125,103.08023071289062,94.514305114746094,94.341346740722656,94.574752807617188,94.711082458496094,94.844169616699219,94.297630310058594,96.050872802734375,96.157279968261719,97.968299865722656,99.581893920898438,101.12625885009766,101.60250854492188,306.18463134765625,300.71304321289062,286.96429443359375,284.63885498046875,280.49517822265625,288.71533203125,322.43472290039062,310.27993774414062,322.55545043945312,312.71859741210938,311.958251953125,305.57974243164062,302.89846801757812,300.8583984375,291.71844482421875,302.2899169921875,303.64602661132812,305.69717407226562,310.98440551757812,309.9654541015625,308.28604125976562,223.23348999023438,0.37059047818183899,0.98296290636062622,0.25,0.93301272392272949,0.14644661545753479,0.8535534143447876
2025-05-02 23:15:00,94.731170654296875,326.76318359375,935827.875,0,25426.48046875,130840.34375,94.498405456542969,94.184295654296875,95.62823486328125,94.53338623046875,93.234214782714844,93.846855163574219,98.22515869140625,93.512229919433594,100.227294921875,94.658882141113281,94.614784240722656,94.637321472167969,94.760528564453125,94.819061279296875,94.408164978027344,95.895614624023438,95.729988098144531,97.772109985351562,98.992271423339844,100.99440002441406,101.54525756835938,317.73190307617188,306.18463134765625,300.71304321289062,286.96429443359375,279.5035400390625,277.51602172851562,323.82650756835938,301.739013671875,321.9444580078125,322.0816650390625,322.24752807617188,314.05313110351562,312.84817504882812,306.61502075195312,297.87432861328125,305.16912841796875,304.1650390625,306.97390747070312,311.05416870117188,310.31179809570312,308.33624267578125,232.03201293945312,0.40245485305786133,0.99039262533187866,0.30865830183029175,0.96193975210189819,0.22221487760543823,0.91573476791381836
2025-05-02 23:30:00,93.338760375976562,320.31185913085938,907295.125,138.16018676757812,28755.32421875,131174.28125,94.731170654296875,94.498405456542969,94.184295654296875,95.62823486328125,95.221420288085938,93.234214782714844,97.802162170410156,90.441253662109375,101.03132629394531,93.778800964355469,94.034965515136719,94.117897033691406,94.188156127929688,94.490104675292969,94.421234130859375,95.594810485839844,95.298171997070312,97.50341796875,98.564781188964844,100.83655548095703,101.46512603759766,326.76318359375,317.73190307617188,306.18463134765625,300.71304321289062,284.63885498046875,280.49517822265625,323.5830078125,298.27813720703125,321.86590576171875,320.90179443359375,323.53750610351562,316.55661010742188,317.74789428710938,309.65875244140625,302.85140991210938,306.95062255859375,304.0108642578125,307.78225708007812,310.98367309570312,310.51800537109375,308.32003784179688,226.97309875488281,0.43473690748214722,0.99572241306304932,0.37059047818183899,0.98296290636062622,0.30865830183029175,0.96193975210189819
2025-05-02 23:45:00,95.835174560546875,327.4046630859375,945104.5,0,11006.8828125,136183.484375,93.338760375976562,94.731170654296875,94.498405456542969,94.184295654296875,94.53338623046875,93.234214782714844,92.907722473144531,95.139404296875,95.038337707519531,95.14971923828125,94.586967468261719,94.8048095703125,94.600875854492188,94.789009094238281,94.746353149414062,95.623085021972656,95.041908264160156,97.402313232421875,98.211669921875,100.73342895507812,101.47342681884766,320.31185913085938,326.76318359375,317.73190307617188,306.18463134765625,286.96429443359375,279.5035400390625,303.4693603515625,303.20523071289062,315.63385009765625,325.23703002929688,323.85824584960938,320.89584350585938,323.05288696289062,313.602294921875,308.83905029296875,309.35696411132812,304.3909912109375,308.97149658203125,311.08642578125,310.86618041992188,308.44265747070312,231.56948852539062,0.46729844808578491,0.99892950057983398,0.43473690748214722,0.99572241306304932,0.40245485305786133,0.99039262533187866
